lon,lat,hazard_multi,slope_deg,hazard_banjir,hazard_gempabumi,hazard_longsor,hazard_tsunami,hazard_likuefaksi,hazard_gunungapi,road_dist_m,transit_dist_m,hospital_dist_m,pop_2km,pop_5km,amenities_2km,competitors_3km_hospital,competitors_5km_hospital,competitors_3km_mall,competitors_5km_mall,competitors_3km_entertainment,competitors_5km_entertainment,competitors_3km_housing,competitors_5km_housing,ikk,region,land_price,land_source
96.35482127514243,4.409975457656932,0.8350429071320428,1.5048418782930342,,0.8656943440437317,0.3333333432674408,,,,3069.448227315338,90411.08870329635,37666.1161760155,136.01850930601358,1322.8751836009324,0,0,0,0,0,0,0,0,0,93.95,Aceh Barat,,ZNT
96.4071063590727,4.588295202898325,1.0,4.354055794384669,,1.0,0.6666666865348816,,,,14107.843138710421,84464.05650453895,49552.841318904335,58.94904297403991,398.08157635480165,0,0,0,0,0,0,0,0,0,93.95,Aceh Barat,,ZNT
96.34690434531643,4.649482569946122,0.981182316939036,5.57665558940112,,0.8925870656967163,1.0,,,,10331.671850385019,83230.72306264435,55953.67045562014,55.942442232742906,361.25661767460406,0,0,0,0,0,0,0,0,0,93.95,Aceh Barat,,ZNT
96.65429651570975,3.8098199936656147,0.8601137465900845,0.06135362164641733,0.7283951044082642,0.9226273894309998,,,0.6660000085830688,,364.9475585815502,19899.250837816504,11599.716022759207,164.15965317189693,1307.3550004437566,0,0,0,0,0,0,0,0,0,95.1,Aceh Barat Daya,11500.0,ZNT
97.05487320320066,3.904503895891151,1.0,3.5097005401984944,,0.32184678316116333,1.0,,,,13173.063273987795,34060.642875355035,28163.709164181062,84.24833627417684,547.2170812897384,0,0,0,0,0,0,0,0,0,95.1,Aceh Barat Daya,,ZNT
97.01504935887313,3.759751188230987,1.0,22.33588275449899,,0.5587335824966431,1.0,,,,14193.905182346016,23215.572154740756,14858.67372572005,101.73491870239377,582.596702683717,0,0,0,0,0,0,0,0,0,95.1,Aceh Barat Daya,,ZNT
95.65688680185137,5.1894727828746445,0.9875347349378798,12.991292335453887,,1.0,0.6666666865348816,,,,4402.03443571757,51594.23945847705,38743.942674323895,250.2209605127573,1572.8195342347026,0,0,0,0,0,0,0,0,0,95.94,Aceh Besar,,ZNT
95.28061033543106,5.313128699581744,0.8684308263990614,1.9749468717030119,,0.5855826735496521,1.0,,,,484.74891711279747,25099.274249817838,23108.035484665616,526.0420213192701,5144.536267332733,0,0,0,0,0,0,0,0,0,95.94,Aceh Besar,46000.0,ZNT
95.19836727499401,5.5236662881831835,0.7431521448824141,5.967001649020193,,0.408812552690506,1.0,1.0,,,2053.5860985667614,12136.368300838565,10215.473451003858,512.609269797802,4231.075843274593,0,0,0,0,0,0,0,0,0,95.94,Aceh Besar,30000.0,ZNT
95.61798808694661,5.1058291907021935,1.0,11.47767961644433,,0.8709072470664978,1.0,,,,14512.092924496277,52663.50479038643,47507.1387721512,84.5945727750659,707.6685902886093,0,0,0,0,0,0,0,0,0,97.37,Aceh Jaya,,ZNT
95.82057231041665,4.644429297316698,0.677832841873169,2.2802141444655066,,0.7179087400436401,0.6666666865348816,,,,7672.555575595877,27691.665138744316,24970.681932089115,39.937969701364636,296.4719320368022,0,0,0,0,0,0,0,0,0,97.37,Aceh Jaya,,ZNT
95.8068905930093,4.4913591737004905,0.8838674823443095,0.42430453706696275,,0.9354116916656494,,,0.6410907506942749,,304.6789265685561,30620.82444990291,28381.45185825913,349.1969968304038,3153.2702044695616,0,0,0,0,0,0,0,1,1,97.37,Aceh Jaya,14000.0,ZNT
97.38442747829698,3.162888991144522,0.8922025097741021,3.4972579560813846,0.8518518805503845,0.7918170094490051,1.0,,,,148.26645893578336,60375.15992031065,28678.27644273701,1736.7775692939758,9273.280837506056,0,0,0,0,0,0,0,0,2,98.04,Aceh Selatan,3500.0,ZNT
97.58717799719079,3.030955494076529,0.9629629651705424,10.840875177154816,,0.6581665873527527,1.0,,,,5388.197472510157,86850.03873875625,55512.89815207495,230.15678914636374,1628.2556309327483,0,0,0,0,0,0,0,0,0,98.04,Aceh Selatan,,ZNT
97.55457658264207,3.1424030585945557,1.0,5.291621870939004,,0.5220473408699036,1.0,,,,9773.376617825375,76269.39007502902,46856.40451867061,146.56014851480722,969.9305706508458,0,0,0,0,0,0,0,0,0,98.04,Aceh Selatan,,ZNT
97.10807317682504,2.062283303018241,1.0,0.6962090424002539,,1.0,,,,,22204.14341908486,80557.04151102756,42567.68967231486,324.99489089101553,1043.922551780939,0,0,0,0,0,0,0,0,0,96.3,Aceh Singkil,,ZNT
97.8877244467052,2.285990345231832,0.95574951171875,0.007937394556866022,0.7777777910232544,0.9957467913627625,,,0.6660000085830688,,402.913905587872,8118.978555178117,41682.258721890765,2151.335468441248,8647.275606006384,0,0,0,0,0,0,0,0,1,96.3,Aceh Singkil,9000.0,ZNT
98.09524001772694,2.4290780855849485,0.7531511584917704,3.2983888841203792,,0.8225576877593994,0.3333333432674408,,,,1151.8342502879484,35579.38853751172,25576.577157901917,653.778182387352,4024.0731948167086,0,0,0,0,0,0,0,0,0,96.3,Aceh Singkil,9500.0,ZNT
98.15964832441848,4.365271077564001,0.7487217783927917,0.20384839740127397,0.8271604776382446,0.09378030896186829,,,0.4641716778278351,,144.8572038443342,18585.367643550922,8403.776431995257,2508.6000912189484,13747.712241530418,0,0,0,0,0,0,0,2,2,94.52,Aceh Tamiang,6000.0,ZNT
97.97146673586593,4.070136659248834,0.66334025727378,0.3377382097377584,0.8148148059844971,0.5097751021385193,,,,,93.78295986359825,16128.825419760464,25393.130107959147,592.567190900445,5116.299407303333,0,0,0,0,0,0,0,0,1,94.52,Aceh Tamiang,9000.0,ZNT
97.97513153179142,4.0237551800934135,0.6026985910203722,0.5057153577818139,,0.40339234471321106,,,,,149.22282915414473,15941.800793667158,30155.263096155806,551.202677205205,3584.033711746335,0,0,0,0,0,0,0,1,1,94.52,Aceh Tamiang,10000.0,ZNT
96.59963969354531,4.6250172662248,0.9855132169193692,11.229857108645058,,0.8746908903121948,1.0,,,,501.5192777111082,70550.70572359356,27952.629728540407,760.4517356157303,3978.3348581939936,1,0,0,0,0,0,0,0,1,99.27,Aceh Tengah,,ZNT
96.4563539663411,4.843893081312383,1.0,11.554422579196935,,0.43269190192222595,1.0,,,,9814.792873784383,59219.10460698922,38752.82654544038,132.41069569811225,799.4355811476707,0,0,0,0,0,0,0,0,0,99.27,Aceh Tengah,,ZNT
96.73954533398918,4.662961675323756,0.7020170489947001,5.0268542309006685,,0.7186171412467957,,,,,123.6733395408294,62030.556549664856,12767.02006472713,1511.6326794624329,9673.20498740673,0,0,0,0,0,0,0,0,1,99.27,Aceh Tengah,16210.0,ZNT
97.68672018832379,3.4613950407597494,0.7355732023715973,6.201246592582022,,0.8399161100387573,0.3333333432674408,,,,7819.2013651633515,76896.73643536745,50351.08033216816,255.56991225481033,1836.323618337512,0,0,0,0,0,0,0,0,0,95.77,Aceh Tenggara,,ZNT
97.68422171790847,3.2120843029258346,0.9150791499349806,9.58553394498128,,0.5307816863059998,1.0,,,,19618.089096366293,84634.14785472365,58972.05730578893,142.82709811627865,921.324041865766,0,0,0,0,0,0,0,0,0,95.77,Aceh Tenggara,,ZNT
97.69232912358244,2.945419931978399,0.8024367822541131,7.8963550794196005,,0.8958625793457031,0.699703574180603,,,,5439.156348761299,76058.31069167318,46560.93800799831,230.7069791406393,1799.9921502918005,0,0,0,0,0,0,0,0,0,95.77,Aceh Tenggara,,ZNT
97.62896163129872,4.692796474018537,0.4578142828411526,5.612241942392447,0.5873016119003296,0.2519206702709198,0.3333333432674408,,,,3674.419454696786,37801.55152118064,42071.323439433436,115.02528044953942,931.3623504042625,0,0,0,0,0,0,0,0,0,94.87,Aceh Timur,,ZNT
97.61882360898278,4.447974792010877,0.9680846929550171,8.985971331592552,,0.2725111246109009,1.0,,,,7076.61943976793,53326.08651692816,36769.976363078385,84.31334774568677,659.42772179842,0,0,0,0,0,0,0,0,0,94.87,Aceh Timur,,ZNT
97.50956702975813,4.725586613762721,0.7428827219539218,1.2016184040985647,,0.1007118821144104,1.0,,,,4156.165973728942,26231.77728323821,36430.045302199556,171.8263263180852,1618.8515706583858,0,0,0,0,0,0,0,0,0,94.87,Aceh Timur,,ZNT
97.38869068741765,5.206696799799882,0.7512247628635831,0.011885480744452389,1.0,0.0597696378827095,,0.8579046130180359,0.676638662815094,,78.42782492763173,31972.698013910333,11740.162682684546,1373.3412292003632,8564.835830152035,0,0,0,0,0,0,0,0,2,99.95,Aceh Utara,49371.0,ZNT
96.88828013877489,5.022654268014432,0.3964032034079234,3.9572235035255123,,0.2712741494178772,0.6666666865348816,,,,1462.146283248392,21531.821456797934,27770.57828070261,369.8884326070547,2932.0054529607296,0,0,0,0,0,0,0,0,0,99.95,Aceh Utara,,ZNT
96.86517709539562,5.086240903800378,0.40001962582270306,1.8554927700015047,,0.18223309516906738,0.6666666865348816,,,,256.76993281311627,14088.93324847042,21424.3623372096,1094.145991653204,8143.054829925299,0,0,0,0,0,0,0,0,0,99.95,Aceh Utara,,ZNT
95.34990391527248,5.587243374766332,1.0,0.09352250396086924,0.9259259104728699,0.9912952184677124,,1.0,0.6660000085830688,,34.74918513568283,3447.729536376706,1379.9307165659038,12129.688766002655,87267.58200836182,14,2,3,17,42,0,0,3,23,95.75,Banda Aceh,500000.0,ZNT
95.3326558423166,5.550077443952195,0.9189132319556342,0.029381381450543663,0.8765432238578796,0.9748391509056091,,,0.6660000085830688,,2.346146708378987,1437.1639603294864,923.9665270452866,43914.8067817688,170028.71668243408,123,4,11,59,76,0,0,24,31,95.75,Banda Aceh,9161000.0,ZNT
95.30621046615279,5.563546305322825,1.0,0.15486305608303622,,0.702908992767334,,1.0,0.8751614093780518,,180.61763315003034,1332.957562370964,1613.7890773347572,22099.80028486252,123281.62860274315,62,2,10,33,62,0,0,17,27,95.75,Banda Aceh,250000.0,ZNT
97.00504007114844,4.701362075870486,1.0,21.60303660161531,,0.2512141168117523,1.0,,,,1448.6060773807085,47605.457598464054,11754.992979786755,431.0566019266844,3271.6570548042655,0,0,0,0,0,0,0,0,0,98.35,Bener Meriah,2500.0,ZNT
97.1748073485196,4.839285711143247,0.7687955730491214,10.226582789624347,,0.27290600538253784,1.0,,,,8531.706985501089,23878.2285804027,31128.968077690926,152.9143688902259,1173.9793923050165,0,0,0,0,0,0,0,0,0,98.35,Bener Meriah,,ZNT
97.15789271001819,4.680031767026494,1.0,9.851890486124825,,0.12471850216388702,1.0,,,,1308.538027507815,35864.89421927252,28525.21771669496,311.2733242958784,3190.34384239465,0,0,0,0,0,0,0,0,0,98.35,Bener Meriah,2500.0,ZNT
96.41713041767098,4.959445453909692,1.0,16.870454529870827,,0.3045562207698822,1.0,,,,15512.642949809091,54898.89480912237,27109.60677168097,158.3331611827016,962.2132449895144,0,0,0,0,0,0,0,0,0,96.51,Bireuen,,ZNT
96.68388690531914,5.228528164636825,0.8430472612380981,0.329592716142091,,0.39298439025878906,,0.8967181444168091,0.8799735903739929,,30.30958513207242,17788.64738028142,3693.026635861828,8718.95763015747,67156.34348297119,0,0,5,0,5,0,0,0,1,96.51,Bireuen,42000.0,ZNT
96.4429333204196,5.010164640841369,0.8459577229287889,12.763935458368842,,0.45889946818351746,1.0,,,,10675.399499991368,49680.1248721881,20866.837667771375,191.27484788000584,1233.4477078467607,0,0,0,0,0,0,0,0,0,96.51,Bireuen,,ZNT
97.32441579370278,3.7641254450276045,1.0,4.776483702959167,,0.5067234039306641,1.0,,,,12297.285229071225,43487.232114667575,27331.734762934335,68.1509415730834,436.8319597020745,0,0,0,0,0,0,0,0,0,97.2,Gayo Lues,,ZNT
96.88266831665226,4.089271371702163,0.9455602963765463,4.276783505881106,,0.8413626551628113,1.0,,,,6178.175226796181,41821.02337230268,28426.472368882423,92.32721604406834,633.1643798574805,0,0,0,0,0,0,0,0,0,97.2,Gayo Lues,,ZNT
96.87070652839574,3.984904764310599,0.9356078770425584,12.653927681768852,,0.6121208071708679,1.0,,,,559.5905447125517,30193.903239235617,21199.339861833185,131.59126260504127,955.1193734705448,0,0,0,0,0,0,0,0,0,97.2,Gayo Lues,,ZNT
98.0108771155315,4.495971804568736,0.8230452736218771,0.009875090302857603,0.8765432238578796,0.22431865334510803,,,0.237636998295784,,817.0741928728829,29046.037533550985,5422.794826431144,3117.9083203077316,50142.061119019985,0,0,0,0,0,0,0,0,2,91.85,Langsa,3000.0,ZNT
98.01494224088425,4.51996498028761,0.5667789015505049,0.06565879273660391,0.7777777910232544,0.23656576871871948,,0.04421554505825043,0.19601155817508698,,64.98654003046072,31624.48219734292,7534.816948126,3517.9045630693436,14783.427763134241,0,0,0,0,0,0,0,0,0,91.85,Langsa,14000.0,ZNT
97.9352614705944,4.481908418845991,0.26753710293107563,0.8180935083277635,,0.2886609137058258,,,,,9.733281969747834,30025.539067519378,1571.1959744560643,20125.016001939774,112137.58607262373,1,1,2,0,0,0,0,2,5,91.85,Langsa,27000.0,ZNT
97.06992015258996,5.228968908966549,0.8295298748546176,0.1438820932173684,0.7530864477157593,0.3865387737751007,,0.46004772186279297,0.6871981024742126,,37.83630473469391,2210.129439436222,2684.0243169638247,14265.88355064392,58445.20604968071,1,1,1,0,0,0,0,1,1,99.74,Lhokseumawe,2876000.0,ZNT
97.0976764055071,5.206817228424435,0.6666666865348816,0.9229539231753799,,0.14540913701057434,0.6666666865348816,,0.3678831160068512,,227.44916584333632,2364.326168437013,5216.959249381432,12909.284811735153,57281.84646677971,0,0,0,0,0,0,0,0,2,99.74,Lhokseumawe,159500.0,ZNT
97.06166616328386,5.166641630454847,0.9725651674800448,0.126769751879931,1.0,0.2926662266254425,,,0.46175867319107056,,167.27203010263054,5117.933984788576,5725.311325821416,2218.5426728129387,27831.40456676483,0,0,0,0,0,0,0,0,0,99.74,Lhokseumawe,114000.0,ZNT
96.57265183499943,4.504567879070009,1.0,7.692796407257687,,1.0,1.0,,,,2679.924722726657,84101.84177969115,34212.62398577444,201.21603647619486,1348.0299954861403,0,0,0,0,0,0,0,0,0,95.42,Nagan Raya,,ZNT
96.57081250576022,4.0977921111834705,0.44252898295720416,4.281449111688119,,0.5469328761100769,0.3333333432674408,,,,2421.4136409147263,49634.46989207887,21109.010371514218,318.0265434458852,2470.2762218117714,0,0,0,0,0,0,0,0,0,95.42,Nagan Raya,13000.0,ZNT
96.42605014426022,4.109687506149369,0.5598322682910495,0.5367849866928579,,0.5789575576782227,,,,,583.9964350509453,60704.43568187258,33222.084640900954,619.394275918603,3993.351919963956,0,0,0,0,0,0,0,0,1,95.42,Nagan Raya,7000.0,ZNT
96.05332771872855,4.883458640506192,1.0,16.696533981157646,,1.0,1.0,,,,735.8341448183506,60197.320701722645,54489.65846882264,2122.292971968651,9682.603033095598,0,0,0,0,0,0,0,0,0,93.91,Pidie,6000.0,ZNT
95.89570043437314,5.337506876616234,0.9600847562154134,0.13355573517615288,1.0,0.9992759823799133,,,0.6660000085830688,,77.95853163333797,64704.74255372276,7667.7249057294175,5368.834931612015,34041.887678444386,1,0,0,0,0,0,0,1,3,93.91,Pidie,44000.0,ZNT
95.83004073111134,5.409190267528745,0.8315376242001852,1.053973865018624,0.7283951044082642,0.9835948944091797,,,0.6660000085830688,,134.09414714184098,55388.39205042516,14589.032738834929,2643.5977506041527,14670.058956354856,0,0,0,0,0,0,0,0,0,93.91,Pidie,39000.0,ZNT
96.03967116128429,5.140103470441553,0.7060104939672682,6.4861424880172285,,0.7943862080574036,0.6666666865348816,,,,1174.174929578087,76532.84009373454,26485.01935200948,429.8240201175213,3466.305697478354,0,0,0,0,0,0,0,0,0,93.0,Pidie Jaya,,ZNT
96.25815015218055,5.062790929986698,0.8199365536371866,8.583188567645573,,0.433388352394104,1.0,,,,6975.73572527645,66899.08658396643,29941.55450892171,712.7254564762115,3791.601473197341,0,0,0,0,0,0,0,0,0,93.0,Pidie Jaya,,ZNT
96.13182569580178,5.106198801350576,0.9086446762084961,14.940879681641002,,0.5527449250221252,1.0,,,,5881.922805097894,79680.28986172419,34484.979513750615,209.56434758007526,1735.167868964374,0,0,0,0,0,0,0,0,0,93.0,Pidie Jaya,,ZNT
95.33399975299079,5.787577981417214,0.9965681301222907,10.90798308816009,,0.9979719519615173,1.0,,,0.25,407.6192317068187,4540.333135832253,11758.365319043543,1921.6486381292343,6899.386598646641,0,0,0,0,0,0,0,0,0,102.83,Sabang,143130.5,ZNT
95.31959391544977,5.812786451210273,0.9993176725175645,4.086149262442483,,1.0,1.0,,,0.4000000059604645,1071.6671070974783,3387.4544845026007,8939.516000461708,1884.1524169445038,14271.478107959032,0,0,0,0,0,0,0,0,0,102.83,Sabang,143130.5,ZNT
95.30792814667689,5.833496557865237,0.9791323807504442,3.5902800868303624,,0.9999961853027344,0.6666666865348816,,,0.10000000149011612,159.69225360227142,4400.178115032307,6883.945519911384,2747.417890071869,15947.940534055233,1,0,0,0,0,0,0,0,0,102.83,Sabang,254000.0,ZNT
96.12253452104788,2.6082074131392794,0.9977114465501573,1.3164357178865966,0.9555555582046509,0.9987944960594177,0.8238733410835266,,,,89.84547594308249,32296.365798396557,137630.8969815174,706.2377486228943,3412.375615850091,0,0,0,0,0,0,0,0,0,106.82,Simeulue,4000.0,ZNT
96.0280248650402,2.634411000354995,1.0,2.0427770321566285,,1.0,0.3333333432674408,,,,4131.906832643332,43044.68117719847,145032.1334518221,240.56121154874563,2691.3329270109534,0,0,0,0,0,0,0,0,0,106.82,Simeulue,,ZNT
96.2431589569837,2.4598178928231365,1.0,1.4635153173255553,0.4074074327945709,1.0,0.3333333432674408,,,,296.4016653912113,15678.7593773266,130647.08884896657,1154.1311183869839,3777.0317883342505,0,0,0,0,0,0,0,0,0,106.82,Simeulue,4000.0,ZNT
98.03782409836542,2.843721963623428,1.0,7.176362326051322,,0.6030340194702148,1.0,,,,2103.0593316518193,54640.602293574644,22322.21113520423,406.46523183584213,3181.6063623204827,0,0,0,0,0,0,0,0,0,96.89,Subulussalam,,ZNT
98.03369256558335,2.6413135473128215,0.8786538441975912,0.3185246713708448,0.8765432238578796,0.9398763179779053,,,,,166.06929625912608,47603.43575399149,2983.885383019585,4286.279477596283,25606.136410951614,7,1,2,1,1,0,0,12,14,96.89,Subulussalam,15000.0,ZNT
97.89409482693854,2.663491804631581,0.7870894405576918,0.5254391126335999,0.9166666865348816,0.8900160789489746,,,,,48.855226504622514,44321.20037594315,10612.181523396952,920.5419964492321,6192.840057790279,0,0,0,0,0,0,0,0,1,96.89,Subulussalam,8000.0,ZNT
115.24059683870128,-8.583316936821046,0.7966080440415276,0.5971987602398726,,0.6630156636238098,,,,,31.769010898620696,2767.8247482914217,2530.68305061351,24107.226422786713,225063.900493145,2,2,4,3,7,0,0,1,2,111.08,Badung,1847000.0,ZNT
115.21451092083922,-8.558134337281897,0.6812570161289639,0.376124967532262,0.8148148059844971,0.48634621500968933,,,,,48.41215179774191,3885.9416144538063,966.1336585857938,24430.270537376404,172718.0239124298,26,3,4,1,5,0,0,0,0,111.08,Badung,1138000.0,ZNT
115.20404125315605,-8.271588299574141,0.7503025664223565,7.588629238667047,,0.34515127539634705,1.0,,,,216.0484001213619,22017.094089037655,9567.30369248474,3720.7106763124466,29259.593059122562,0,0,0,0,3,0,0,0,0,111.08,Badung,127000.0,ZNT
115.25902668963154,-8.200098572549505,0.609498510758082,3.0264095867705083,,0.3924092948436737,0.6666666865348816,,,,233.87632315465737,19412.66471955269,2898.7781231645336,3291.365478992462,22745.270609796047,0,1,1,0,1,0,0,0,0,111.08,Bangli,78000.0,ZNT
115.36488046058392,-8.262905153075318,0.9727927578820122,2.362351717737928,,0.8812106251716614,,,,1.0,213.66885639437118,21338.867078052423,10973.85575289648,5171.834981441498,33924.05911886692,5,0,0,2,2,1,1,0,0,111.08,Bangli,383000.0,ZNT
115.33565337377826,-8.35601740590695,0.5858047438992394,2.525328541670476,,0.6021564602851868,,,,,8.159803872073475,11190.722758542326,11034.264835430631,5726.063438177109,36345.84162211418,1,0,0,0,0,0,0,0,1,111.08,Bangli,463000.0,ZNT
115.11478516216232,-8.174266682231082,0.416778145564927,3.665013822872123,,0.4487084150314331,0.6666666865348816,,,,61.130190726879185,7750.719397813873,5959.457056032638,7573.33617413044,51834.82007968426,3,0,0,1,1,0,0,0,0,109.12,Buleleng,486000.0,ZNT
114.52536977182122,-8.094894392853062,0.43682482093572617,0.9929863546500164,,0.1277424842119217,,0.5663716793060303,,,49.68481071146485,12200.544386589248,8943.303917790337,100.33998820185661,1002.1992456018925,0,0,0,0,0,0,0,0,0,109.12,Buleleng,,ZNT
114.57924627898876,-8.133555472812098,0.7362513873312209,0.47818520421509314,,0.4839397966861725,,,0.576856791973114,,16.16760565463631,15965.604357803595,1638.7459066799433,12473.163210868835,31260.235084831715,12,1,1,0,0,0,0,7,7,109.12,Buleleng,307500.0,ZNT
115.23507590086656,-8.62358960639912,0.8055867089165581,0.4868302970584639,,0.7144680619239807,,,,,3.985518295240122,208.24235704840837,2159.9606401015008,87990.58304977417,536140.9793577194,46,3,8,6,9,0,1,2,8,117.97,Denpasar,3874000.0,ZNT
115.1978627445624,-8.615872408109329,0.8395062022738986,0.6678313913608701,0.6111111044883728,0.6749476790428162,,,,,0.9002998364304299,307.2441612422867,3220.0449552559326,91810.7131652832,512029.7356853485,14,0,7,1,11,1,1,6,13,117.97,Denpasar,5235000.0,ZNT
115.24441489832617,-8.617712642228899,0.8024691210852729,0.7527301711671308,0.644444465637207,0.7406802177429199,,,,,21.117616403488682,827.0246820362566,1476.4953267248193,62130.58653450012,447843.39064884186,20,1,6,7,10,0,0,1,6,117.97,Denpasar,5371000.0,ZNT
115.33244679844044,-8.585187869150923,0.7340067293908861,1.1432454499224258,0.6296296715736389,0.6873117685317993,,,,,85.0307693621676,4891.6506235213255,1631.1681956274067,23241.821810245514,119550.84933042526,14,1,3,1,3,0,0,1,2,105.95,Gianyar,1835500.0,ZNT
115.26484149517805,-8.411229794781173,0.5306013392077552,2.437349698611666,,0.5278753042221069,0.6529999375343323,,,,26.733396653095642,8770.600861391566,8285.390253306437,7261.356835126877,55970.884132385254,3,0,0,0,2,0,0,0,3,105.95,Gianyar,798500.0,ZNT
115.23332305556632,-8.442730842442723,0.49807511104477775,1.54189445953793,,0.61412513256073,0.6956937909126282,,,,15.180086900622927,6252.376450046038,5474.834465749069,12081.699449300766,70440.38204336166,4,0,0,1,1,0,0,0,1,105.95,Gianyar,740000.0,ZNT
114.45301460040332,-8.195765234951327,0.8867067297299703,2.4119527289682776,,0.38387465476989746,,,,,314.7070856314845,4200.351698478797,9701.88674452268,3964.7451034784317,22939.086666703224,0,0,0,0,0,0,0,0,0,104.93,Jembrana,,ZNT
114.72210667097052,-8.252364848996786,1.0,13.437489477158325,,0.37914255261421204,1.0,,,,6436.1930505829005,14327.000947512557,15898.10295535155,515.9323863089085,4283.143227428198,0,0,0,0,0,0,0,0,0,104.93,Jembrana,,ZNT
114.63470642419975,-8.321623933737552,0.4037397371398078,2.155962757029433,,0.21760675311088562,0.3333333432674408,,,,88.96081316573225,26572.955793354347,3931.2846616174343,5514.447447061539,57674.39620476961,0,0,2,0,2,0,0,0,0,104.93,Jembrana,123000.0,ZNT
115.42838509347511,-8.499325198298902,0.5537246035204993,6.405899439983926,0.5555555820465088,0.6395540833473206,0.6666666865348816,,,0.20000000298023224,307.55038602158305,7588.777880801586,2502.083417503712,8509.196367740631,57620.4928150177,0,1,2,0,1,0,1,0,2,108.97,Karangasem,172000.0,ZNT
115.47954442478789,-8.433686031819084,0.7100885642899407,3.3284615225156347,,0.6641673445701599,,,,0.7000000476837158,273.9748271375978,10393.916257768606,6762.615290345237,7407.42155444622,32905.74702465534,4,0,0,0,1,0,0,0,0,108.97,Karangasem,153000.0,ZNT
115.52779558215482,-8.315849106528537,1.0,18.177472465615093,,0.361100435256958,1.0,,,1.0,1616.0208556836335,8304.487327277604,13642.231090718238,3202.6430048942566,20065.58197581768,0,0,0,0,0,0,0,0,0,108.97,Karangasem,71000.0,ZNT
115.4666970809244,-8.74026591643528,0.435927152633667,4.624197489095116,,0.4048323333263397,0.8392106890678406,,,,76.83818934066541,7117.356227331015,7555.473813877091,3122.483838200569,13961.551096081734,7,0,0,1,2,0,2,0,0,113.07,Klungkung,369000.0,ZNT
115.51642919305863,-8.704054090747828,0.3901269965701633,1.9572580460823945,,0.5496609210968018,0.3333333432674408,,,,162.6073121088779,4187.309358076938,3874.1163184407874,4769.9740421772,29285.97917342186,7,0,2,0,4,1,7,0,3,113.07,Klungkung,194000.0,ZNT
115.48480044044595,-8.737364835775386,0.3333333432674408,1.2900576523323815,,0.2910367548465729,0.3333333432674408,,,,274.20541897339854,6426.456567467941,6769.00215265011,4492.775093078613,19567.916954040527,13,0,0,1,1,0,1,0,0,113.07,Klungkung,368000.0,ZNT
115.0883372737089,-8.412928538599951,0.42654861675368416,3.3524915900603065,,0.4323015809059143,0.6666666865348816,,,,43.774529028561155,13866.257889675806,12310.859627588601,3138.827331662178,21154.952578425407,0,0,0,0,0,0,0,0,0,108.69,Tabanan,152000.0,ZNT
115.12767633692394,-8.380501979922458,0.6408523122469584,3.7740301593798047,,0.3565516471862793,0.6666666865348816,,,,20.12527357889799,17277.749095320014,7484.228648623102,4515.508362293243,28681.66086447239,6,0,0,0,0,0,0,0,1,108.69,Tabanan,698000.0,ZNT
115.11262354256203,-8.5114030529254,0.35852350460158455,0.7513844275668974,,0.39871805906295776,,,,,83.1150800482705,2647.6755585969645,3207.583158571675,9998.501266241074,97237.00984573364,2,0,4,0,0,0,0,3,3,108.69,Tabanan,467000.0,ZNT
106.08235466520419,-1.891769873089184,0.6237685514820946,3.0268670174165715,,0.0,,,,,33.07224505485142,6012.25342503628,3315.3860367872962,4526.699857890606,39128.17449748516,1,0,3,0,0,0,0,0,0,104.62,Bangka,172012.0,ZNT
105.90815844054072,-1.825275092046403,0.7960083352194892,0.07042189430438688,0.9047619104385376,0.0,,,,,2833.066452354407,23551.61630920162,13667.260787704805,257.76113502681255,2469.5020003840327,0,0,0,0,0,0,0,0,0,104.62,Bangka,,ZNT
105.87353543733036,-1.923262154411246,0.7299511962466769,0.546379506327915,,0.0,,,,,757.9156923241378,28363.628758292532,23029.124131486416,327.63674008846283,3293.160254046321,0,0,0,0,0,0,0,0,0,104.62,Bangka,,ZNT
105.60738802954373,-1.5990469367844349,0.8479860424995422,0.5242241230697567,0.7142857313156128,0.0,,,,,581.7419247859951,14359.095098305223,18967.306830054815,2116.265088915825,8001.9392928779125,0,0,0,0,0,0,0,0,0,104.54,Bangka Barat,12000.0,ZNT
105.73235329490878,-1.8349887609497586,0.667788995636834,0.4135422122051878,,0.0,,,,,1398.1519541553835,22797.380983680752,18377.100425042616,974.1060135066509,7216.322612315416,0,0,0,0,0,0,0,0,0,104.54,Bangka Barat,,ZNT
105.46067751843978,-1.6523861020244117,0.5352442330784268,1.2005064522465467,,0.0,,,,,437.6658017350539,30350.502638108577,34873.141003884266,839.235193490982,6895.7453989982605,0,0,0,0,0,0,0,0,0,104.54,Bangka Barat,,ZNT
106.26649132746344,-2.5856320431072914,0.6070683068699307,0.6267767303406095,,0.0,,,,,86.04680228956548,49593.62178857872,29533.79160768488,1301.7590731084347,6134.191113144159,0,0,0,0,0,0,0,0,0,104.05,Bangka Selatan,1000.0,ZNT
105.97361759944613,-2.582604809306078,0.512191954586241,3.5727232949411927,,0.0,0.6666666865348816,,,,1591.4752635792677,50988.51535889872,3995.9059736630634,1012.5491334795952,5612.471353277564,0,0,1,0,0,0,0,0,1,104.05,Bangka Selatan,,ZNT
106.26581793369823,-2.647800240098732,0.6609368986553616,0.8731524756438156,,0.0,,,,,2171.9233454454884,56254.394320277395,30895.373958980425,333.84424720704556,3012.194828942418,0,0,0,0,0,0,0,0,0,104.05,Bangka Selatan,1000.0,ZNT
105.91828251713012,-2.3746832824566813,0.6836359037293328,0.20273360012223027,0.7283951044082642,0.0,,,,,832.8864505367312,34862.64709700337,22631.55068039219,369.5861733853817,3316.9291412979364,0,0,0,0,0,0,0,0,0,104.08,Bangka Tengah,,ZNT
106.5986652929625,-2.5418386727911164,0.7792022559377882,0.24889969109207763,0.5802469253540039,0.0,,,,,10.375496860431628,53737.58665328563,49725.034066114335,1755.1849887371063,8599.995629906654,0,0,0,0,0,0,0,0,0,104.08,Bangka Tengah,,ZNT
106.17594994121652,-2.3515899251891583,0.6394071777661642,0.7343851714255603,0.8888888955116272,0.0,,,,,194.20814875305553,21953.128726440405,23686.964595707763,865.3926632702351,8665.575601577759,0,0,0,0,0,0,0,0,0,104.08,Bangka Tengah,6500.0,ZNT
107.77868739051809,-2.994566953980494,0.7182859579722086,0.3238783775156348,0.37037038803100586,0.0,,,,,2108.018444101167,28214.403489933193,32378.7109694139,297.874772131443,2766.2953042164445,0,0,0,0,0,0,0,0,0,102.93,Belitung,,ZNT
107.52432151156054,-3.2297482485396576,0.311098102066252,0.9624919079483031,0.5555555820465088,0.0,,,,,1105.4547374750287,32590.038641098294,55348.23039678493,312.3011190146208,947.2520949169993,0,0,0,0,0,0,0,0,0,102.93,Belitung,,ZNT
107.6284842612759,-2.945130137841154,0.738620764679379,0.3364621739420201,0.3333333432674408,0.0,,,,,200.00942184498186,10974.29056730081,22521.52513673879,1084.4222254753113,4782.317269966006,0,0,0,0,0,0,0,0,0,102.93,Belitung,,ZNT
108.15294999372492,-2.918260372426226,0.892248531182607,0.08290028912417685,0.9753086566925049,0.0,,,,,1201.2096601483943,17117.02333883001,10778.767064357315,517.6149491071701,4927.264918699861,0,0,0,0,0,0,0,0,0,105.17,Belitung Timur,3000.0,ZNT
108.12205662809673,-2.6366258259986366,0.5876044531663259,0.5185268710119993,,0.0,,,,,2173.440140882546,29935.081299201775,30423.344504407858,264.68241150677204,1668.2597132623196,0,0,0,0,0,0,0,0,0,105.17,Belitung Timur,,ZNT
107.86584362925717,-3.0484562171147016,0.7845296462376913,0.2213908672711211,0.9753086566925049,0.0,,,,,2990.984445362047,39340.24891507605,42650.82441229054,271.33838430047035,2471.826722353697,0,0,0,0,0,0,0,0,0,105.17,Belitung Timur,6000.0,ZNT
106.06514565521377,-2.1247198501855444,0.6974685059653388,0.47353606613735955,1.0,0.0,,,,,79.75950066523264,7771.930291582075,4208.170418223035,6049.431575596333,68448.24822244048,0,0,2,0,4,0,0,0,9,109.36,Pangkalpinang,259500.0,ZNT
106.17499073648212,-2.113575053726011,0.62213334441185,0.13202624204166347,,0.0,,,,,337.6914741147917,5335.42258895962,6408.324733695299,3953.363712310791,58321.244438648224,3,0,0,0,0,0,0,0,3,109.36,Pangkalpinang,460000.0,ZNT
106.08419081319651,-2.0982600000679748,0.6798852549658881,0.5656136407347663,0.7037037014961243,0.0,,,,,4.458243673541916,5053.586516502225,3047.5207694567894,9586.377023935318,100298.28062838316,0,0,4,0,5,0,0,2,11,109.36,Pangkalpinang,414000.0,ZNT
106.03863110953169,-5.950974817674339,0.9629629651705424,10.417798950119813,,0.1793813705444336,1.0,,,,45.64872342514527,4468.807594698013,7548.998735468347,13352.37870311737,132366.84097123146,0,0,0,0,0,0,0,0,2,90.32,Cilegon,90000.0,ZNT
106.00110569436976,-5.924832627316885,0.5239659978283776,2.400792731483957,,0.501010000705719,0.6666666865348816,0.7583349943161011,0.8996511697769165,,126.50251460719372,765.9862551946455,11749.427491401646,22849.991283416748,69304.55262732506,0,0,0,0,0,0,0,0,0,90.32,Cilegon,1430000.0,ZNT
106.0435196381895,-5.990635924004676,0.6709065900908576,0.9862266291715812,,0.540313720703125,0.3333333432674408,,,,37.190325334004,3104.3340547012153,3137.412305386671,40058.11940193176,226052.7658700943,6,0,1,2,4,0,0,1,6,90.32,Cilegon,1427000.0,ZNT
106.17064451407114,-6.063386746563172,0.7914951973491244,0.15121211248065097,0.395061731338501,0.5545326471328735,,,0.5614171624183655,,12.524352122116714,2858.386659686216,7742.439559421327,23098.444306850433,182576.98948645592,2,0,0,0,1,0,0,0,1,93.01,Kota Serang,165000.0,ZNT
106.20791695772127,-6.136965210030453,0.8119466106096903,0.24587240390297524,0.9259259104728699,0.5664095878601074,,,,,37.879171563043286,2081.657855034803,1941.9856596043235,46444.90699481964,273882.8399500847,1,1,2,0,0,0,0,0,2,93.01,Kota Serang,194000.0,ZNT
106.21309656017611,-6.1027109344784565,0.7785260147518582,0.14755213669350625,0.6790123581886292,0.606660783290863,,,,,80.2967710682238,2825.265819701976,3166.4890935068597,26782.969912052155,225932.4809885025,0,0,1,0,1,0,0,0,2,93.01,Kota Serang,188000.0,ZNT
106.70793564229001,-6.242738164226797,0.8989899158477783,0.10261899284723122,0.5308642387390137,0.4911453127861023,,,0.5775062441825867,,16.270272404171294,1998.0027462588407,1692.1577118112834,189934.6538848877,1127295.1532936096,20,4,18,5,18,0,0,7,21,97.89,Kota Tangerang,4330000.0,ZNT
106.66097019993131,-6.1286145559273475,0.8787878751754761,0.09789668010495109,0.8518518805503845,0.40431222319602966,,,0.530095636844635,,69.82870500588156,492.5324144278747,634.005994722278,141758.93659210205,937736.139591217,100,2,5,0,1,6,8,0,3,97.89,Kota Tangerang,2607000.0,ZNT
106.558749087715,-6.196931696340699,0.8963711261749268,0.21658346808799855,0.5555555820465088,0.41303011775016785,,,0.5462629199028015,,3.934103572926564,1771.6325891242343,2780.8422063829034,123951.3337097168,763600.9924678802,0,2,5,3,10,0,1,4,11,97.89,Kota Tangerang,3274000.0,ZNT
106.31088905584835,-6.491453246023781,0.6666666865348816,1.0182963063379589,,0.3374095559120178,0.6666666865348816,,,,83.24894088242121,14815.047471903186,14864.80670821181,3724.668722629547,29470.13826775551,0,0,0,0,0,0,0,0,0,86.99,Lebak,49222.0,ZNT
106.37617747882322,-6.38306517521829,0.6381511820687188,0.3313531628605395,,0.6490069627761841,,,,,227.68494614893265,2514.2071408752677,14670.086872430471,8820.050430774689,64180.64564061165,0,0,0,0,0,0,0,0,0,86.99,Lebak,50000.0,ZNT
106.35343005724323,-6.4290593577975415,0.5110540439685186,0.3028117442351607,0.7777777910232544,0.41312122344970703,0.3333333432674408,,,,179.57584800358566,8206.232492356148,14250.437153171817,5728.997807621956,44345.254566550255,0,0,0,0,0,0,0,0,0,86.99,Lebak,116000.0,ZNT
105.82245277166547,-6.827785412694205,0.6301373607582517,0.19440744249190117,0.7301587462425232,0.5496408939361572,,,0.5627301335334778,,13.845358005907523,48032.90341950357,21611.940820457658,6559.077555060387,28224.47046494484,0,0,0,0,0,0,0,0,0,83.53,Pandeglang,30000.0,ZNT
105.7349878631609,-6.701120139247784,0.7716652022467719,2.2783566509190796,,0.8624383807182312,0.3333333432674408,,,,424.4993353478448,37400.00132939654,31646.61261653193,3172.550896167755,24014.46033591032,0,0,0,0,0,0,0,0,0,83.53,Pandeglang,39000.0,ZNT
105.2470557921727,-6.559623738101421,0.7847589453061422,0.6928857514699706,0.7037037014961243,0.8348504304885864,,1.0,0.30798429250717163,,20621.461690846805,67105.47075587756,67359.84167809367,99.73411893844604,659.4846825152636,0,0,0,0,0,0,0,0,0,83.53,Pandeglang,,ZNT
105.90384978888918,-6.143360276361793,0.48232648107740617,2.417123272435086,,0.5381810069084167,0.3333333432674408,,,,603.3811671712498,8319.567309212085,21271.31840671169,6080.221276402473,42236.92118149996,0,0,0,0,0,0,0,0,1,91.31,Serang,49000.0,ZNT
105.86439825375388,-6.2298570547451515,0.7125767866770426,3.513338830843866,,0.6621236801147461,1.0,,,,854.0773638942907,4000.929351499765,16764.884280108778,3834.0817102193832,24431.031879901886,0,0,0,0,0,0,0,0,0,91.31,Serang,40000.0,ZNT
106.26642463818528,-6.050469517057092,0.8265369799402025,0.025519905474704608,0.9259259104728699,0.4868389368057251,,,0.5200862884521484,,184.72085042052157,11094.441462824512,9949.28805125912,10923.226865291595,70625.75171291828,0,0,0,0,0,0,0,0,0,91.31,Serang,36500.0,ZNT
106.44889314626666,-6.040574196797311,0.8578376505109999,0.018716420108339085,0.9753086566925049,0.2679973542690277,,,0.6764158606529236,,699.9744340998438,3529.9292615599743,18507.118340683526,10343.863000392914,88159.26063275337,0,0,0,0,0,0,0,0,0,94.75,Tangerang,71000.0,ZNT
106.42984587690007,-6.245944776625106,0.8280334207746718,0.2520110869539197,0.5277777910232544,0.46543243527412415,,,,,22.411166035762143,4425.5263417586175,9176.28154230915,50241.04393196106,328349.23090553284,0,0,0,0,1,0,0,5,19,94.75,Tangerang,853000.0,ZNT
106.59100422734146,-6.255270880182938,0.8760443992084928,0.09700194130564348,0.9012345671653748,0.5262916684150696,,,,,4.706342522043874,2218.667491460379,1879.0680854061543,90155.43199920654,673355.9360351562,15,2,6,5,10,0,5,2,5,94.75,Tangerang,2528500.0,ZNT
106.6712820255148,-6.31926549410476,0.9107120765580071,0.2022061546155608,0.7777777910232544,0.608065664768219,,,0.5994954109191895,,46.33790731653605,524.1087343837182,2353.94498165699,114914.72509384155,631531.3493156433,29,3,9,3,7,1,1,2,13,103.29,Tangerang Selatan,2954000.0,ZNT
106.65897449045303,-6.245691399384533,0.8989899158477783,0.2192042563118222,0.7333333492279053,0.5872554779052734,,,0.5802024006843567,,8.490487709057223,183.9463350534446,871.8707554433557,164690.22500610352,942374.18019104,47,5,9,3,15,0,4,2,6,103.29,Tangerang Selatan,14056000.0,ZNT
106.67727962200786,-6.28740016286671,0.9088415304819742,0.2309432553677104,,0.6170865297317505,,,0.6126468181610107,,4.866488004505513,157.67376271793313,1087.1555840449605,123215.56995773315,821142.6109619141,70,6,10,8,16,0,2,4,9,103.29,Tangerang Selatan,10990000.0,ZNT
102.31665925239295,-3.8411521155456048,0.9849324822425842,0.30562339897088514,0.654321014881134,1.0,,,0.6660000085830688,,10.92971538049694,7123.860899794773,658.6674406791809,48562.76029777527,164805.9159605503,3,2,2,1,1,0,1,1,6,96.13,Bengkulu,968000.0,ZNT
102.32848281738292,-3.8505688010924466,0.9944864379035102,0.5717882991782687,,1.0,,,0.6660000085830688,,1.8053889262952147,6506.334015742362,2259.1794044469866,35393.818232536316,137735.75812208652,1,1,2,1,1,0,0,2,3,96.13,Bengkulu,1093000.0,ZNT
102.28607374963063,-3.9305064482404948,0.9998857577641805,0.0989089325464552,0.8271604776382446,0.9999491572380066,,1.0,0.3330000042915344,,147.30170796029765,3315.1243206665713,11031.070578946625,6676.5409425497055,22364.249195456505,0,0,0,0,0,0,0,0,3,96.13,Bengkulu,529531.0,ZNT
103.02247803582576,-4.35249335174608,0.8320663041538663,4.085931407993203,,0.988245964050293,0.3333333432674408,,,,3688.7693479186814,81456.50148326061,17112.896977226872,1142.9527962505817,6457.233698159456,0,0,0,0,0,0,0,0,0,95.26,Bengkulu Selatan,10000.0,ZNT
102.85487331540435,-4.405325380705231,0.8461891876326667,0.3163833436969955,0.7777777910232544,0.7959241271018982,,1.0,0.662579357624054,,32.266789317030934,82484.4784163162,6200.340329574082,2655.1028842926025,11130.699798166752,0,0,0,0,0,0,0,0,0,95.26,Bengkulu Selatan,17000.0,ZNT
102.90142952481817,-4.438422958310639,0.8930268022749159,1.0820309478744412,,0.9860485792160034,,,0.6660000085830688,,139.12241712477064,88783.05626270654,639.8507910174209,7482.3155390024185,32968.459078371525,0,1,1,0,0,0,0,0,0,95.26,Bengkulu Selatan,32000.0,ZNT
102.36659878234359,-3.7084429847230878,0.8561447660128275,0.2319860230147053,0.7222222089767456,0.9151479005813599,,,,,486.13992928874666,14571.06238870494,12695.22778543188,946.5957326591015,5196.460952967405,0,0,0,0,0,0,0,0,0,95.78,Bengkulu Tengah,18000.0,ZNT
102.41322051662786,-3.6816548763195596,0.8526408473650614,0.34977177238753615,,0.9057515263557434,0.3333333432674408,,,,220.19699791436423,20496.955024340892,18652.8090568967,795.6343834400177,5145.120729207993,0,0,0,0,0,0,0,0,0,95.78,Bengkulu Tengah,11000.0,ZNT
102.34164823513125,-3.7030343124320355,0.9838134116596646,0.2887492128477423,,1.0,,,,,210.64493008839983,12951.268358668764,10599.115631706107,926.2601545155048,7561.624700754881,0,0,0,0,0,0,0,0,0,95.78,Bengkulu Tengah,17000.0,ZNT
101.8555552159732,-2.9066229851465746,0.991553094651964,2.9818300088091974,,1.0,,,,,14192.033923159117,101031.1706138595,70267.45256014817,65.36266570165753,421.91924013756216,0,0,0,0,0,0,0,0,0,92.95,Bengkulu Utara,,ZNT
102.35301029321232,-5.4172241504184955,1.0,1.8718261530086937,,1.0,,,,,391.7210261878588,3227.1186495951306,124050.7079936073,1159.1420678049326,5093.127826295793,1,0,0,1,1,0,0,0,0,92.95,Bengkulu Utara,,ZNT
102.07502855329157,-3.127256888500833,0.934469097190433,6.127476022997113,,0.9987979531288147,0.3333333432674408,,,,5165.381352603307,66966.79186552856,37333.58802822196,245.25621163845062,1773.9719269424677,0,0,0,0,0,0,0,0,0,92.95,Bengkulu Utara,,ZNT
103.50190575161788,-4.817221878241531,0.7265895075268216,2.6284754618382906,,0.7870115637779236,0.6666666865348816,,,,114.49640988371928,105432.09861698821,44170.492514609105,280.4430687725544,2554.0400676578283,0,0,0,0,0,0,0,0,0,97.07,Kaur,10000.0,ZNT
103.24749882032113,-4.309099957686914,1.0,17.22580508749885,,0.9779670834541321,1.0,,,,7737.298159679005,66112.17154827075,26803.28955276987,169.43170842528343,1057.7933133095503,0,0,0,0,0,0,0,0,0,97.07,Kaur,,ZNT
103.38709028398914,-4.521051516182471,0.8879912429385715,5.207661069857143,,0.970837414264679,1.0,,,,307.1054555726412,83029.09843149495,19886.418107676112,610.8526780754328,3921.1103031784296,0,0,0,0,0,0,0,0,0,97.07,Kaur,17000.0,ZNT
102.73837350468479,-3.6165982214011354,0.9776955909199185,3.088946219516291,,0.998982310295105,0.3333333432674408,,,,583.0964194898925,25045.548464447962,25845.150797092305,1540.081126987934,7856.953615933657,2,0,0,0,0,0,0,6,9,94.3,Kepahiang,8000.0,ZNT
102.71100641352731,-3.583626197907147,0.9859698944621615,3.6389293369767897,,1.0,0.3333333432674408,,,,622.3248197288381,20303.335204352254,21470.90932668319,965.3238255679607,7605.194266051054,0,0,0,0,0,0,0,1,5,94.3,Kepahiang,8000.0,ZNT
102.71595896949513,-3.7036927143855207,1.0,1.5472045878781566,,1.0,1.0,,,,740.1971820543438,31434.930111535632,30012.433121241273,2741.0929802060127,12035.601870834827,4,0,0,0,0,0,0,9,12,94.3,Kepahiang,24000.0,ZNT
102.32652600924867,-3.268067082595368,1.0,6.090945231146138,,1.0,0.3333333432674408,,,,571.4737118609952,35083.12676142853,24504.739776451137,804.6254408657551,6404.8227631002665,0,0,0,0,0,0,0,0,1,95.55,Lebong,8500.0,ZNT
101.99591296152661,-2.790806749501898,0.9835798674159579,11.073946061554459,,0.9834995269775391,1.0,,,,11093.178306440412,98371.7621675026,75620.67408225253,169.87117072194815,995.2465243078768,0,0,0,0,0,0,0,0,0,95.55,Lebong,,ZNT
102.28488976911014,-3.202019476427413,1.0,4.724185996802021,,1.0,0.805770218372345,,,,169.93903478629352,43276.4310923568,28663.93829707055,1357.6789490580559,13405.411154329777,0,0,0,0,0,0,0,0,0,95.55,Lebong,181000.0,ZNT
101.27102105428278,-2.582119207374373,0.9970167742835151,0.3380688026407799,0.7460317611694336,1.0,,,,,81.00423644335262,92349.53277291449,59680.16162260842,1318.2914752662182,7072.655696123838,0,0,0,0,0,0,0,0,0,100.27,Mukomuko,9500.0,ZNT
101.52495256109502,-2.974601922645635,1.0,0.7475699716458025,,1.0,,,,,372.8763322393147,122172.08651693618,90430.6027430114,1294.427136361599,7878.966881394386,0,0,0,0,1,0,0,0,0,100.27,Mukomuko,8000.0,ZNT
101.7596603613371,-2.9542815502633837,0.9417809115515815,2.2704947352950664,,0.9996383190155029,0.6666666865348816,,,,3785.3985772004726,106850.25534761306,72397.18895638124,124.85760144889355,851.790505938232,0,0,0,0,0,0,0,0,0,100.27,Mukomuko,,ZNT
102.75315358837013,-3.4190892673418913,0.7995806336402893,2.1023885243906437,,0.926189661026001,0.3333333432674408,,,,365.00758250369523,18643.0916350554,18072.37923238311,1813.3310233950615,10683.92848727107,0,0,0,0,0,0,0,0,0,93.97,Rejang Lebong,7000.0,ZNT
102.6174365030175,-3.3748910868482938,0.99535161919064,15.30040614480782,,1.0,1.0,,,,3433.049740591952,9792.210192903767,10818.91106524121,592.8566498756409,4221.796457000077,0,0,0,0,0,0,0,0,0,93.97,Rejang Lebong,,ZNT
102.82588020966203,-3.4143171734482194,0.7172898451487223,1.2635842057554494,,0.8089358806610107,,,,,986.2397742138178,14103.435565094856,13551.584052921844,1765.0714302062988,10763.350156664848,0,0,0,0,0,0,0,0,0,93.97,Rejang Lebong,2000.0,ZNT
102.57551628693767,-4.072194644201807,0.9234715236557854,0.8301747371880894,,1.0,,,,,76.92959858132103,35277.930115599534,2935.573442186175,3374.102704823017,12638.58365046978,1,1,1,0,0,0,0,0,0,95.9,Seluma,130000.0,ZNT
102.64928890494677,-4.13189384881728,0.736269387933943,0.6213309388456213,,0.8001026511192322,0.6666666865348816,,,,28.672869663931664,45742.17354128521,7608.591419800452,586.4929173588753,5028.584333449602,0,0,0,0,0,0,0,0,0,95.9,Seluma,80000.0,ZNT
102.55778506035654,-3.978129486979155,0.9835557540257772,5.913747836293421,,1.0,0.3333333432674408,,,,34.57376877814907,29234.66814127303,13113.670417060057,713.5599667131901,5120.698623538017,0,0,0,0,0,0,0,0,0,95.9,Seluma,5500.0,ZNT
122.18183754359116,0.5103834449922107,0.5485310355822245,2.9666978676738673,,0.703677773475647,0.3333333432674408,,,,227.43349870346532,8070.980601122862,56497.17478077875,1143.526953279972,10406.319816157222,0,0,0,0,0,0,0,0,0,97.96,Boalemo,13500.0,ZNT
122.20126627470978,0.6532430372738549,0.8223187261157565,5.635415879759639,,0.9457855820655823,0.3333333432674408,,,,2603.3907939411674,21008.932972979663,40573.06721024444,100.09897381439805,863.6740103401244,0,0,0,0,0,0,0,0,0,97.96,Boalemo,,ZNT
122.29747442874148,0.6782029178649885,0.7728508975770738,3.55964877681854,,0.8681344985961914,0.3333333432674408,,,,664.0630743433591,20007.52247760821,39298.71189703141,599.323249310255,3566.6269202679396,0,0,0,0,0,0,0,0,0,97.96,Boalemo,,ZNT
123.44036247140778,0.5910175650669149,0.8518518606821696,6.133808726939885,,0.6570401191711426,1.0,,,,8251.319565516931,34274.13109346529,37763.33455221262,257.1946005150676,1734.0081078708172,0,0,0,0,0,0,0,0,0,92.33,Bone Bolango,,ZNT
123.0905338849028,0.7580863308308045,0.8407581514782376,11.057506137505792,,0.7980473041534424,1.0,,,,3741.5826855771074,23945.838798789395,21518.171823906552,682.7765550613403,3712.85347391665,0,0,0,0,0,0,0,0,0,92.33,Bone Bolango,,ZNT
123.42006428943216,0.31754044574793316,0.8970715999603271,6.513070699059656,,0.5775576233863831,1.0,,0.7701730132102966,,46.0931730569789,43754.9970671622,45412.27785427097,2493.0077476501465,8831.181338787079,0,0,0,0,0,0,0,0,0,92.33,Bone Bolango,3984.5,ZNT
123.00054997357992,0.6060571598737096,0.9924453761842515,0.06555721146157002,1.0,1.0,,,,,634.7364993203415,12849.466457803583,10811.02990588602,4828.213803768158,40060.299313008785,0,0,0,0,0,0,0,0,0,,Danau Limboto,49228.0,ZNT
122.979529031423,0.5702929142593113,1.0,0.005423446727398954,,1.0,,,,,1436.4968524624244,11526.678470402278,11708.031887200343,961.9865787029266,16189.589386582375,2,0,0,0,0,0,0,3,3,,Danau Limboto,37761.5,ZNT
122.99339124447543,0.5867680691099972,1.0,0.001955801158287319,,1.0,,,,,1475.9364921677868,11619.914202294844,10626.625650011114,306.57394498586655,37036.74759888649,0,0,0,0,0,0,0,0,3,,Danau Limboto,126555.0,ZNT
122.58670296764238,0.7474813495086072,0.7927861875957913,1.1992550070504577,,0.892379879951477,0.3333333432674408,,0.31204769015312195,,347.70059314014117,36560.46855874673,52414.77563641948,732.897634357214,5230.954627871513,0,0,0,0,0,0,0,0,0,90.82,Gorontalo,51500.0,ZNT
123.02664401558393,0.6863446598625464,0.895945582124922,9.31790974607039,,0.994411289691925,0.3333333432674408,,,,53.88665390709008,20148.500426791896,15516.172574465185,795.7755070626736,5155.599818319082,0,0,0,0,0,0,0,0,0,90.82,Gorontalo,61500.0,ZNT
122.38082100256646,0.7852146885589665,0.9413560099071927,3.4917607159310564,0.7037037014961243,1.0,0.3002873361110687,,0.3330000042915344,,83.21207959383112,30999.46442148369,32736.7969473838,1105.0391684770584,5784.399635523558,0,0,0,0,0,0,0,0,0,90.82,Gorontalo,50000.0,ZNT
122.10781078258408,0.9867240543938892,0.9357627166642083,4.64020592184186,0.7037037014961243,0.967755913734436,,,,,237.86160317423955,18199.711742806496,10903.318854729174,1448.3460003137589,6977.319092333317,0,0,0,0,0,0,0,0,0,90.75,Gorontalo Utara,3000.0,ZNT
122.18962977744994,0.9888842980541788,0.9136759771241082,11.067209717339084,,0.9454213380813599,1.0,,0.6660000085830688,,1338.5526700142475,26840.84035711114,3477.2919864840737,1491.9804463386536,11658.431762218475,0,0,1,0,0,0,0,0,0,90.75,Gorontalo Utara,1000.0,ZNT
122.50554562762328,0.9565245837490501,0.9356851047939725,8.902409760394383,,0.9972350001335144,0.8188197612762451,,,,22.10692825375767,45069.021508445614,34575.615085612066,820.8950800895691,4438.511887192726,0,0,0,0,0,0,0,0,0,90.75,Gorontalo Utara,6000.0,ZNT
123.07550279174848,0.5022067780651772,0.8038702143563164,11.010752658134946,,0.9013780951499939,0.3333333432674408,,,,380.5101674775057,835.6176271565458,6040.677680885335,11368.529358386993,133935.30418086052,2,0,0,1,4,0,0,2,4,89.94,Kota Gorontalo,276896.0,ZNT
123.0929593782138,0.49278448936377434,0.6323789755503336,13.592022287045362,,0.8232134580612183,0.3333333432674408,,,,453.56711019818215,2605.2084730307097,7089.816556388503,5809.974103689194,59278.56573677063,1,0,0,1,1,0,0,0,1,89.94,Kota Gorontalo,231448.0,ZNT
123.08827327852838,0.49056888264167986,0.5827860103713142,10.814371761293058,,0.6394355893135071,0.3333333432674408,,,,90.284329293586,2165.966516431484,7279.978741935266,5926.292644739151,58706.930826067924,1,0,0,1,1,0,0,0,2,89.94,Kota Gorontalo,276896.0,ZNT
121.33594500155294,0.6504709100545822,0.7194043265448676,5.540965175391133,,0.7326050400733948,1.0,,,,4151.867844487204,60985.85439039691,33646.547821343076,176.46923238039017,1136.015506491065,0,0,0,0,0,0,0,0,0,93.63,Pohuwato,,ZNT
121.59909058261456,0.5522435574301734,0.8206078807512919,1.3611506199831855,0.9506173133850098,0.9163349866867065,,,0.4113711714744568,,476.12349829492615,57045.9167573371,55296.48597147939,1167.686354458332,4501.859344229102,0,0,0,0,0,0,0,0,0,93.63,Pohuwato,39000.0,ZNT
121.85252144378346,0.9059574047901311,0.9894196920924716,15.112268622324612,,1.0,0.3333333432674408,,,,15961.11650046781,19179.973034659233,40671.67983501831,165.00383707880974,992.0476718470454,0,0,0,0,0,0,0,0,0,93.63,Pohuwato,,ZNT
106.76163503185408,-6.192897799256532,0.8781643509864807,0.13534418571660942,0.7777777910232544,0.47079575061798096,,,0.44500258564949036,,17.428580821792526,263.6378254509921,311.3840914367376,308047.54376220703,1705627.8764801025,105,9,30,12,26,2,4,4,14,113.82,Jakarta Barat,6843000.0,ZNT
106.79665947983916,-6.157870851225651,0.868686854839325,0.014570930251157015,0.654321014881134,0.4659396708011627,,,0.5145870447158813,,21.843778076441005,528.1079499915799,285.3655634309577,210155.83947753906,1379181.4734230042,276,23,52,18,39,2,15,16,34,113.82,Jakarta Barat,11211000.0,ZNT
106.75591729133251,-6.156298845020981,0.8665668964385986,0.08702380400874217,0.5802469253540039,0.3896870017051697,,,0.49764367938041687,,9.500178807075164,234.8789312645042,1650.8922516277435,272242.9885635376,1595138.8339157104,46,5,28,1,32,0,5,2,16,113.82,Jakarta Barat,11226000.0,ZNT
106.83988592424637,-6.188462965579375,0.8585858345031738,0.12266098771938796,0.8024691343307495,0.44306403398513794,,,0.4882951080799103,,0.909165762476142,151.6192232752966,238.2226801563142,232588.0749130249,1439930.463546753,326,45,104,12,50,15,33,16,39,119.26,Jakarta Pusat,23085747.0,ZNT
106.8036086440898,-6.217494442559975,0.8467390073670281,0.25625296087560995,0.5308642387390137,0.400844007730484,,,,,0.8238230568679445,456.23795181429796,867.2741431924204,217494.22005462646,1449362.2182617188,291,19,68,23,49,12,38,6,24,119.26,Jakarta Pusat,36622984.0,ZNT
106.82061558891094,-6.172150587600734,0.868063337273068,0.03392841978704261,0.7777777910232544,0.2076740562915802,,,0.45763593912124634,,0.22531069507854892,158.20523366509934,582.6946927690014,223266.31031036377,1424478.1605377197,475,33,90,18,42,18,23,23,47,119.26,Jakarta Pusat,51693000.0,ZNT
106.79757911484037,-6.300300163940683,0.9014839927355448,0.32950306177247146,,0.6322343349456787,,,,,0.8951094478716094,185.70441795091915,186.31563499135444,179325.70710754395,1155499.5603904724,85,17,27,10,25,0,1,6,11,112.28,Jakarta Selatan,32676000.0,ZNT
106.8062370825208,-6.335021867905734,0.9002369576030307,0.30281517292715665,0.682539701461792,0.5686060786247253,,,,,10.753828462688979,132.31243939392772,1241.6774577798558,181367.83013153076,1111254.3750190735,27,9,21,9,14,0,0,5,21,112.28,Jakarta Selatan,5962000.0,ZNT
106.83339080959028,-6.289176171821402,0.8989899158477783,0.27324089508322064,0.8271604776382446,0.5252249836921692,,,,,13.808053436568047,332.1510462569967,409.70326666031895,203683.7431564331,1246743.6730957031,90,9,43,4,16,0,2,1,6,112.28,Jakarta Selatan,4784000.0,ZNT
106.88388865007028,-6.359791454861459,0.9063474535942078,0.314910525624934,,0.6141745448112488,,,,,19.582178002783873,61.19352735528528,1638.9914790038365,153741.0447769165,1087306.8678398132,9,5,9,5,10,0,1,6,15,109.74,Jakarta Timur,4336988.0,ZNT
106.88402449065836,-6.196510857891972,0.868686854839325,0.1581934650496733,0.7777777910232544,0.4954943358898163,,,0.5184518098831177,,15.10130543614392,120.19488755600906,160.19431746768416,249005.45449829102,1489889.7357330322,63,29,73,8,27,0,4,4,15,109.74,Jakarta Timur,18258000.0,ZNT
106.92147919471923,-6.206078994655991,0.872053861618042,0.11690088468311782,0.6790123581886292,0.39237239956855774,,,0.5134068727493286,,24.078693162901793,170.55384194314925,2091.426811684742,245605.73598480225,1466102.122467041,26,6,31,1,15,1,1,5,13,109.74,Jakarta Timur,5638000.0,ZNT
106.91878784212966,-6.163172267943021,0.8787878751754761,0.1469268215583567,0.7777777910232544,0.31940582394599915,,,0.4821270704269409,,13.526220867946009,676.0984497936491,452.1625038310705,196428.50925445557,1268069.1764030457,66,14,34,8,16,1,1,2,5,110.75,Jakarta Utara,17587000.0,ZNT
106.95286687645502,-6.141907764789233,0.8325227631462945,0.039872362611614434,0.8271604776382446,0.326774537563324,,,0.4684228003025055,,31.195464804596025,1656.4108575004188,3210.373391335237,132842.76778793335,875384.5848407745,3,0,16,0,1,0,0,1,6,110.75,Jakarta Utara,10150000.0,ZNT
106.87653792155373,-6.146147044413914,0.868686854839325,0.0601974499828285,0.654321014881134,0.2900053560733795,,,0.46593308448791504,,8.260856946654757,95.2257288774862,1432.452672150051,202332.9606704712,1232201.9386444092,73,19,57,9,17,1,4,3,17,110.75,Jakarta Utara,20335000.0,ZNT
106.5876426883027,-5.932488699742762,0.8127740422884623,0.026535085875114498,,0.26745206117630005,,0.049650512635707855,,,9.996075193649794,271.55885970603356,17318.276820532403,1634.3261985778809,1944.468454360962,0,0,0,0,0,0,0,0,0,121.64,Kepulauan Seribu,,ZNT
106.4622927731648,-5.202607690207997,0.5290909111499786,0.017891710048684957,,0.003042420372366905,,,,,192.34165540559803,436.6263328708695,62566.24725363018,395.2716007232666,395.2716007232666,0,0,0,0,0,0,0,0,0,121.64,Kepulauan Seribu,,ZNT
102.89711011720078,-1.5421192943284612,0.9452094700601366,0.36924558907354754,1.0,0.007578026503324509,,,,,949.9728260154267,59772.83504935674,34977.83341613724,190.3607757166028,1675.8258777111769,0,0,0,0,0,0,0,0,0,87.83,Batang Hari,8000.0,ZNT
103.44412066034585,-2.275139405306069,0.5641554594039917,0.4895523989531873,,0.0030537850689142942,,,,,1401.6765054246907,76059.04611550774,34495.10352290187,124.50586424022913,770.9503480494022,0,0,0,0,0,0,0,0,0,87.83,Batang Hari,,ZNT
103.13407636804877,-1.479269472164689,0.8579812116093106,0.31879938653263007,0.7160493731498718,0.0,,,,,27.36945567452276,33544.27150480462,24541.774690265098,180.50418896973133,1432.9060031175613,0,0,0,0,0,0,0,0,0,87.83,Batang Hari,,ZNT
102.12389095750426,-1.5717019055048809,0.5410378177960714,0.7171954821108182,0.5555555820465088,0.33464300632476807,,,,,916.1510213448356,98117.17354587534,6577.996929673743,1456.2501784563065,10833.15149256587,0,0,0,0,0,0,0,0,0,87.74,Bungo,5000.0,ZNT
102.20144783156343,-1.672023959845511,0.740672422779931,0.6849075626424097,,0.237179696559906,,,,,1875.5213566943871,105046.19029169579,20327.032955959676,475.86211736500263,5875.317888393998,0,0,0,0,0,0,0,0,0,87.74,Bungo,3000.0,ZNT
102.05151040624823,-1.5967646868880507,0.6962471339437697,1.460294206622411,,0.32364463806152344,,,,,282.42325223065086,89679.20538479356,11122.187736764132,641.6866422742605,5611.534118682146,0,0,0,0,0,0,0,0,0,87.74,Bungo,8000.0,ZNT
103.55474639483224,-1.6521633424641429,0.8831525246302286,0.31424100446063735,,0.0,,,,,59.213554125219844,6047.535853338648,2970.616443495449,13894.547048091888,140003.34032684565,0,1,2,0,2,0,0,0,3,95.03,Jambi,176000.0,ZNT
103.5450257996952,-1.5765532511310765,0.8136924902598063,0.09600950774288126,0.8518518805503845,0.0,,,,,169.69288924082954,5210.137809877281,4247.74887648168,9537.984591245651,67788.58456981182,0,0,2,0,2,0,0,2,2,95.03,Jambi,39000.0,ZNT
103.61022716677054,-1.613975951397654,0.9090909361839294,0.19842822345871144,0.8333333730697632,0.0,,,,,33.15925011060767,1526.4541285323687,1531.5880428999421,125515.27327346802,503786.49380493164,42,4,6,5,5,0,0,8,8,95.03,Jambi,4547000.0,ZNT
101.62811070941049,-2.0745119986806566,0.8574694858656989,6.6417560681190855,,0.9819614887237549,0.6666666865348816,,,,4777.199576091329,54453.422973733526,26465.24051671481,226.2340454980731,1494.3226101398468,0,0,0,0,0,0,0,0,0,97.22,Kerinci,,ZNT
101.4520484763436,-2.149690482129718,1.0,0.19737963915489137,,1.0,,,,,581.6695292449533,49150.55905846764,12201.89683508696,1809.5179552435875,11466.564422547817,0,0,0,0,0,0,0,0,0,97.22,Kerinci,285120.0,ZNT
101.68128455990691,-2.103203304479168,0.928007509973314,9.766675661105278,,0.6432383060455322,1.0,,,,5324.652432112056,61018.022996575426,32690.663756708727,200.694541297853,1235.2107369452715,0,0,0,0,0,0,0,0,0,97.22,Kerinci,,ZNT
102.55525708221177,-2.08118307414962,0.6989337868160672,0.22010150983304028,0.8055555820465088,0.33490946888923645,,,,,211.82786358306473,116356.68966773288,80215.13876560178,947.5593254566193,5690.143648549914,0,0,0,0,0,0,0,0,0,94.62,Merangin,8000.0,ZNT
102.5353955484342,-2.165312380208151,0.7414889600541856,0.20172172417173373,0.7142857313156128,0.3359970450401306,,,,,688.3242230148356,123471.53126013489,86523.41405330245,1514.4927803874016,9008.92772012949,0,0,0,0,0,0,0,0,0,94.62,Merangin,11500.0,ZNT
102.41355679760366,-2.0749376036860054,0.7353340983390808,0.22147794814727795,0.7777777910232544,0.4603980779647827,,,,,264.5966933263908,129520.59140868305,70934.496967722,1833.5140261650085,9849.514253944159,0,0,0,0,0,0,0,0,0,94.62,Merangin,9500.0,ZNT
103.46633984423269,-1.7641379694688761,0.44844772418340045,0.8898701225084928,,0.0,,,,,946.7182254485547,21865.57031368203,18555.863235114062,1503.0906020402908,10150.418184697628,0,0,0,0,0,0,0,0,0,93.52,Muaro Jambi,11000.0,ZNT
104.09569248972728,-1.6663954847022175,0.6865031255616082,0.15138984897768634,0.8095238208770752,0.0,,,,,12286.65680721533,53320.30099414057,24532.0161768779,182.9401782155037,1502.7695413529873,0,0,0,0,0,0,0,0,0,93.52,Muaro Jambi,,ZNT
103.416531474626,-1.8756628753975677,0.6568985448943244,0.3125503497738144,,0.0,,,,,55.154028893397886,35262.20843098386,25395.106609679315,1135.0982837080956,6797.203557625413,0,0,0,0,0,0,0,0,0,93.52,Muaro Jambi,10500.0,ZNT
102.82019738169842,-2.1813378271645583,0.5686172313160367,0.7989636807333701,0.3333333432674408,0.1165669709444046,,,,,2239.0729904495506,100930.41903452032,72772.51316028969,519.5020837634802,5603.092966765165,0,0,0,0,0,0,0,0,3,90.47,Sarolangun,2000.0,ZNT
102.56702194810417,-2.5707552244145617,0.6416263514094882,0.6366962747222964,0.8095238208770752,0.45871666073799133,0.046095557510852814,,,,5051.274943991115,86876.17352661214,79538.48721997769,254.34847125411034,1990.4033334106207,0,0,0,0,0,0,0,0,0,90.47,Sarolangun,,ZNT
102.66529827109848,-2.3256884141346656,0.7714178760846456,0.17348009058867447,0.6296296715736389,0.25014933943748474,,,,,1674.0490742540405,109854.22585426352,96263.50131892342,1306.1439789533615,11594.524212241173,0,0,0,0,0,0,0,0,0,90.47,Sarolangun,1000.0,ZNT
101.34592339288368,-2.1432447483119446,1.0,12.436007967372454,,1.0,1.0,,,,3495.2609996326473,44583.473551851785,10610.711188639492,504.6254817545414,3451.4415292069316,0,0,0,0,0,0,0,0,0,97.01,Sungai Penuh,,ZNT
101.25386803534205,-2.066163183701004,1.0,12.862483567224967,,0.7999312877655029,1.0,,,,774.5092925627303,34975.96085030456,15200.886714028778,235.49583096057177,1792.0766827985644,0,0,0,0,0,0,0,0,0,97.01,Sungai Penuh,,ZNT
101.38091354789441,-2.07522141617296,1.0,5.640810815027862,,1.0,0.5208250284194946,,,,17.516522073194825,38417.329292632,2108.4113364338214,15390.7867218256,65423.68573486805,1,1,1,0,0,0,0,0,0,97.01,Sungai Penuh,62000.0,ZNT
103.04312014969594,-0.9935791002610014,0.7828484177589417,0.11633782258365982,0.7283950448036194,0.0,,,,,152.69537765484222,72222.86309696164,31001.21472923343,1796.931129038334,15474.11122623086,0,0,0,0,0,0,0,0,0,102.19,Tanjung Jabung B,,ZNT
103.44056864602307,-0.9985188249345692,0.9065694676505195,0.05810279298367855,0.7530864477157593,0.0,,,,,1587.1026798055036,57141.63257137641,19022.388537893014,606.3378163129091,3914.2199793606997,0,0,0,0,0,0,0,0,0,102.19,Tanjung Jabung B,,ZNT
102.96838023169168,-0.9758994931671836,0.9113802909851074,0.26786697518805186,0.6111111044883728,0.0,,,,,1633.1719078441643,75179.10204795697,30397.5386055003,231.80956219136715,1942.74332819134,0,0,0,0,0,0,0,0,0,102.19,Tanjung Jabung B,,ZNT
103.77323620766548,-1.3271171907460526,0.9379966259002686,0.13063049524786924,0.654321014881134,0.0,,,,,4560.172855875372,35218.36277847043,11365.32580958684,207.51282984763384,1785.0442893579602,0,0,0,0,0,0,0,0,0,99.13,Tanjung Jabung T,,ZNT
104.28112725747597,-1.2614957453530322,0.6508093608750237,0.06841563433891941,0.8271604776382446,0.0,,,,,10896.247739642567,82788.91337044183,36441.65480871464,112.49053359404206,865.4282092265785,0,0,0,0,0,0,0,0,0,99.13,Tanjung Jabung T,,ZNT
104.19415949568621,-1.2989527867868154,0.6355003515879313,0.08952899394265038,0.7283951044082642,0.0,,,,,6247.637744101829,72293.27550415452,25917.060151594495,114.62809194624424,879.8482731990516,0,0,0,0,0,0,0,0,0,99.13,Tanjung Jabung T,,ZNT
102.03775174835019,-1.144882660965116,0.5719011690881517,0.599120945607069,0.7333333492279053,0.09986778348684311,,,,,160.45119763892228,109693.37218214825,13333.383882514956,1440.2078540921211,6957.397910669446,2,0,0,0,0,0,0,2,2,90.77,Tebo,5000.0,ZNT
102.45046239562737,-1.142756309342553,0.5521811147530874,1.7603213672635294,,0.03289489075541496,0.3333333432674408,,,,532.2183730624047,116805.52792785286,42268.013564866844,145.41148576885462,1135.7648955211043,0,0,0,0,0,0,0,0,0,90.77,Tebo,,ZNT
102.71922449726529,-1.6313160471467936,0.7943243384361267,0.9589803066076342,,0.026594290509819984,,,,,260.5626369523141,80545.56154710706,54929.75829469488,311.00592128932476,2786.171595349908,0,0,0,0,0,0,0,0,0,90.77,Tebo,3000.0,ZNT
107.35569109856874,-7.216241491258728,0.7926895154847039,3.1828830342323418,,0.5147284865379333,1.0,,,,411.3910122410893,7410.736920149998,8649.029062548869,5028.137922644615,29039.10074353218,0,0,0,0,0,0,0,0,0,108.53,Bandung,,ZNT
107.49419453838907,-7.074384729519223,0.6510957678159078,5.984445355140654,,0.3922168016433716,0.6666666865348816,,,,293.0196906350779,1875.9887947937868,3246.089529299324,21406.45592403412,133124.26530575752,1,0,1,0,0,0,0,4,12,108.53,Bandung,1157500.0,ZNT
107.35092316892818,-7.177958621636893,0.6613003942701552,8.052627870279144,,0.5036180019378662,0.6666666865348816,,,,210.6107559004333,3849.9300043143626,7669.678417876903,5978.147908210754,42256.09298956394,0,0,0,0,0,0,0,0,0,108.53,Bandung,17000.0,ZNT
107.34985217332459,-7.066839065829945,0.9860170483589172,4.916173045279949,,0.3248762786388397,1.0,,,,154.73092900234457,6362.874600016807,13045.483921130824,2793.865996003151,20816.172880470753,0,0,0,0,0,0,0,0,0,108.57,Bandung Barat,39000.0,ZNT
107.48159110400127,-6.816384508837311,0.6295968161688911,3.3872861600356337,,0.614189863204956,0.6666666865348816,,,,188.70104089565572,2358.2690336530636,5548.801978758764,25182.813493728638,200619.09141683578,0,0,0,0,2,0,0,0,1,108.57,Bandung Barat,37000.0,ZNT
107.60791957934865,-6.797760580599106,0.4990946782959832,6.586065263029224,,0.5835388898849487,1.0,,,0.25,70.99874365143546,2057.5642039154636,1734.7098894659116,34340.20801329613,211813.43699133396,4,1,1,1,1,0,0,1,6,108.57,Bandung Barat,1219000.0,ZNT
108.55965091572584,-7.392860274685506,0.8097425765461392,6.134541299870798,,0.2244677096605301,1.0,,,,626.4641595565352,2567.7939742427193,3244.3033118497733,12656.760955810547,126470.62512040138,0,0,4,1,2,0,0,7,11,97.34,Banjar,235500.0,ZNT
108.52931767789414,-7.4064730332575275,0.6981411443816291,1.6925465411412624,0.6296296715736389,0.45363351702690125,0.3333333432674408,,0.5704609155654907,,39.34644560076154,3599.282589238335,4020.3790944497905,15054.82585144043,111696.21865427494,1,0,3,0,2,0,0,4,8,97.34,Banjar,197500.0,ZNT
108.49319595247118,-7.387522538265582,0.6062777969572279,2.6356842199606985,0.7037037014961243,0.5591118931770325,0.6666666865348816,,0.38361015915870667,,90.10331583703461,3784.642380821519,5060.931043280833,12398.233530282974,89872.24160647392,0,0,0,0,0,0,0,0,2,97.34,Banjar,20000.0,ZNT
107.06796167775691,-6.272180418725137,0.8903853429688348,0.22434917807397572,0.8024691343307495,0.4468274414539337,,,,,2.2150675314936206,897.6155094511028,863.8221380911101,103414.30314254761,660804.7249565125,7,2,6,2,3,0,1,1,9,111.29,Bekasi,7528000.0,ZNT
107.04599311985831,-6.04835690859214,0.8512283364931742,0.015528767855062381,1.0,0.3329479694366455,,,0.23203079402446747,,679.392809438771,12600.018105674391,10239.116625180257,12775.593469619751,99700.39476799965,0,0,0,0,0,0,0,0,0,111.29,Bekasi,26000.0,ZNT
107.27366091860551,-6.199070035051927,0.7598204215367635,0.02933608927241,0.7777777910232544,0.3428182899951935,,,0.47038260102272034,,669.1632212435304,7991.523446972846,8129.270072919083,21639.594988822937,149266.08644676208,0,0,0,0,0,0,0,0,1,111.29,Bekasi,65000.0,ZNT
107.05485467815409,-6.564362624766805,0.5468104746606615,2.1310736984703387,,0.5181785225868225,0.6666666865348816,,,,86.60178896923073,9178.154283712436,9489.33420832672,9177.174169540405,58841.21624350548,6,0,0,0,0,0,0,7,20,118.39,Bogor,204000.0,ZNT
106.73760432552022,-6.512212755568441,0.5161393781503042,2.547692511680945,,0.5464191436767578,,,,,14.318172073887322,2167.6815177742437,2402.671357875078,35872.55232620239,329396.8630809784,15,1,4,0,0,0,0,68,215,118.39,Bogor,263000.0,ZNT
106.4908793940217,-6.679011907480022,0.7788518600993686,7.936922979615709,,0.5439627170562744,1.0,,,,729.1197808602805,21424.40257924847,19025.50803365654,2422.3363525271416,18734.10043591261,0,0,0,0,0,0,0,2,9,118.39,Bogor,64000.0,ZNT
108.73184508813554,-7.580769191510535,0.9108367694748772,0.09896095067070511,1.0,0.5821558237075806,,,0.5864036083221436,,117.44435565437483,12510.610959201289,13006.580165588835,9754.359657764435,64490.33741247654,0,0,0,0,0,0,0,0,0,98.43,Ciamis,496000.0,ZNT
108.42347836880838,-7.616477013490982,0.4671439760261112,0.9610712124313266,,0.5049479007720947,0.6296435594558716,,,,904.8238785312077,25286.02642976078,26186.872506152635,1933.0670990943909,14327.688895821571,0,0,0,0,0,0,0,0,0,98.43,Ciamis,659000.0,ZNT
108.35693259175235,-7.692338074527573,0.5123461981614431,1.3097900214281157,,0.6399164199829102,,,,,178.60576722026389,36230.96608376105,25450.67407332076,2811.0236486792564,17892.069714307785,0,0,0,0,0,0,0,0,0,98.43,Ciamis,240000.0,ZNT
106.91207925239767,-7.347041857107148,1.0,2.840501926011452,,0.7158503532409668,1.0,,,,638.9728872429679,45344.19838316863,14910.434702445582,4272.052953004837,27080.42232811451,0,0,0,0,0,0,0,0,0,102.61,Cianjur,30000.0,ZNT
107.35157882617378,-7.266407469883318,0.6287083360883925,8.89550958893726,,0.7702220678329468,0.6666666865348816,,,,12.357622414739469,12944.695982813742,11518.1622130393,5069.093888640404,20801.44698691368,0,0,0,0,0,0,0,0,0,102.61,Cianjur,50000.0,ZNT
107.42337748280097,-7.379030945557077,0.8665305839644538,7.409811414488643,,0.5073668956756592,1.0,,,,1355.7481605273401,25800.816945127972,22334.272308196996,1893.0133683085442,11975.532344400883,0,0,0,0,0,0,0,0,0,102.61,Cianjur,64000.0,ZNT
107.52576466416882,-6.9049794139501515,0.8878912594583299,0.679247707733981,0.4074074327945709,0.8567309975624084,,,,,3.4421863434623616,1128.5568628112392,1839.3463194043698,126763.75162029266,853627.4864397049,7,4,10,1,7,0,0,5,22,108.97,Cimahi,3930000.0,ZNT
107.5386331016301,-6.88916435890176,0.9059692488776313,0.7777206010692,,0.9342185854911804,,,,,1.1352628197508323,363.028790984637,317.77204007863514,245493.24210739136,1059866.788064003,30,9,15,5,10,0,2,14,29,108.97,Cimahi,5897500.0,ZNT
107.56541209954104,-6.9113670676408905,0.8909505407015482,0.9957273384781221,,0.9074437022209167,,,,,0.5286253472615525,405.0860556701718,861.2839106348234,314460.0551147461,1771462.448955536,31,6,27,10,45,0,10,16,50,108.97,Cimahi,5451000.0,ZNT
108.42966423926082,-6.752087976179623,0.840503818458981,0.7485467044353387,0.6349206566810608,0.33328911662101746,,,,,49.454955666947775,9231.071527679698,4765.089632263436,25122.639795303345,158273.53769111633,3,0,2,0,2,0,0,0,0,103.75,Cirebon,606500.0,ZNT
108.73683079701887,-6.962681398668137,0.6104702552159628,1.6205787215572054,,0.24955666065216064,,,,,690.6105290613945,6706.038133212454,5878.9643593290075,4539.621080875397,53405.49070882797,0,0,0,0,0,0,0,0,0,103.75,Cirebon,57500.0,ZNT
108.5252095782787,-6.640312452476818,0.8821548753314548,0.02477044121821547,0.9753086566925049,0.16402429342269897,,,0.40533584356307983,,34.751180991032435,5118.708548193322,7654.500458386239,27414.562532424927,115165.51157152653,1,0,0,1,1,0,0,0,0,103.75,Cirebon,771944.0,ZNT
106.79183334072393,-6.433548956826353,0.8815313577651978,0.2590064505434514,0.604938268661499,0.47610390186309814,,,,,2.4175772418244117,2001.046934191512,3701.253796774092,128962.5527420044,850701.7795352936,71,0,8,0,4,1,1,29,109,109.05,Depok,625000.0,ZNT
106.75625369673584,-6.401059676855468,0.9287940926022,0.19759540250092145,,0.7172248959541321,,,,,30.415063227533977,3458.796456442021,396.83424579793257,154500.3554725647,834563.0567417145,25,3,5,0,2,0,0,10,41,109.05,Depok,1789000.0,ZNT
106.84654439218407,-6.359884435617793,0.9144531687100729,0.30182733568324066,,0.4843234717845917,,,,,6.871141180887602,1467.5135504214459,1235.3110965413916,223596.32330322266,1238015.9039154053,62,4,18,4,13,0,0,15,61,109.05,Depok,7464000.0,ZNT
107.75541234510534,-7.580813445572513,0.6925191746817695,3.0276949698910918,,0.7450388669967651,0.6666666865348816,,,,67.00784205467608,25564.40535685693,7903.503650798239,4305.460108876228,27900.932480573654,0,0,0,0,0,0,0,0,0,104.06,Garut,58000.0,ZNT
107.55294249534413,-7.371662486363368,0.7887525028652616,0.8785489914527193,,0.46495091915130615,1.0,,,,1646.6835611883614,21796.67798081141,19006.76296061644,2297.8587438464165,19247.721237957478,0,0,0,0,0,0,0,0,0,104.06,Garut,66000.0,ZNT
108.06991810720017,-7.10242989454958,0.6841340925958421,7.814305577105743,,0.2524369955062866,0.7623987197875977,,,,236.90682632245543,3453.980038127621,13434.1320418106,10743.718221902847,82062.77848613262,0,0,0,0,0,0,0,0,0,104.06,Garut,29000.0,ZNT
108.0342025638603,-6.55491855572173,0.730639742480384,0.19827694109359992,0.604938268661499,0.30239489674568176,,,,,406.2855822062122,10123.03986910517,27002.83176519031,5126.750137329102,30083.779387176037,0,0,0,0,0,0,0,0,0,105.96,Indramayu,6000.0,ZNT
108.0264082797588,-6.617304726168126,0.646579427851571,0.23242583793970034,0.604938268661499,0.4571227729320526,,,,,480.6547697006948,12301.5828425038,24573.909451656637,10171.922553062439,34467.06911331415,1,0,0,0,0,0,0,0,0,105.96,Indramayu,46000.0,ZNT
108.50159490150826,-6.4975480319236105,0.7897493508127,0.008949141442313452,0.8765432238578796,0.07052820175886154,,,0.36138293147087097,,260.67897385355906,16227.044549797369,18128.93314453987,7468.194212436676,41768.95680052042,0,0,0,0,0,0,0,0,0,105.96,Indramayu,217500.0,ZNT
107.21001980738832,-6.0365776267046565,1.0,0.02992114564540977,1.0,0.28783556818962097,,,0.4513591527938843,,31.647670467310725,25306.74249278338,6647.70439432996,6155.974333763123,39183.87386357784,0,0,0,0,0,0,0,0,0,107.68,Karawang,48000.0,ZNT
107.11263910730496,-6.022993272046994,0.7712931699222989,0.08290399046312567,0.604938268661499,0.3278357684612274,,,0.4611039459705353,,149.3076027249034,20126.387499101187,11227.346064147394,11398.73852276802,64508.423922777176,0,0,0,0,0,0,0,0,0,107.68,Karawang,41000.0,ZNT
107.49166358559145,-6.301979696639559,0.770046141412523,0.11792468909925413,0.6790123581886292,0.4088495671749115,,,0.4708080589771271,,113.1611781627803,11822.485661833216,10320.08414782636,9920.905630588531,76216.83173060417,0,0,0,0,0,0,0,0,0,107.68,Karawang,29000.0,ZNT
107.69085572693285,-6.9314937774559136,0.8949993848800659,0.30044267072037717,0.9012345671653748,0.8736864328384399,,,0.29850661754608154,,41.52094317141851,297.4304747213503,1961.704633984911,203423.61713790894,1063716.8711185455,13,3,11,3,8,1,1,6,21,119.75,Kota Bandung,10890000.0,ZNT
107.56869455084056,-6.938072079720017,0.898729768064287,0.4824782119622872,,0.9228793978691101,,,,,17.244487721977034,157.85473757522848,2049.6408239709044,291648.1256904602,1504164.9604549408,17,6,16,7,31,0,2,9,39,119.75,Kota Bandung,2814000.0,ZNT
107.64317622429112,-6.9026090144473224,0.8957636555035909,0.6043061437842807,0.654321014881134,0.9137696027755737,,,,,1.535774023206997,299.1571824244129,444.4743874237923,352642.55948638916,1735369.940788269,151,10,36,14,60,3,9,24,63,119.75,Kota Bandung,5157000.0,ZNT
106.98209386563259,-6.308652290221616,0.9089662300215827,0.290545830363306,0.5555555820465088,0.584715723991394,,,,,25.075563054532537,174.48872653122672,3627.199753738416,180873.23184204102,1026164.5044898987,32,0,9,2,7,0,0,35,73,111.13,Kota Bekasi,2516000.0,ZNT
106.99589712413706,-6.279766055213446,0.8978675802548727,0.12743484810432826,0.8765432238578796,0.5452994108200073,,,,,12.540406074673532,503.5068207396067,351.3102547994288,188928.541305542,1229586.584262848,164,8,18,3,12,0,0,16,45,111.13,Kota Bekasi,2157000.0,ZNT
107.03682499988197,-6.234910372218184,0.868063337273068,0.13793249882020703,0.7037037014961243,0.4320770800113678,,,,,0.44112010987084527,2036.164986936256,1339.2785014651995,179390.19542312622,963529.5858154297,22,3,13,6,11,1,1,24,37,111.13,Kota Bekasi,947000.0,ZNT
106.77505636433108,-6.571863400874744,0.9771791895230612,0.7444590828377052,,0.8111705780029297,,,,,16.60102592947513,1539.6033170104554,1021.5560859818426,174173.5676803589,870792.2556285858,229,9,23,9,19,0,0,197,495,109.26,Kota Bogor,1143000.0,ZNT
106.83462936704424,-6.631641552462085,0.9499937693277994,1.5122738639874576,,0.626624584197998,,,,,51.84176056457335,805.3615677486122,3341.803140621813,96075.24383354187,546455.2686471939,95,0,7,10,15,1,2,92,238,109.26,Kota Bogor,720000.0,ZNT
106.82464384579244,-6.614977322677922,0.9633370902803209,1.317784664923334,,0.6385724544525146,,,,,7.446554119212232,1630.9206004049872,1695.2550927803638,128892.40113449097,667650.0996694565,275,4,12,15,18,2,2,143,346,109.26,Kota Bogor,5051000.0,ZNT
108.54460247025088,-6.732506994726495,0.9070956707000732,0.2947858187423672,0.7530864477157593,0.28504320979118347,,,0.4506320655345917,,3.936459104966562,350.0450910078119,560.2691195196165,157034.47798919678,674304.3929738998,170,6,8,5,5,0,1,16,21,103.86,Kota Cirebon,5024000.0,ZNT
108.56930485548337,-6.709067783717588,0.8965437213579813,0.29875542404858535,,0.21079713106155396,,,0.22397081553936005,,69.04078242367417,455.6124460680468,497.6529329842498,102872.1004371643,438112.80761289597,142,4,7,4,4,1,1,12,19,103.86,Kota Cirebon,1648000.0,ZNT
108.573409093601,-6.737005113012294,0.8825290004412333,0.07218547771507547,0.7777777910232544,0.34252816438674927,,,0.4271562099456787,,82.32455551002367,1064.9353017858598,2179.633399634917,146838.19802474976,518996.91523456573,40,2,7,1,5,0,1,8,19,103.86,Kota Cirebon,335000.0,ZNT
106.91537680288539,-6.974296004989553,0.913409067524804,2.3805357776325735,0.6790123581886292,0.9793063402175903,,,,,86.0907392981012,5687.531531512942,5868.297352908163,25071.951937437057,187268.10820889473,17,0,0,0,0,0,0,17,18,102.07,Kota Sukabumi,870000.0,ZNT
106.93797546271853,-6.956737664956578,0.9363072845670912,1.3230388490432177,0.5,0.9809836745262146,,,,,60.69204698248218,3606.2164821611123,4137.056302490173,51613.64790916443,297537.05792689323,4,0,6,0,5,0,1,7,51,102.07,Kota Sukabumi,732000.0,ZNT
106.94837233783839,-6.914364381063668,0.8775444891717699,2.5740867172017925,,0.89988774061203,,,,,70.69528037684287,1552.5140547205353,1139.8984201454573,71091.13878631592,351377.4539337158,97,6,8,5,5,1,1,35,44,102.07,Kota Sukabumi,755000.0,ZNT
108.23644716116723,-7.309295890732345,0.9225589169396294,0.525979469794475,0.7460317611694336,0.7064633369445801,,,,0.20000000298023224,68.81297179085901,1021.9198469221824,1516.0756666960465,69098.19749927521,401320.72344970703,0,2,2,0,1,0,0,1,3,102.27,Kota Tasikmalaya,331500.0,ZNT
108.18982302101747,-7.408849768846368,0.5290963583522372,2.7697276213708983,,0.6836841702461243,0.3544158339500427,,,,342.3953841695854,10256.03636009817,6967.106554039245,22500.227326393127,137198.17198967934,0,0,0,0,0,0,0,0,0,102.27,Kota Tasikmalaya,29000.0,ZNT
108.26562455108282,-7.335378352752532,0.8433720005883111,0.897141788850447,,0.726904034614563,,,,,1.122200387517004,2268.2439934514487,4466.628324189922,37579.88758468628,289729.64211034775,0,0,2,0,0,0,0,0,3,102.27,Kota Tasikmalaya,381000.0,ZNT
108.68652994928765,-6.974544960071753,0.32687527272436356,1.2078156889014908,,0.1735765039920807,0.5366355776786804,,,,681.8514969785934,10182.04007047166,7716.158472768074,12616.7169110775,60991.920485019684,0,0,0,0,0,0,0,0,0,99.49,Kuningan,37500.0,ZNT
108.57715763791789,-7.008306714663282,0.7922434210777283,1.1524104797050243,,0.550605058670044,,,,,444.954840009906,18442.290954460495,5634.531223403681,21961.994995117188,130618.22568964958,0,0,0,0,0,0,0,0,0,99.49,Kuningan,95500.0,ZNT
108.6442464152571,-7.110313947944813,0.6569895322124163,2.5862549581151066,,0.1453901082277298,1.0,,,,24.521630588775235,18175.826990391237,4030.9037085785653,5679.55093061924,30702.03901284933,0,0,1,0,0,0,0,0,0,99.49,Kuningan,149000.0,ZNT
108.17190382944246,-6.765695352013895,0.9023569027582804,0.6371527193925115,0.694444477558136,0.46144723892211914,,,,,9.66388230685897,352.72712821801645,2655.1100057029776,36213.12135601044,124018.76888811588,0,1,1,0,0,0,0,0,1,100.2,Majalengka,596000.0,ZNT
108.09136847350501,-6.632957908436232,0.8123207224739922,0.13084401920671568,0.8888888955116272,0.41128528118133545,,,,,19.26909677596895,11875.391778594898,18298.952362505723,3617.0569013357162,35960.97044336796,0,0,0,0,0,0,0,0,0,100.2,Majalengka,,ZNT
108.25750649969683,-6.661164756681332,0.8346427215470208,0.03917439585968689,0.7777777910232544,0.31083419919013977,,,,,39.66579206970064,3558.6465568542385,13043.161830907571,12375.308718919754,79237.58038377762,0,0,0,0,0,0,0,0,0,100.2,Majalengka,128000.0,ZNT
107.46125387442773,-6.451453099113451,0.7648085753122965,0.201323536978939,0.6888889074325562,0.5100211501121521,,,,,70.49093946047691,2702.208782934443,5528.75422991544,47136.66004753113,220879.02157092094,0,0,0,2,2,0,0,0,1,107.59,Purwakarta,292000.0,ZNT
107.46413843998843,-6.584259161432952,0.8337697982788086,1.774841724879876,,0.42745399475097656,,,,,195.2207328158799,2482.0572139906153,5625.540600136326,20928.712751865387,135270.57123804092,0,0,0,0,1,0,0,0,5,107.59,Purwakarta,325000.0,ZNT
107.49249807347933,-6.611824523391405,0.7475596268971761,2.8045477443252067,,0.5067691206932068,,,,,22.723161355334728,6828.025399024408,9837.579452601607,11332.941416978836,56880.57514500618,0,0,0,0,0,0,0,0,0,107.59,Purwakarta,824000.0,ZNT
107.66599916974972,-6.521001825159269,0.8053373164600797,0.12137389316471459,,0.47368383407592773,,,,,9.660824189376717,10819.50862079522,13865.396393132234,26816.679097652435,97608.17742180824,22,0,0,1,1,0,0,4,5,106.39,Subang,1023000.0,ZNT
107.59467731200314,-6.314734196532201,0.7896246578958299,0.1101659517766142,0.45679014921188354,0.3396987318992615,,,0.45528456568717957,,14.314265502112413,10550.725968526373,10640.154098244537,8619.940433263779,59302.39044165611,0,0,0,0,0,0,0,0,0,106.39,Subang,116000.0,ZNT
107.63147664928444,-6.7179892894626,0.6666666865348816,6.834881840816363,,0.4821571111679077,0.6666666865348816,,,0.6000000238418579,299.34853717237826,2568.0206015313524,10307.302213601382,6232.5762177705765,48198.285642147064,0,0,0,0,0,0,0,0,0,106.39,Subang,192000.0,ZNT
106.54160072978308,-6.829931191594336,0.9162452022234598,10.68571822408474,,0.6193066239356995,1.0,,,,3446.0769283447985,24237.49693418997,20639.522550400845,997.8771630823612,8857.220220327377,0,0,0,0,0,0,0,0,0,100.92,Sukabumi,45000.0,ZNT
106.59983485471037,-6.943159781994309,0.7054193483458625,4.897020277838286,,0.8041967749595642,0.6666666865348816,,,,366.47758886208004,20704.057211710657,6615.167949153408,4781.51208281517,30560.62102174759,0,0,0,0,0,0,0,0,0,100.92,Sukabumi,75000.0,ZNT
106.90182446738487,-7.217764672929272,0.8361612094773186,2.710712803636282,,0.9234001636505127,,,,,112.33649965359959,32290.43996864425,2026.779809741718,9917.968482494354,45722.70195937157,5,3,4,0,0,0,0,6,6,100.92,Sukabumi,1356000.0,ZNT
107.8446005550906,-6.7227946449825495,0.6666666865348816,5.851205289123954,,0.2865685820579529,0.6666666865348816,,,,3.148821866182175,5051.988928528096,17313.055396252723,5682.242093801498,40933.596039652824,0,0,0,0,0,0,0,0,1,101.51,Sumedang,25500.0,ZNT
108.17678181043888,-6.904992078173814,0.8464985489845276,4.524331352157244,,0.04892866313457489,1.0,,,,26.39398252912586,8842.875948923973,8630.313294067604,2712.1592239141464,22907.214598178864,0,0,0,0,0,0,0,0,0,101.51,Sumedang,35000.0,ZNT
108.01338645162808,-6.90739053860174,0.8945943183369107,3.3631131003905197,,0.16772305965423584,1.0,,,,476.7358893694234,4560.146895599899,11359.251310855496,2011.6176347732544,27942.958615779877,0,0,0,0,0,0,0,0,0,101.51,Sumedang,22000.0,ZNT
107.97710801912913,-7.2773740201436095,0.981234974331326,12.132100689189205,,0.5515339374542236,1.0,,,,2385.2816632101335,10639.616954210294,9003.589191237368,4261.712975263596,30718.38819396496,0,0,0,0,0,0,0,0,0,98.35,Tasikmalaya,33000.0,ZNT
108.12451326511484,-7.749483136655375,0.6568783521652222,1.241176603243623,,0.30366751551628113,0.6666666865348816,,,,254.91284227931152,46992.43431763513,9187.756422217843,4933.506968259811,28889.859878063202,0,0,0,0,0,0,0,0,0,98.35,Tasikmalaya,37000.0,ZNT
108.02407453972883,-7.473877981903876,0.7473947339587741,7.646782691691126,,0.7265524864196777,1.0,,,,158.10648585343037,25575.54793075158,15588.2522910787,6397.728522539139,36402.46518421173,0,0,0,0,0,0,0,0,0,98.35,Tasikmalaya,46000.0,ZNT
109.63912388663003,-7.311711013166189,0.6756292051739163,9.748834314361565,,0.07383500784635544,1.0,,,,63.34588264591511,23953.28741295031,10406.848754259448,5280.332632303238,35924.940057873726,0,0,0,0,0,0,0,0,0,100.34,Banjarnegara,96000.0,ZNT
109.65551447273143,-7.3182609565627486,0.7401838807596101,4.716991755192981,,0.06862996518611908,1.0,,,,13.442536993061042,22776.785721708897,11709.304692236588,6092.515656232834,46976.18363440037,0,0,0,0,0,0,0,0,0,100.34,Banjarnegara,110000.0,ZNT
109.64829914238896,-7.362760981165947,0.5803466803497739,2.359326179524839,0.7037037014961243,0.1406388133764267,,,0.4337206184864044,,48.283523428183685,24771.98967395873,10036.056933880203,16208.83412194252,91529.23115825653,0,0,0,0,0,0,0,1,1,100.34,Banjarnegara,257000.0,ZNT
108.98411882735981,-7.402139981333401,0.6774863501389822,1.0525121568955695,0.7777777910232544,0.17629240453243256,0.6666666865348816,,,,91.70126248458199,11570.701029201618,10491.75238073596,6959.748372077942,41560.88785195351,0,0,0,0,1,0,0,0,2,100.24,Banyumas,44000.0,ZNT
109.0722172290564,-7.395911210464403,0.6847487224472893,2.2446109722280134,0.6296296715736389,0.40137001872062683,0.6666666865348816,,,,20.445726871738696,4805.485172310881,2019.5746584758006,28459.004544734955,109214.71643924713,6,1,1,0,0,0,0,3,3,100.24,Banyumas,143000.0,ZNT
109.1199171394454,-7.346621659413948,0.5271173119544983,6.605704385917411,,0.36006787419319153,0.6666666865348816,,,,43.558890808419996,3696.201432621906,8663.641025064106,5373.740994215012,45920.5798946023,1,0,0,0,0,0,0,0,0,100.24,Banyumas,47000.0,ZNT
109.76099373991171,-6.897995778005589,0.8031104803085327,0.10779481468837836,0.9047619104385376,0.062425319105386734,,,0.3667076528072357,,162.890425785386,1918.2812480322905,4952.229474862793,18155.64536190033,142429.49720430374,0,0,2,0,0,0,0,0,7,98.83,Batang,119500.0,ZNT
109.86346395155151,-6.9473106809973455,0.7626247604688009,3.46869526385043,,0.007548775989562273,1.0,,,,1197.3576138783376,4265.266500601115,10201.714552416215,10447.739862680435,73918.25838279724,0,0,0,0,0,0,0,3,9,98.83,Batang,117000.0,ZNT
109.75843381076604,-7.101878408601317,0.7785981363720365,10.861999050161636,,0.0011240231106057763,1.0,,,,944.8181781873028,14051.720992527653,14197.922732704998,1934.3137974143028,17203.920611798763,0,0,0,0,0,0,0,0,0,98.83,Batang,13500.0,ZNT
111.23760381457744,-7.23595039985613,0.7948019968138801,0.9254555038413527,,0.11240166425704956,0.3333333432674408,,,,144.2173038344413,7056.214287905515,22987.739745496758,1234.3057500720024,12536.293540298939,0,0,0,0,0,0,0,0,0,101.19,Blora,25000.0,ZNT
111.44096704459858,-6.9201949336744315,0.8130689528253343,0.24672898799563672,0.7777777910232544,0.11385171115398407,,,,,102.1043459076725,5978.47200920149,5685.817429494621,9981.819270849228,52436.57082891464,0,0,0,0,0,0,0,0,0,101.19,Blora,198000.0,ZNT
111.38314660164421,-6.934543549977018,0.8153136240111457,0.39261355698466216,0.5061728358268738,0.12902234494686127,,,,,17.850726244504255,6097.72578464606,5487.152435928208,7101.568781137466,52009.791681051254,0,0,0,0,0,0,0,0,0,101.19,Blora,73500.0,ZNT
110.81383120834262,-7.2390862183940445,0.26318824084268677,1.6796296054430275,,0.10928092151880264,0.6666666865348816,,,,10.419217366204947,4929.721176116134,16205.387368797778,3517.9397715330124,25749.437821507454,0,0,0,0,0,0,0,0,0,99.67,Boyolali,13500.0,ZNT
110.50889687729749,-7.4759350172376955,0.3580578731165992,7.6738779882612835,,0.14134733378887177,0.6666666865348816,,,0.25,102.54773297006922,5581.214789816141,9841.307786165156,9624.161102294922,71545.66969251633,5,0,0,0,1,0,0,10,32,99.67,Boyolali,60500.0,ZNT
110.64205441633987,-7.356951142272094,0.8396308686998155,0.6754396822146601,,0.27039283514022827,,,,,88.87476615992058,754.1260227518434,443.286858370896,14386.466851234436,65576.25337600708,16,2,2,0,0,0,0,8,25,99.67,Boyolali,263500.0,ZNT
108.93688603120724,-6.973667674530252,0.848110748661889,0.14080638287966976,0.9259259104728699,0.4564969539642334,,,0.49322065711021423,,685.8517081213364,2277.2961233063584,16607.582410062558,11303.369198322296,87494.19298171997,0,0,0,0,0,0,0,0,0,101.09,Brebes,173500.0,ZNT
108.88999473307007,-6.906889794758462,0.8407835165659586,0.10535995005457101,0.7777777910232544,0.3345984220504761,,,0.4676372706890106,,1.3414778676045673,3552.6603490031057,17946.41696920712,34385.5980758667,172314.77024412155,0,0,0,0,0,0,0,0,0,101.09,Brebes,450000.0,ZNT
108.85391513975314,-7.15529326054124,0.8531510366333855,12.197535876736664,,0.12039230018854141,1.0,,,,1300.0510604219332,14560.77313208036,18749.081598515277,2837.369532942772,21194.295673131943,0,0,0,0,0,0,0,0,0,101.09,Brebes,17000.0,ZNT
108.74718882373811,-7.294223350952508,0.8923806018299527,0.9956927889787626,0.9506173133850098,0.5803025364875793,,,,,33.191342746834835,12308.793770835462,1407.948654835405,22267.75046658516,77748.70030164719,1,1,1,0,0,0,0,0,12,100.74,Cilacap,532000.0,ZNT
109.0210058957933,-7.771190366482673,0.8059776127338409,1.5354298732764728,,0.15264961123466492,1.0,,,,2132.2983251984406,4124.691481661536,3710.8431274327713,4523.328583717346,54785.46323823929,0,0,11,0,2,0,0,0,3,100.74,Cilacap,,ZNT
108.82149145080679,-7.670493242785485,1.0,0.06860774241683959,0.43209877610206604,0.0,,1.0,,,468.77809029753536,13955.50480175421,20747.635148858004,2073.4502433538437,16532.751692593098,0,0,0,0,0,0,0,0,0,100.74,Cilacap,75000.0,ZNT
110.70964876189123,-7.020427108946575,0.872677399052514,0.08789830133895658,0.5555555820465088,0.18548297882080078,,,,,80.29435775949173,449.04419698567773,6444.8157823505935,14037.708317279816,77776.03745174408,0,0,0,0,0,0,0,0,1,104.52,Demak,194000.0,ZNT
110.69112232532792,-6.946873070085422,0.9250530004501343,0.04732743507513532,1.0,0.06920024752616882,,,,,173.54215665906077,7952.411318184774,2514.1853369521687,15992.439880371094,80794.33365345001,0,1,1,0,0,0,0,0,0,104.52,Demak,99000.0,ZNT
110.51958693793313,-7.051746697374367,0.8496071894963583,0.2605549335857242,0.43209877610206604,0.20863854885101318,,,,,50.30639047496422,2844.354612091584,3757.025595098203,20026.509532928467,158032.12757587433,0,0,1,0,1,0,0,0,2,104.52,Demak,510144.0,ZNT
111.00703756988906,-7.014612368710836,0.6799361904462179,0.7039084558179451,,0.10769382864236832,,,,,224.7324314884465,12048.021525532018,10643.113959932094,2457.4784314632416,24845.5044850111,0,0,0,0,0,0,0,0,0,101.06,Grobogan,94500.0,ZNT
110.89001243486109,-7.171939698033448,0.7049507366286384,0.877991651549672,,0.2919323444366455,,,,,139.5888708830104,3073.9639627872557,8727.782365484476,11158.236725568771,63149.45333504677,1,0,0,1,1,0,0,0,0,101.06,Grobogan,132513.0,ZNT
110.87814175708989,-7.149929401361522,0.7769048545095656,0.1450269806519755,0.7283951044082642,0.31646767258644104,,,,,89.96340287718917,2160.066311247329,7047.0223542246,12153.117583274841,76296.3049223423,0,0,0,1,1,0,0,0,0,101.06,Grobogan,117000.0,ZNT
110.74218838728133,-6.686297143508963,0.8284075326389737,0.8360442956322819,0.6190476417541504,0.001293038367293775,,,,,67.77351334934283,3845.6377863787097,2721.900652458185,16247.823794841766,114090.53922200203,0,1,1,0,0,0,0,0,1,102.04,Jepara,157050.5,ZNT
110.61072911390758,-6.71267988654892,0.8540668725967407,0.01743606763008294,0.8888888955116272,0.0001231715432368219,,,0.33404046297073364,,636.7039336518346,10989.82170574112,14245.228334542137,4830.380529165268,24158.015166401863,0,0,0,0,0,0,0,0,1,102.04,Jepara,59000.0,ZNT
110.76504900913488,-6.716040510825825,0.8294863171047635,0.6841742972695914,0.6666666865348816,0.00603073975071311,,,,,34.75029406592484,6576.245691183095,3886.084349691663,14000.193355083466,132990.20333456993,0,0,2,0,1,0,0,1,1,102.04,Jepara,297500.0,ZNT
111.06312726051135,-7.505482561907312,0.838633245891995,2.0192606790020857,,0.3084333837032318,,,,,165.15654412795038,3841.3773453724434,3096.4816487562507,10156.625772476196,71567.15329122543,2,0,1,0,0,0,0,8,12,101.1,Karanganyar,185000.0,ZNT
110.93804007372712,-7.616383862112102,0.8226711617575752,0.4464894413263578,,0.5660349130630493,,,0.5032447576522827,,121.58122763127813,2269.5664353225425,3045.641262623512,21338.503407001495,144415.58681964874,0,0,4,0,2,0,0,1,1,101.1,Karanganyar,260000.0,ZNT
111.0647527378351,-7.662439087419858,0.6225392619768778,3.451554967324168,,0.38077643513679504,0.6666666865348816,,0.42815834283828735,,113.62247062076788,12113.33967201028,6117.101304270837,11469.398295879364,65048.95097589493,4,0,0,0,0,0,0,8,10,101.1,Karanganyar,376000.0,ZNT
109.4599342238824,-7.748643263108813,0.6666666865348816,4.151894795373066,,0.046574681997299194,0.6666666865348816,,,,115.1322081171104,14928.409202967126,14268.657488804522,7973.740492582321,34695.06351304054,0,0,0,0,0,0,0,0,0,96.9,Kebumen,128000.0,ZNT
109.71688387921084,-7.750259222715352,0.9972565174102783,0.10632279810379676,1.0,0.5411868691444397,,,0.5448508858680725,,590.7997883142791,4176.550713952517,7932.19656113199,7204.899075984955,72732.37509727478,0,0,0,0,0,0,0,0,0,96.9,Kebumen,81000.0,ZNT
109.77449704187879,-7.6895255883077125,0.748873213926951,0.953348463251909,0.7777777910232544,0.24282610416412354,,,0.4504612386226654,,41.99075180918876,4665.153705654178,4204.05971961475,12732.269122838974,78717.73051261902,0,0,1,0,0,0,0,0,0,96.9,Kebumen,162000.0,ZNT
110.29185516944516,-7.1158564626791465,0.8781643708546957,3.0922779355706624,,0.16806738078594208,,,,,49.089193553372404,3008.472716110428,2121.410913126945,14440.087070941925,87577.80492568016,9,1,2,0,0,0,0,7,10,101.27,Kendal,444000.0,ZNT
110.19083669113998,-6.870820578831657,0.8861454129219055,0.10603225300032816,1.0,0.08494232594966888,,,0.44529059529304504,,29.790897044749414,5579.837673978824,5534.470753220643,18673.53562784195,61259.40516591072,0,0,0,0,0,0,0,0,0,101.27,Kendal,21000.0,ZNT
110.12870073579593,-6.932672342154486,0.8613293435838487,0.12609467939293562,0.654321014881134,0.12306074798107147,,,0.5145038366317749,,10.085907167283192,797.8965771825682,2954.301514417298,26890.605674266815,155719.0630991459,0,1,1,0,0,0,0,0,1,101.27,Kendal,305500.0,ZNT
110.54693789145084,-7.718956023972393,0.806958470079634,0.844902567167756,,0.7888278961181641,,,0.6041531562805176,,28.10228834066971,2464.7875873893663,4581.967355594794,27454.978284835815,163787.37492465973,15,0,2,0,2,0,0,0,1,101.01,Klaten,60500.0,ZNT
110.74518353822292,-7.669427962227981,0.8277840084499783,0.19781581033846363,0.4920635223388672,0.5922085046768188,,,0.5325226187705994,,23.554019670844063,6726.128789776639,701.9609900315792,22101.26629257202,126328.25768756866,2,1,3,0,0,0,0,0,0,101.01,Klaten,486000.0,ZNT
110.74413411870655,-7.689151495629159,0.7951116032070584,0.16016586796406015,0.7037037014961243,0.6266530156135559,,,0.556151270866394,,13.126151650819855,7922.690989215324,999.436429303568,22151.470992088318,133032.45410203934,0,3,6,0,0,0,0,0,5,101.01,Klaten,75000.0,ZNT
110.21936543475582,-7.497654321826691,0.5571108261744181,1.4335897864472913,,0.1561264842748642,0.6666666865348816,,,,199.2346587426226,958.9263005806731,1396.8134473437492,135401.86351776123,305589.0131931305,24,3,6,5,5,0,0,40,133,97.38,Kota Magelang,1160000.0,ZNT
110.20661517646097,-7.476735413753402,0.7398678130573697,0.2925505509225471,0.6790123581886292,0.2517974376678467,,,,0.20000000298023224,76.78523759071139,1956.6917434784336,1096.2638899767887,60657.20169067383,301471.2603390217,36,3,7,1,5,0,0,62,147,97.38,Kota Magelang,2022000.0,ZNT
110.21663238423008,-7.471090758253157,0.8895124197006226,0.4177415583305534,,0.3760278820991516,,,,,4.903335747842645,938.0561082347648,880.2920961464717,82705.34797859192,302393.00020504,38,4,9,1,5,0,0,69,144,97.38,Kota Magelang,6626000.0,ZNT
109.68663130616142,-6.9043059708515795,0.8728020985921224,0.11109041056878381,0.7283951044082642,0.06794971227645874,,,0.3758300244808197,,6.960259435171755,2874.250999722898,1714.5149315750748,62834.571957588196,305833.8008966446,5,2,8,0,0,0,0,2,10,100.78,Kota Pekalongan,1197500.0,ZNT
109.68930679698718,-6.926556889962387,0.8784137566884359,0.20208985159282553,1.0,0.09387893974781036,,,0.38176414370536804,,44.16881169919453,4884.209906480026,2913.3919465456443,32604.651659965515,272865.6804742813,1,1,7,0,0,0,0,3,12,100.78,Kota Pekalongan,1318500.0,ZNT
109.67520210782519,-6.902597263795734,0.9186780783865187,0.08349690695323746,0.5308642387390137,0.08475755155086517,,,0.36707064509391785,,2.7096587191633454,1809.12425424107,958.4690739394695,88174.07114696503,303918.2041053772,10,5,6,0,0,0,0,4,6,100.78,Kota Pekalongan,857000.0,ZNT
110.46053762634439,-7.04541283485016,0.5839969052208794,3.145648282649635,,0.045464109629392624,1.0,,,,14.110250921706243,2003.3409892102752,1458.495963154587,61867.935254096985,418749.1324086189,24,6,8,0,2,0,0,3,7,105.47,Kota Semarang,954000.0,ZNT
110.3944284044457,-7.005930895856769,0.8514777289496528,1.3127850649943158,0.7142857313156128,0.14819861948490143,0.33168575167655945,,,,88.82975717088725,1372.106647943212,1514.2272159854338,117776.07162475586,603320.2213888168,19,10,14,1,6,0,0,2,10,105.47,Kota Semarang,1540000.0,ZNT
110.27428393202122,-7.020279520180431,0.6294488045904372,0.9715254570339212,,0.14963118731975555,,,,,901.0828637129147,5787.321722703177,7091.528209504467,8052.161953210831,73488.1743953228,0,0,0,0,1,0,0,0,3,105.47,Kota Semarang,585000.0,ZNT
109.10484661423881,-6.874516325669441,0.8688115610016717,0.15286417099143287,0.6296296715736389,0.23822647333145142,,,0.41639095544815063,,22.363680624682782,4237.191336903934,3507.715969705964,55586.96667575836,329786.47162628174,0,0,2,3,3,0,0,0,0,102.93,Kota Tegal,787000.0,ZNT
109.12705364461831,-6.853791484114992,0.8663174841139052,0.13824018822427733,0.48148149251937866,0.16857989132404327,,,0.14296649396419525,,13.408118798218986,2235.09908761224,3553.3653753406934,69436.48018074036,277480.63081789017,0,0,3,3,3,0,0,0,0,102.93,Kota Tegal,5003000.0,ZNT
109.09965077862516,-6.852356956460619,0.9205636713239882,0.02114445822882793,0.9753086566925049,0.0905064269900322,,,0.36070942878723145,,48.70437669323627,5008.766076518576,5304.473105565865,24679.315374851227,224521.40882229805,0,0,0,0,3,0,0,0,0,102.93,Kota Tegal,269000.0,ZNT
110.89678821522872,-6.641396427510483,1.0,14.291589066637533,,0.0,1.0,,,,123.38530494298901,15332.358172542963,15068.96069412895,1426.7611459493637,18445.17211830616,0,0,0,0,0,0,0,0,0,101.99,Kudus,288000.0,ZNT
110.85599658591755,-6.780541907210708,0.8436214062902663,0.6971601582046588,,0.029927920550107956,,,,,18.00801249478737,18747.42391142051,3386.7267034256856,53019.162055015564,295139.14874505997,3,0,6,0,0,0,0,6,7,101.99,Kudus,739000.0,ZNT
110.85764424387472,-6.672893002424947,0.8283572528097365,4.8810264574626805,,0.00027152843540534377,1.0,,,,150.21002914049038,16635.551600867155,10149.42717581473,4343.1737859249115,37955.007317483425,0,0,0,0,0,0,0,0,0,101.99,Kudus,288000.0,ZNT
110.17388056241055,-7.521376294187502,0.672652456495497,2.023117293199071,,0.20598064363002777,0.3333333432674408,,0.5205984115600586,,66.10229410803571,5794.401523318757,3386.1624229705226,19612.829746723175,121612.50631284714,23,0,1,2,3,0,0,38,101,98.13,Magelang,165000.0,ZNT
110.14768247910614,-7.511808450041487,0.6245079206095802,5.500687582394265,,0.06640128791332245,0.6666666865348816,,,,105.97745001261299,6874.979403873403,5972.641312062721,5157.776384115219,66977.52243077755,5,0,0,0,2,0,0,12,66,98.13,Magelang,43000.0,ZNT
110.3895469287825,-7.533572998343806,0.8833333518770006,5.68529300582369,,0.2177274078130722,1.0,,,0.8500000238418579,132.8019340492985,12530.943724511671,12166.973709671312,7093.841099977493,57883.50566327572,0,0,0,0,0,0,0,0,4,98.13,Magelang,53000.0,ZNT
110.93394056730943,-6.492566103103153,0.38909071559707326,2.8073067568702177,,0.0,0.6666666865348816,,,,481.1543592544929,2988.736966250148,3101.266245414988,7209.6522128582,55555.69755971432,0,0,3,0,0,0,0,0,0,101.79,Pati,67000.0,ZNT
110.98557025809728,-6.686589001731562,0.630627261267768,2.0235585279869728,,0.004324421286582947,,,,,204.73098345818414,10434.198307512304,7843.250629580335,6584.773545742035,44535.603424072266,1,0,0,0,0,0,0,2,2,101.79,Pati,93000.0,ZNT
110.98648135568169,-6.8840698103252445,0.8421249455875821,0.2213421560947347,0.9506173133850098,0.11980228871107101,,,0.5593136548995972,,3.4794799302743185,15637.710709751771,14092.924300713794,12091.397449493408,56257.62484622002,3,0,0,0,1,0,0,1,1,101.79,Pati,33000.0,ZNT
109.69783359971913,-7.171148951078143,1.0,14.497607714226143,,0.005511800292879343,1.0,,,,606.6821530481328,15008.27394601944,15281.442335323614,3937.1687544584274,22169.248048603535,0,0,0,0,0,0,0,0,0,98.44,Pekalongan,100000.0,ZNT
109.69618712540155,-7.1379466194513315,0.9133920735783048,11.218731003761444,,0.007797467056661844,1.0,,,,1263.8327628826055,16544.008749000463,16791.213584414265,2266.69177788496,17467.89789390564,0,0,0,0,0,0,0,0,0,98.44,Pekalongan,100000.0,ZNT
109.59542374258214,-7.1034383840194035,0.7182717588212755,8.486052036059771,,0.014822022058069706,1.0,,,,546.7655706687153,20168.85779292746,17640.755377249825,4230.309601187706,25460.274762153625,0,0,0,0,0,0,0,0,0,98.44,Pekalongan,50000.0,ZNT
109.48204240878636,-7.027780684346772,0.6182511382632785,1.047052225575688,0.604938268661499,0.1474602371454239,0.6666666865348816,,0.33849647641181946,,100.92594339631592,14475.079720396805,12358.052177201478,13466.92809176445,77861.30110692978,0,0,0,0,0,0,0,0,1,99.78,Pemalang,26000.0,ZNT
109.42215087336281,-7.147538934171174,0.770009974638621,2.7746618936631386,,0.023422686383128166,1.0,,,,444.5899305416232,18726.038961398357,17472.495756418568,9000.641059160233,39441.832996964455,0,0,0,0,0,0,0,0,0,99.78,Pemalang,27000.0,ZNT
109.23684733468698,-7.1358627539448065,0.9082179798020257,3.138610291064072,,0.22352372109889984,,,,0.20000000298023224,13.984911216908449,18225.44768380079,14640.460552907098,17907.497526168823,75574.30981898308,2,0,0,0,0,0,0,1,1,99.78,Pemalang,927500.0,ZNT
109.4425365351191,-7.257433377131395,0.8841430478625827,6.550783785986996,,0.005874194670468569,1.0,,,,3.13108224955276,10038.408433112609,6186.296672344092,5461.905163645744,38238.817578077316,0,0,0,0,0,0,0,0,0,99.22,Purbalingga,98000.0,ZNT
109.34691417850678,-7.43937931072224,0.894001755449507,0.22194174094988067,0.6790123581886292,0.39704346656799316,,,,,84.65882178007148,1576.6882671113935,2741.449200325608,19898.14047908783,152698.35966062546,3,2,2,0,1,0,0,3,17,99.22,Purbalingga,88000.0,ZNT
109.41101114426411,-7.316290320441377,0.7941139803992378,0.033878391253340995,,0.20380139350891113,0.3144133388996124,,0.33410829305648804,,50.87337739108174,5065.185374623194,1333.979097377714,14287.548050880432,87182.07091021538,0,1,1,0,0,0,0,0,0,99.22,Purbalingga,140915.0,ZNT
109.85921988890733,-7.665313119284678,0.43238624102539486,2.5980528083483923,0.761904776096344,0.21245355904102325,0.6666666865348816,,0.40933117270469666,,96.73623408476773,6575.686714737268,8254.44211630698,4823.146399021149,32471.963707327843,0,0,0,0,0,0,0,0,0,97.13,Purworejo,11000.0,ZNT
109.8352742796206,-7.806060678437379,0.9773039089308845,0.3873972503097517,0.9259259104728699,0.4884921610355377,,1.0,0.8718515038490295,,12.146790257402515,9435.371668268339,8589.556182745244,12089.866651296616,53468.25440907478,0,0,0,0,0,0,0,0,0,97.13,Purworejo,24000.0,ZNT
109.89408913973726,-7.823918228679867,0.8690609799491035,0.4415267463479697,0.8518518805503845,0.5196544528007507,,,0.7699155211448669,,88.01523262622823,9951.551897405545,5518.394860434981,10278.742960691452,48370.0345594883,0,0,0,0,0,0,0,0,0,97.13,Purworejo,138000.0,ZNT
111.40674814993261,-6.804138062986824,0.7555804914898343,0.40921340255473915,,0.025621576234698296,,,,,418.89609235109975,3033.8867735696517,2831.4337674491912,6345.619110822678,38223.39035606384,0,1,1,0,0,0,0,0,2,101.76,Rembang,183000.0,ZNT
111.38860107199041,-6.821230051757459,0.6983414358562894,0.984390467192886,0.9012345671653748,0.05514640361070633,,,,,80.63685353682195,1620.3978531629834,1790.7083583738756,7924.188004493713,38114.82984101772,1,1,2,0,0,0,0,0,0,101.76,Rembang,104000.0,ZNT
111.46428566828213,-6.760349174543628,0.7367502186033461,0.7536203814444395,0.5,0.0062194704078137875,,,,,216.56656578820196,2993.8463041927803,2383.9654491722986,7997.934533596039,51347.12518572807,0,1,1,0,0,0,0,0,0,101.76,Rembang,100500.0,ZNT
110.48941740485698,-7.309212022246696,0.8585858543713888,2.941880635771387,,0.23978868126869202,,,,,0.8061414538271154,2854.039280057038,212.44700996139645,49909.146317481995,197088.81873965263,49,4,8,4,4,0,0,11,27,103.0,Salatiga,846000.0,ZNT
110.51898212818529,-7.301978854465176,0.8062102529737685,2.3197451225850862,0.7222222089767456,0.28842294216156006,,,,,3.1288318273557434,5445.253772595249,1035.0013275779324,20747.326241493225,166152.58859443665,4,1,6,1,4,0,0,4,25,103.0,Salatiga,371000.0,ZNT
110.52756884257619,-7.344136107028941,0.8099513649940491,1.730901320876556,,0.31748726963996887,,,,0.20000000298023224,79.54801861871464,2470.4859163772203,2186.9279371120056,28234.884863853455,186576.3416905403,19,4,7,0,2,0,0,24,38,103.0,Salatiga,467000.0,ZNT
110.49857061356688,-7.1385142839408875,0.5665565000640022,4.9915969790658465,,0.042556945234537125,0.3333333432674408,,,,567.6200373227103,9431.244604892341,9250.044621192845,5380.297544121742,45869.215502381325,0,0,0,0,0,0,0,0,1,105.94,Semarang,60500.0,ZNT
110.4353892623554,-7.386005929654837,0.4131099416149987,7.7390792536783986,,0.3460221290588379,0.3333333432674408,,,0.10000000149011612,187.6837857505083,7216.353128438833,5691.977079961355,13698.937494277954,64480.17843794823,0,0,0,0,0,0,0,0,12,105.94,Semarang,65000.0,ZNT
110.41265578665615,-7.319122738218123,0.7377681732177734,13.71455942219586,,0.02990073710680008,1.0,,,,245.02674177535079,6083.054794589754,2897.862318661634,8615.857261419296,53381.41842341423,0,1,1,0,0,0,0,4,12,105.94,Semarang,47000.0,ZNT
111.10871713220438,-7.45889601416979,0.8360144760873582,0.9859914371935524,,0.43337053060531616,,,,,39.69648650207567,6038.320848209121,8935.588023938153,10010.756597995758,65972.51761114597,0,0,0,0,1,0,0,0,1,99.1,Sragen,143000.0,ZNT
111.11425377510704,-7.413750705906799,0.8542212314075894,0.2626381944600437,0.7777777910232544,0.40446117520332336,,,,,27.95168622980943,997.9815477380779,8388.330146156855,15225.675895690918,77865.44309139252,0,0,0,0,0,0,0,0,0,99.1,Sragen,97000.0,ZNT
110.89561614700317,-7.391547589653964,0.8620775606897142,0.7077127964409465,0.7037037014961243,0.38506942987442017,,,,,9.60342289963521,7005.515390744911,7460.413962360477,12630.222682476044,69386.20899224281,0,0,0,0,0,0,0,0,0,99.1,Sragen,389000.0,ZNT
110.81024373180695,-7.753143001382854,0.36934205724133384,2.6895477775896373,,0.4540235102176666,,,0.49481070041656494,,209.04950588897285,6953.1809399741915,2567.608377803362,14827.741483688354,92271.56870794296,0,1,1,1,1,0,0,0,0,100.72,Sukoharjo,59000.0,ZNT
110.8321225116074,-7.78372941929721,0.7083915637599097,10.25748320621587,,0.4401699900627136,1.0,,,,183.5963700231048,6217.653227088396,6198.751432794017,9160.494709730148,69468.58702039719,0,0,0,0,0,0,0,0,2,100.72,Sukoharjo,118000.0,ZNT
110.79329079082423,-7.663786677139314,0.8492330776320564,0.09969055746357644,0.7037037014961243,0.539599597454071,,,0.5258051156997681,,7.031749586832716,4540.076036976183,4641.448055204136,16762.147726535797,134111.88184261322,0,0,2,0,4,0,0,0,1,100.72,Sukoharjo,438000.0,ZNT
110.8104247622912,-7.535886875727605,0.8989899158477783,0.18931548048868138,0.8765432238578796,0.45725685358047485,,,,,19.80572493069201,280.3724304853405,1116.6634649790747,75382.62817192078,413971.33006954193,64,6,18,2,12,0,0,69,138,102.1,Surakarta,900000.0,ZNT
110.82172028652239,-7.582971689485562,0.8989899158477783,0.11575263315095223,0.7530864477157593,0.5115530490875244,,,0.5053731203079224,,9.127582213904065,124.22662029945734,1066.5426572761785,91353.52292251587,434494.7607574463,126,6,15,12,15,0,1,43,107,102.1,Surakarta,5296000.0,ZNT
110.85087208091728,-7.553149469259567,0.8645716243320041,0.1283884421703931,0.5873016119003296,0.38115596771240234,,,,,54.476204683258246,417.73955811765734,1000.7956340524659,74825.64139938354,377717.60231399536,42,7,12,5,11,0,1,30,93,102.1,Surakarta,3302000.0,ZNT
109.19593238792896,-6.920806049208974,0.8530988891919454,0.18302332759472148,0.7333333492279053,0.20633730292320251,,,0.40643584728240967,,31.56341164106097,5975.333927874747,6384.65509297451,22967.08466053009,150651.61082410812,0,0,0,0,0,0,0,0,1,98.74,Tegal,746000.0,ZNT
109.05718896361488,-6.98597606514571,0.8396308885680305,0.2614770115806469,0.654321014881134,0.4154517948627472,,,,,47.924853303062406,8296.502917095282,8926.245579105622,22168.761096954346,126333.54214334488,1,0,0,0,0,0,0,0,0,98.74,Tegal,165500.0,ZNT
109.08364913979753,-7.018050324546039,0.8554682599173652,0.40946286800561793,0.6790123581886292,0.37855690717697144,,,,,518.4345856469556,3784.078250882247,6545.849453319642,17637.202302455902,121953.29851675034,0,0,0,0,1,0,0,0,3,98.74,Tegal,150000.0,ZNT
110.2180881180664,-7.258506116094673,0.29646141413185334,0.7220302012437041,,0.12130247056484222,0.6666666865348816,,,,105.59947415628177,7357.9643919357095,7118.226813375088,10227.006477832794,65266.0041809082,0,0,0,0,0,0,0,0,0,99.05,Temanggung,68000.0,ZNT
110.30917808849908,-7.30004458130785,0.5469377988742458,5.798418999778442,,0.05659003183245659,0.6666666865348816,,,,209.6922522320977,3132.9077965194956,9538.36440215077,8002.570967912674,52805.40858912468,0,0,0,0,0,0,0,0,3,99.05,Temanggung,76000.0,ZNT
110.07400837308873,-7.255326176999141,0.8705574141608344,3.111396879143495,,0.18511615693569183,,,,,24.89030433710827,4730.555205489263,12477.108084748219,18502.854226589203,119222.11746692657,1,0,0,0,1,0,0,4,6,99.05,Temanggung,362000.0,ZNT
110.77607288567785,-7.885230562613385,0.7379568881458707,4.4078175712073175,,0.14686746895313263,0.9145517945289612,,,,6.047809271686208,16691.01582224561,15139.014872027821,3995.6810240745544,34504.50707030296,0,0,0,0,0,0,0,0,0,97.29,Wonogiri,51000.0,ZNT
110.94576189403678,-7.884366540302696,0.6666666865348816,2.522597139482558,,0.2599486708641052,0.6666666865348816,,,,601.4179764186687,2734.435847462618,7820.12673495132,4657.780338048935,22221.964180350304,0,0,0,0,0,0,0,1,1,97.29,Wonogiri,28000.0,ZNT
111.17718254786877,-7.774018528474151,0.8753464553091261,5.592467782728767,,0.130781352519989,1.0,,,,195.86467720798532,12479.839329329634,11090.45189456422,3762.007756948471,30170.583553373814,0,0,0,0,0,0,0,0,0,97.29,Wonogiri,72500.0,ZNT
109.78315073047816,-7.4762667859483996,0.7922256920072768,4.7966846719761485,,0.11693203449249268,1.0,,,,508.9593585540952,25265.105159466693,12883.797656820325,4008.2268183231354,25779.710318684578,0,0,0,0,0,0,0,0,0,98.91,Wonosobo,30000.0,ZNT
109.8613058227469,-7.383990186596079,0.3333333432674408,2.4257044383236193,,0.06842096894979477,0.6473104357719421,,,,113.07097309623157,19989.641196174627,4421.444980463532,9472.49770283699,105113.13299107552,0,0,2,0,1,0,0,2,12,98.91,Wonosobo,60000.0,ZNT
109.86148588524843,-7.504165838890162,0.833715428908666,12.029626037129274,,0.014715711586177349,1.0,,,,694.4611809668645,24209.240769591102,9988.857078998719,3452.271788239479,27099.60958224535,0,0,0,0,0,0,0,0,2,98.91,Wonosobo,39000.0,ZNT
112.85643933914278,-7.14721417100081,0.657313863436381,0.6275063815110474,0.7777777910232544,0.17495477199554443,,,,,329.69484149604506,1274.2088069490594,15065.634892155304,10453.175915002823,43985.690083265305,0,0,0,0,0,0,0,0,0,96.7,Bangkalan,563000.0,ZNT
112.79759109069478,-7.0038522089697866,0.8957476019859314,0.16263571823723988,1.0,0.09349001944065094,,,0.4515473246574402,,442.0359255265873,6278.626872040531,4989.4267874409115,9880.766920566559,81084.03496646881,0,0,1,0,0,0,0,0,0,96.7,Bangkalan,268000.0,ZNT
112.85749865250642,-7.097728843490134,0.5816854702101814,1.121024423696341,,0.14562855660915375,,,0.5469968914985657,,108.31913698943798,6777.9340650509,13232.010684757099,9423.896167755127,61835.80775165558,0,0,0,0,0,0,0,0,1,96.7,Bangkalan,390500.0,ZNT
114.2470430419096,-8.089008800727319,0.8953131900893317,14.300430149240869,,0.1620737612247467,0.6666666865348816,,,0.25,850.7633669512851,17067.574384401618,14122.428017585255,1246.7875447273254,9406.718861550093,0,0,0,0,0,0,1,0,0,95.4,Banyuwangi,,ZNT
114.12796147010826,-8.254122106570332,0.6532038185331557,4.190376032596804,,0.563759982585907,0.4511643350124359,,,0.3499999940395355,82.66534460941477,5525.738518585117,5881.475638320153,2981.4607741832733,26262.83781313896,0,0,0,0,0,0,0,0,5,95.4,Banyuwangi,261000.0,ZNT
114.39261425418763,-8.001677412462895,0.5577501555283865,1.8860964011837673,,0.2739478349685669,,,,,326.4857034507875,14180.120015889266,23194.90943554796,10978.427945613861,47562.47223329544,0,0,0,0,0,0,0,0,0,95.4,Banyuwangi,104000.0,ZNT
112.54978292171782,-7.809279395760103,0.7872213390138414,6.789617083578015,,0.1369965374469757,0.3333333432674408,,,,1090.1156641849034,8291.919358512323,3910.0724649288422,4365.067081928253,42021.79060804844,0,0,1,0,0,0,0,0,0,95.11,Batu,391000.0,ZNT
112.5649911607372,-7.759330895421286,0.939628991815779,15.60280201845544,,0.15350960195064545,1.0,,,0.25,1146.6701200201899,14084.812508749481,9630.912790813203,1553.7267757058144,15501.457883417606,0,0,0,0,0,0,0,0,0,95.11,Batu,,ZNT
112.5409746369375,-7.895308743942288,0.7654320995012919,4.7716169109072,,0.2087840884923935,,,,,23.81837385187023,770.398853633704,1207.7148291796607,34100.29400348663,158872.717269063,18,2,6,6,7,0,0,5,9,95.11,Batu,2397000.0,ZNT
112.40586539043383,-8.066127966418037,0.494395116964976,3.572840415829997,,0.2989349663257599,0.7316822409629822,,,,446.3676645906638,9732.210448840764,10118.982430076816,4919.30039024353,35680.87175655365,0,0,0,0,0,0,0,0,0,93.15,Blitar,355000.0,ZNT
112.17551179688712,-8.26950402703487,0.6666666865348816,2.2734368127509224,,0.36309894919395447,0.6666666865348816,,,,646.660802210773,18706.06452644652,7170.929282542488,2163.1284806132317,17285.415512025356,0,0,0,0,0,0,0,0,0,93.15,Blitar,204000.0,ZNT
112.13301360863574,-8.041658863148017,0.6773911913235983,0.677522919554923,,0.6540303230285645,,,,0.20000000298023224,18.089503138610116,5653.217276896606,6342.479558213654,9500.404318094254,77876.65238595009,0,0,0,1,2,0,0,0,0,93.15,Blitar,355000.0,ZNT
112.08267545710918,-7.100063174141926,0.9423868391248915,0.010673726565035353,1.0,0.23762165009975433,,,0.4262648820877075,,382.95622200846026,3032.405491508783,7719.05510168754,6692.990991353989,67291.00139474869,0,0,0,0,0,0,0,0,1,93.31,Bojonegoro,44000.0,ZNT
111.57187691389815,-7.3282762030669515,0.6110854744911194,0.8709572330993279,,0.23961575329303741,,,,,76.8752991812253,15598.177777576244,10862.789814136553,1326.638159275055,12507.911436975002,0,0,0,0,0,0,0,0,0,93.31,Bojonegoro,85000.0,ZNT
112.14504994761747,-7.1271576098257725,0.8039655884106954,1.505904832325116,,0.24556708335876465,,,,,32.404627125404254,3334.0376694511347,4404.368501654359,14461.083636760712,87221.80067491531,0,0,1,0,0,0,0,0,1,93.31,Bojonegoro,414000.0,ZNT
114.00516280440476,-8.017686026947256,0.784358971648746,4.127399336624105,,0.2544838786125183,,,,0.20000000298023224,244.4342092102991,18968.112558693647,10078.391401985493,2596.8947871923447,20542.332581967115,0,0,0,0,0,0,0,0,0,90.96,Bondowoso,8500.0,ZNT
114.07895071611111,-8.117347415889235,1.0,21.846372107012883,,0.08998989313840866,1.0,,,1.0,2226.119851443981,20199.98195232846,14376.027104982444,946.4125365912914,5124.572647750378,0,0,0,0,0,0,0,0,0,90.96,Bondowoso,,ZNT
113.91828749982889,-7.950448200120285,0.8128195405006409,1.7093595759847524,,0.3988676071166992,,,,,150.74209851519737,7450.991477067623,4024.617626165547,9139.025062084198,58700.03072834015,0,0,1,0,0,0,0,0,0,90.96,Bondowoso,30000.0,ZNT
112.52401160423526,-7.102430625196346,0.9862825804286532,0.017158302632529966,1.0,0.15285718441009521,,,0.3970591723918915,,799.0360463332445,5812.120880407882,9705.8582063042,3307.0740489959717,37039.386761426926,0,0,0,0,0,0,0,0,0,102.92,Gresik,765000.0,ZNT
112.51066365260627,-6.921197150266075,0.45763815773857963,3.3016681667896113,0.523809552192688,0.1007731631398201,,,0.3753536641597748,,17.372852434048095,6374.6671277956775,5149.894944775417,8604.696108102798,46890.2516759634,0,0,0,0,0,0,0,0,0,102.92,Gresik,192500.0,ZNT
112.53163190648878,-7.272905624743385,0.7675520579020182,0.03486156560229761,0.8271604776382446,0.43628302216529846,,,0.4713493883609772,,422.8678787630378,6916.031085247099,5793.297847362887,14287.806012630463,108296.96758460999,0,0,0,0,0,0,0,0,2,102.92,Gresik,132000.0,ZNT
113.71042632733028,-8.266823301127927,0.7442324558893839,0.3600556011352522,0.8518518805503845,0.6451271772384644,,,0.5804996490478516,,36.785563624013434,10863.225917636617,6764.137640099039,15046.982599258423,83896.36924898624,0,0,0,0,0,0,0,0,5,92.68,Jember,37500.0,ZNT
113.71573536950133,-8.338940878048827,0.6643981536229452,1.1801967953931136,0.5802469253540039,0.6310253739356995,,,0.601463258266449,,152.3372955139002,18058.443817730007,10779.604310384562,2801.9371758699417,23815.357909083366,0,0,0,0,0,0,0,0,0,92.68,Jember,50500.0,ZNT
113.59698560463426,-8.152777617908013,0.8068441417482164,1.7714091984136418,,0.5264444351196289,,,,,88.43074153943303,5923.696637610007,9185.87705897752,7716.873930335045,51304.858365535736,0,0,0,0,0,0,0,0,0,92.68,Jember,86500.0,ZNT
112.34883707966762,-7.653775569592914,0.6350435316562653,3.569063182684018,,0.0914764329791069,1.0,,,,356.7087473530661,12813.532299514573,3561.6024921518742,4962.106672525406,41571.146821796894,0,0,1,0,0,0,0,0,0,95.25,Jombang,77500.0,ZNT
112.08476985794753,-7.407478832016881,0.7074387272198995,1.7128193412934647,,0.09652364253997803,0.3333333432674408,,,,139.97357532974414,20564.173961979766,12846.851962867608,1937.7997871637344,11661.618695735931,0,0,0,0,0,0,0,0,0,95.25,Jombang,76000.0,ZNT
112.15492176904937,-7.54045683663182,1.0,0.09797602294447169,1.0,0.49580293893814087,,,0.5081683397293091,,447.042573737861,4865.988128947827,4337.93450676545,16508.124613285065,126686.5194272995,0,0,1,0,0,0,0,0,5,95.25,Jombang,82000.0,ZNT
112.10267769963868,-7.80128493881994,0.8104501763979594,0.40667318759427784,,0.5324026942253113,,,,,26.198372352557044,1727.9775900672428,6564.5588748571045,21280.973030090332,128879.42189741135,0,0,0,0,0,0,0,2,2,91.65,Kediri,390000.0,ZNT
112.21292072600535,-7.723590657276905,0.8070831629965041,0.4322339656447484,,0.4647566080093384,,,,,25.374041130072058,2957.8037252747017,4747.902551700629,17043.23330259323,109663.94222068787,85,0,1,0,0,0,0,15,15,91.65,Kediri,382000.0,ZNT
111.96163104691345,-7.835841893815992,0.5376130640506744,1.6629096159788073,0.7222222089767456,0.5556960701942444,,,,,30.09917538477369,2629.746296194956,3740.2959749124293,13012.386148810387,111240.58322906494,0,0,3,0,0,0,0,0,0,91.65,Kediri,414000.0,ZNT
112.15744911135117,-8.094429961163218,0.8706821269459195,0.6393000812996251,0.7777777910232544,0.7568837404251099,,,,,2.513075592425314,862.0044169328764,1211.3144545238517,67772.95201396942,208663.17813825607,73,7,7,11,12,0,0,23,26,92.23,Kota Blitar,402000.0,ZNT
112.16395682286763,-8.110207453842817,0.7824278473854065,0.7072616698833641,,0.7646339535713196,,,,,35.39644498524764,949.7776466951311,529.4318943204986,72549.35562896729,217258.2546491623,72,7,8,11,12,0,0,25,32,92.23,Kota Blitar,1996000.0,ZNT
112.1532919013618,-8.11637470340453,0.8292804559071859,0.5016161876470658,,0.796104907989502,,,,,3.602834933960551,1911.4034079935684,955.162332658092,52017.27625179291,211904.4674282074,21,7,8,7,12,0,0,16,32,92.23,Kota Blitar,2193000.0,ZNT
111.97139536964941,-7.802879541821795,0.6245613992214203,8.282345857810997,,0.38541460037231445,1.0,,0.4818970561027527,,243.06942125186993,2487.1755290360593,2545.007471406749,17298.78169155121,178555.15038001537,0,1,8,0,1,0,0,7,17,91.53,Kota Kediri,386000.0,ZNT
112.06204615898328,-7.850292420907198,0.7991021076838175,0.5001272822414918,,0.6098448038101196,,,,,8.417650788470594,177.027742752819,3485.305906991831,31577.2177734375,207055.1998076439,0,0,2,0,1,0,0,0,1,91.53,Kota Kediri,135000.0,ZNT
111.96040673836315,-7.79577348407466,0.7214299738407135,9.330916640120593,,0.43702489137649536,1.0,,,,74.67189991177986,3922.4248544973157,3987.702450946851,9571.362893342972,113481.694850564,1,0,5,0,0,0,0,8,16,91.53,Kota Kediri,151000.0,ZNT
111.53332115860375,-7.615791750423615,0.8976181480619643,0.16647696525292652,1.0,0.5296146869659424,,,0.5197501182556152,,11.755833509863928,817.0112006899748,1552.6882111760212,76132.46657848358,258718.457116127,58,2,3,3,3,0,0,7,10,93.54,Kota Madiun,1425000.0,ZNT
111.50374047109142,-7.633075919228251,0.9286694195535448,0.04418000142492214,1.0,0.5418869853019714,,,0.536236584186554,,108.76963164196995,2743.499477829062,1852.9790235266273,52000.004781246185,254278.11439466476,20,2,3,2,3,0,0,6,10,93.54,Kota Madiun,535000.0,ZNT
111.5335936023341,-7.612676467436556,0.8897618121571012,0.16647681110112653,1.0,0.5296146869659424,,,0.5367507934570312,,47.672798541231224,1025.8166116843502,1851.985193704279,68714.46353530884,252116.77318429947,29,2,3,3,3,0,0,6,10,93.54,Kota Madiun,834000.0,ZNT
112.67034970432204,-8.016643033813873,0.867689225408766,2.3984703248651247,,0.5551068186759949,,,,,11.68526679808813,2976.8070064681797,3622.514304695881,20062.697465896606,305705.059527874,0,0,3,0,3,0,0,1,16,97.61,Kota Malang,1000000.0,ZNT
112.63894882933955,-8.00962419253621,0.8968242539299859,0.5085797956115609,,0.6464571952819824,,,,,111.49226693009884,514.9329857622704,1752.7866126719741,111742.95329284668,553624.8997774124,32,3,16,3,12,0,0,33,73,97.61,Kota Malang,2618000.0,ZNT
112.6214870420789,-7.9760275058360035,0.8989899158477783,0.824081700012338,,0.6142948865890503,,,,,5.927284674582388,204.9144796625836,20.67255442450471,202392.1375427246,858510.1534013748,303,16,23,11,17,1,2,86,120,97.61,Kota Malang,4250000.0,ZNT
112.42098590351091,-7.469445289872054,0.8606843882136874,0.06018831202778491,0.9753086566925049,0.44829583168029785,,,0.4871787428855896,,118.94537442440705,1404.046788854799,1487.6774944218364,67131.02436542511,282105.6331586838,17,4,6,2,3,0,0,8,17,94.15,Kota Mojokerto,365000.0,ZNT
112.41397445015174,-7.484841621606862,0.8039655817879571,0.1429439049317238,0.6790123581886292,0.41084223985671997,,,0.49230772256851196,,41.02243288077869,2544.3758892107867,2092.9153504690844,45162.67503929138,263196.8926639557,4,1,6,1,2,0,0,8,15,94.15,Kota Mojokerto,930000.0,ZNT
112.46221133746073,-7.460194822684293,0.8418755465083652,0.23411947216899587,0.9259259104728699,0.47372376918792725,,,0.4876672625541687,,12.975219462325292,318.0153234353848,1305.7154689327394,57159.95569229126,302931.7839155197,4,4,7,2,3,0,0,4,14,94.15,Kota Mojokerto,485000.0,ZNT
112.87707997247307,-7.640834188711808,0.8850016196568807,0.0818453451659447,0.9753086566925049,0.25363612174987793,,,,,60.83200622257938,3579.9483836549452,3482.425196319257,48493.89752674103,241767.38024663925,5,0,1,0,0,0,0,0,1,95.17,Kota Pasuruan,214500.0,ZNT
112.92256404591137,-7.636520091108295,0.8568400144577026,0.1804164522218877,0.9753086566925049,0.2809547781944275,,,0.41473785042762756,,311.13602730603975,1280.0078826108397,3945.961479256105,46906.98847770691,202770.52675926685,7,0,1,0,0,0,0,1,1,95.17,Kota Pasuruan,198500.0,ZNT
112.93844442051982,-7.6390886229950405,0.7978550659285651,0.00568665629845101,0.5555555820465088,0.25249776244163513,,,0.41668739914894104,,836.6632062554575,3017.046577493965,5105.917307874363,13821.502799510956,150861.75331532955,0,0,0,0,0,0,0,0,2,95.17,Kota Pasuruan,150000.0,ZNT
113.20948995684253,-7.788593734792905,0.7645591696103414,0.3199180788476863,0.7142857313156128,0.2897007167339325,,,0.5479755401611328,,86.66191935596245,3999.1150890248305,5049.934842799454,43460.72047042847,278778.2659945488,1,0,0,1,4,0,0,3,3,94.35,Kota Probolinggo,1147000.0,ZNT
113.20959683849806,-7.75508422630807,0.829155769613054,0.33070110268493025,0.7283951044082642,0.2902759313583374,,,0.5399287939071655,,3.6177791255054967,1425.2984837328977,1387.6609893440284,86336.8900680542,258503.1179060936,30,1,1,2,4,0,0,0,2,94.35,Kota Probolinggo,2611000.0,ZNT
113.19764997275603,-7.746088810541063,0.8187285595470004,0.16929848301055356,0.9259259104728699,0.21605409681797028,,,0.7951869368553162,,277.7138386497591,1776.9063975896427,1828.7686275447709,46754.35922241211,219324.03298807144,20,1,1,2,4,0,0,0,1,94.35,Kota Probolinggo,572000.0,ZNT
112.16968756858672,-7.103017603413614,0.8625763720936246,0.03523868501663372,0.7777777910232544,0.2731240391731262,,,0.4381692409515381,,13.434135900534038,288.4290509522354,6030.288162703783,29108.74761247635,90822.266248703,2,0,0,0,0,0,0,1,1,95.14,Lamongan,2040000.0,ZNT
112.30354089673273,-7.086229384813871,0.9170719517601861,0.037294677947704455,1.0,0.18966205418109894,,,0.4428144693374634,,48.46324731254185,2201.1411280070743,6870.42898377135,15952.677687644958,84026.73033809662,0,0,0,0,0,0,0,0,0,95.14,Lamongan,435500.0,ZNT
112.35229121347804,-7.079112440423186,0.7929916514290704,0.015360352472094684,0.8518518805503845,0.15904571115970612,,,0.4038330018520355,,231.7662781884391,2325.1906087903944,7207.918941538135,11392.142994880676,78461.65105509758,0,0,0,0,0,0,0,0,0,95.14,Lamongan,679000.0,ZNT
113.21504428765334,-8.023936588939137,0.7733840015199449,1.2787506186505297,0.5925925970077515,0.39628738164901733,,,,,105.6648999508447,5001.454399833747,12226.996202086113,6249.089662671089,42132.52889704704,0,0,0,0,0,0,0,0,0,88.06,Lumajang,61000.0,ZNT
113.20746382041476,-7.9919260602103055,0.45133719013796914,3.8925577155771998,,0.3204192519187927,0.6666666865348816,,,,142.22231554203802,4556.173944269304,15851.569391760448,4751.263702869415,34524.88335639238,0,0,0,0,0,0,0,0,0,88.06,Lumajang,58500.0,ZNT
113.19940326546732,-8.107455529605607,0.7599451276991103,1.2349618253635295,0.7333333492279053,0.5543555617332458,,,,,121.06039379047051,3512.247164699571,3959.613480016578,16600.99866437912,124524.99029374123,0,0,2,0,0,0,0,0,1,88.06,Lumajang,18000.0,ZNT
111.69090839749015,-7.773156594766689,0.9893631074163649,11.352666125992174,,0.03713635727763176,1.0,,,,1041.6979142235907,18419.710311739756,6168.62872234548,1621.2478765249252,9437.075401842594,0,0,0,0,0,0,0,0,0,94.38,Madiun,67767.0,ZNT
111.55848215140361,-7.600734071011267,0.8138171765539381,0.10295424473413564,0.7777777910232544,0.5191885828971863,,,0.5089831948280334,,216.38021328401075,3758.718554508754,4727.0474747632325,17509.382197856903,167879.4891617298,0,0,1,0,1,0,0,0,4,94.38,Madiun,394500.0,ZNT
111.7969920937809,-7.539383089343656,0.8323524726761712,0.2844736443386439,1.0,0.6028401255607605,,,,,327.6759887031174,2541.681036852733,3321.1828437762797,5302.999268770218,52389.153629779816,0,0,1,0,0,0,0,0,0,94.38,Madiun,111000.0,ZNT
111.2117925850249,-7.626818457503514,1.0,25.201250052990545,,0.08044924587011337,1.0,,,0.6000000238418579,1160.3811689416282,20484.248324536842,10449.054518243753,3212.3080455064774,19808.417489767075,0,0,0,0,0,0,0,0,0,93.68,Magetan,88000.0,ZNT
111.45579636363944,-7.6264787756754675,0.8638234006034003,0.4978422161995908,,0.5547217726707458,,,0.5398603081703186,,15.378125960652698,7005.939404587461,7103.703176471877,17320.93178462982,113799.46263742447,0,0,0,0,0,0,0,1,1,93.68,Magetan,407000.0,ZNT
111.37763975336296,-7.6997635705750245,0.5243024627367655,5.042484512903874,,0.29273420572280884,0.6666666865348816,,,,143.45297580667167,4915.296561531369,6833.204412904841,6132.076598763466,55326.496574640274,0,0,0,0,0,0,0,0,0,93.68,Magetan,101000.0,ZNT
112.58737074375945,-7.8566205949064045,0.3787565496232774,4.640177917164349,,0.27335426211357117,,,,,23.75358553358582,6607.697987674755,4426.753258512324,10100.551458358765,76919.13508868217,0,0,1,0,0,0,0,0,0,96.45,Malang,439119.0,ZNT
112.77361402686145,-8.0987295345705,0.3253780272271898,2.7469248825029764,,0.30138614773750305,0.3333333432674408,,,,93.3301874558263,10129.191850217885,9688.362734756922,6703.974227190018,55155.371804237366,0,0,0,0,0,0,0,0,0,96.45,Malang,418635.0,ZNT
112.3835347530534,-8.328445826575525,0.3307559970352385,3.509910169026831,,0.39748096466064453,0.3333333432674408,,,,678.0247848160924,18094.293015569398,28263.003124219624,2991.4419915676117,18397.574864327908,0,0,0,0,0,0,0,0,0,96.45,Malang,92858.5,ZNT
112.45888750532939,-7.329697998097859,0.7600698272387186,0.5376923859812667,,0.38375794887542725,,,,,82.33287387023238,3746.9115448677994,5079.743605175273,8470.851751565933,56749.6229429245,0,0,0,0,1,0,0,0,0,95.76,Mojokerto,65500.0,ZNT
112.50340024432147,-7.667341772384927,0.6814194122950236,5.033038555048104,,0.11809540539979935,0.6666666865348816,,,,158.8535870831877,20574.43317401915,15438.114209053605,3438.599432051182,39746.86690086126,0,0,0,0,0,0,0,0,0,95.76,Mojokerto,74707.0,ZNT
112.60831531771605,-7.59665131381562,0.8699772424168057,18.06698499828705,,0.03475019335746765,1.0,,,,212.59338578586136,11611.558736078374,6506.654488067601,6592.515414237976,77003.03011512756,0,0,0,0,0,0,0,0,1,95.76,Mojokerto,94000.0,ZNT
112.06818204980141,-7.4810890291206995,0.6246211859914992,0.454790072664907,,0.31305769085884094,,,,,949.2271047040304,12796.815282379937,11383.993945068234,3304.072634458542,25328.063044965267,0,0,0,0,0,0,0,0,0,91.51,Nganjuk,165000.0,ZNT
112.08900985970595,-7.615762080826679,0.7680508759286668,0.010473906558694929,0.8518518805503845,0.4488142132759094,,,0.48914650082588196,,50.84271143964427,2905.901712944494,1749.6049998272547,28949.90894842148,146347.88160467148,3,1,1,0,0,0,0,1,8,91.51,Nganjuk,524000.0,ZNT
112.14715010881876,-7.469377617493126,0.47766891453001237,1.409749311180201,,0.4077286124229431,,,,,277.10436563682924,11691.929166723417,3765.5872639521367,7062.52075612545,51935.8385027647,1,0,2,0,0,0,0,0,0,91.51,Nganjuk,91000.0,ZNT
111.27166832014237,-7.600366623761859,0.5787504745854272,5.403609726920761,,0.22250868380069733,,,,,177.51060932096559,18567.18045886356,9054.747871668427,6903.456330776215,41054.31464660168,0,0,0,0,0,0,0,0,0,93.92,Ngawi,71000.0,ZNT
111.41274728385726,-7.379003322864,0.6490040719509125,1.1046963717478342,0.5555555820465088,0.46022066473960876,,,,,29.438780416791566,7579.4589159982925,3901.095663072342,9405.252214074135,80838.49676311016,0,0,2,0,4,0,0,2,5,93.92,Ngawi,159000.0,ZNT
111.37415480191422,-7.462645932405322,0.8115725053681268,0.19280930486869446,0.7037037014961243,0.4730386435985565,,,,,366.1669173208226,2646.030859980006,6902.691240511733,9003.713422298431,53985.15461432934,0,0,0,0,0,0,0,1,1,93.92,Ngawi,71000.0,ZNT
110.97569919713884,-8.202054703343377,0.3333333432674408,2.428056113287671,,0.28118330240249634,0.3333333432674408,,,,243.47436328798537,13996.994153270254,13661.37021161305,3859.586051106453,22668.574588775635,0,0,0,0,0,0,0,0,1,91.86,Pacitan,183000.0,ZNT
111.18831260331983,-8.206292478883416,0.6666666865348816,4.502145165578419,,0.39816683530807495,0.6666666865348816,,,,182.90419669222692,9422.360175532096,7022.768283316934,2975.3601969480515,29389.300833940506,0,0,0,0,0,0,0,0,0,91.86,Pacitan,389000.0,ZNT
110.98487048377231,-8.078733506222102,0.5960228376918368,5.771235142581791,,0.6724686622619629,0.6666666865348816,,,,340.60918529451493,12671.460436734851,14392.595616351595,6130.09294629097,31999.94975078106,0,0,0,0,0,0,0,0,0,91.86,Pacitan,215000.0,ZNT
113.46479003175116,-7.024585515619281,0.37311385737525093,1.3493745033931295,,0.04627944156527519,,,,,108.45219832550845,19147.896836361233,5535.036133689915,10075.506095647812,62499.17898392677,0,0,0,0,0,0,0,0,1,95.01,Pamekasan,71000.0,ZNT
113.62497794618524,-6.923334545624824,0.22284574309984842,2.5716536622927713,,0.006057652644813061,,,,,71.77794577219575,34667.558994323765,13352.638125667625,10159.91298031807,51704.91639137268,0,0,0,0,0,0,0,0,0,95.01,Pamekasan,117000.0,ZNT
113.53882802184417,-7.019802598350177,0.6462816165553199,5.658698368886726,,0.04528764635324478,1.0,,,,58.98136132084439,20928.53139106681,12650.752266071948,9846.060451507568,59364.503271341324,0,0,0,0,0,0,0,0,0,95.01,Pamekasan,94000.0,ZNT
112.93451646394158,-7.949417311917473,1.0,12.354142675824617,,0.029989756643772125,1.0,,,1.0,318.0157145403816,4553.247259385826,20833.572430743225,3985.2419484853745,26616.317764520645,0,0,0,0,0,0,0,0,0,96.74,Pasuruan,,ZNT
113.07402330044734,-7.715358677689989,0.7739119595951505,0.310751928767274,0.7530864477157593,0.28088095784187317,,,0.5300397872924805,,95.86957957004766,327.09790933780886,8301.437876887669,26180.95983982086,80554.68534779549,4,0,0,0,0,0,0,0,0,96.74,Pasuruan,55000.0,ZNT
112.98194216675381,-7.801033774172165,0.3187306970357895,6.640366266632316,,0.07955734431743622,0.6666666865348816,,,,37.44843785764733,9876.70824789709,9834.22334885084,4978.313299298286,30945.081226348877,0,0,0,0,0,0,0,0,0,96.74,Pasuruan,353500.0,ZNT
111.53310127419789,-7.996976064745741,0.5208665000067817,3.3217980481799487,,0.6296427249908447,0.3333333432674408,,0.594602108001709,,9.799757609579466,11223.455236967513,14334.433947873516,5543.519834280014,48243.08966398239,0,0,0,0,0,0,0,0,0,95.62,Ponorogo,221645.0,ZNT
111.44723984789206,-8.07344628043336,0.48148149583074784,2.64309854219922,,0.3565826714038849,0.6666666865348816,,,,39.70486329942601,5840.815058123934,15841.918912334264,3285.399282336235,16919.96566003561,2,0,0,0,0,0,0,3,5,95.62,Ponorogo,219500.0,ZNT
111.54353691237267,-8.02218970093328,0.8313927782906426,14.080281777455912,,0.49380815029144287,1.0,,,,80.59383665791357,13542.023086322242,12903.748616915847,3258.615637421608,25748.048347473145,0,0,0,0,0,0,0,0,0,95.62,Ponorogo,88000.0,ZNT
113.62203940595302,-7.967033568733582,0.9551939964294434,5.8980175174003175,,0.28604111075401306,0.3333333432674408,,,0.44999998807907104,237.1430318403395,21773.915178640982,16090.656434546348,2221.576457262039,8234.195599108934,0,0,0,0,0,0,0,0,0,94.38,Probolinggo,,ZNT
113.1565754915777,-7.92446957311984,0.6945361693700155,10.516927009626421,,0.088128462433815,0.9145517945289612,,,,61.36781067091132,9448.239758316966,21105.006285051393,2204.0089789628983,23384.482728362083,0,0,0,0,0,0,0,0,0,94.38,Probolinggo,8000.0,ZNT
113.3166607166911,-7.852264317594573,0.6746477120452457,1.9276660608829774,,0.22796542942523956,,,,,93.26358517861512,7242.940648235279,16564.436311531383,11263.577332019806,72717.35372710228,0,0,0,0,0,0,0,0,1,94.38,Probolinggo,146000.0,ZNT
113.32558886575208,-6.909199841458961,0.3500436411963569,0.4894039524023343,,0.009049681015312672,,,,,189.45939546239512,35888.9911143767,20778.018470673254,10431.064328670502,57367.6495923996,0,0,0,0,0,0,0,0,0,93.32,Sampang,137000.0,ZNT
113.16673987804528,-7.018979868204702,0.31300660636689925,0.7238642029345466,,0.07557117938995361,,,,,134.04867976639437,37614.00752545577,16298.826986774786,3109.841298222542,23373.43188035488,0,0,0,0,0,0,0,0,0,93.32,Sampang,142000.0,ZNT
113.05146167519885,-7.202657630787483,0.6050629880693223,0.22616379151843186,,0.1577797830104828,,,,,9.375088863908887,22080.77339454594,1469.3663977197227,11567.799709558487,46247.41005277634,0,1,1,0,0,0,0,0,0,93.32,Sampang,142000.0,ZNT
112.71353469921107,-7.409506297548019,0.8350168334113227,0.021872286266373494,0.9012345671653748,0.20842035114765167,,,0.421121746301651,,13.70027102098461,2794.6603810112956,1535.0899993801677,77388.95653915405,440537.6424293518,6,5,13,1,8,1,1,7,24,100.57,Sidoarjo,1842000.0,ZNT
112.7672029239562,-7.449324207542155,0.8982416788736979,0.019234825931912454,1.0,0.2795025408267975,,,0.4458700120449066,,722.7376517324484,5311.914408927916,5084.21511398545,8907.096411943436,143929.189909935,0,0,0,0,2,0,1,0,8,100.57,Sidoarjo,192000.0,ZNT
112.70782748901561,-7.478992454187848,0.8872677551375495,0.027716887932861558,0.9753086566925049,0.23529070615768433,,,0.43379122018814087,,10.614520777099122,1466.4655942363152,1521.682745477942,77985.21768379211,426558.73537921906,16,5,11,2,7,0,0,19,27,100.57,Sidoarjo,2358000.0,ZNT
114.06079285994,-7.752064918381679,0.6473552054829068,0.31973815651543536,0.5925925970077515,0.2927955687046051,,,,,115.1533834941444,6555.034513627866,7890.30755853286,7747.968902468681,47754.26035809517,0,0,0,0,0,0,0,0,0,88.94,Situbondo,12000.0,ZNT
113.64125781927358,-7.917370018598972,0.9633416732152303,10.660770135551735,,0.06202314421534538,1.0,,,,119.53338817672854,19637.68798094908,10433.448194358674,662.6506543755531,5440.181632012129,0,0,0,0,0,0,0,0,0,88.94,Situbondo,,ZNT
114.15694159807882,-7.944662983752266,0.8220787843068441,4.786574985068759,,0.08702795207500458,0.6666666865348816,,,,1284.2438560670332,25046.12284323145,7089.088853275428,1830.5222653150558,11168.939031422138,0,0,0,0,0,0,0,0,0,88.94,Situbondo,9000.0,ZNT
113.66253067073623,-6.9347974416939735,0.8961128460036384,3.1640890452297583,,0.002378311241045594,1.0,,,,182.4653976866241,33975.0196820189,9944.134827290425,5144.653979182243,41354.88129723072,0,0,0,0,1,0,0,0,2,101.33,Sumenep,33500.0,ZNT
115.78458185518063,-7.1816184000600085,0.6089784034660884,0.2558305004735669,0.7460317611694336,0.10526223480701447,,0.2091585248708725,,,113.04178805979657,21245.09873196296,116653.19671717395,2563.24426984787,12728.770475149155,0,0,0,0,0,0,0,0,0,101.33,Sumenep,,ZNT
113.89239506195976,-7.024780130816395,0.7924928334024217,0.02347481475355093,0.8765432238578796,0.021122248843312263,,,0.378431111574173,,49.624505457933154,6767.23761210275,5271.922605665922,19158.69335079193,113842.43558681011,0,0,0,0,0,0,0,0,0,101.33,Sumenep,558000.0,ZNT
112.75440851289109,-7.2990333131055465,0.868686854839325,0.04473364190256303,0.604938268661499,0.2273944765329361,,,0.4244915544986725,,6.524294801314212,1622.756116470503,1348.5502941556501,170885.16189575195,924204.9873161316,62,18,37,6,20,1,3,12,18,100.0,Surabaya,4090783.5,ZNT
112.64686371671866,-7.242978896154878,0.8963711129294502,0.23418704661186424,1.0,0.2729214131832123,,,0.43775317072868347,,73.80406174651944,1033.3269014732582,1049.9035930676264,75004.50199317932,460860.83818149567,4,1,2,0,0,0,0,0,2,100.0,Surabaya,1194000.0,ZNT
112.76693614907259,-7.268121624043143,0.8795360922813416,0.02172904378251643,0.9259259104728699,0.18258467316627502,,,0.41069722175598145,,28.718239390857292,237.21923528560674,666.2524492799166,153763.3934249878,911953.5107421875,170,13,29,11,23,2,5,8,19,100.0,Surabaya,6021000.0,ZNT
111.77698354805513,-8.09683565547994,0.9171793527073331,13.725062190011098,,0.5098699927330017,1.0,,,,1164.0995363923678,14536.71082441886,9080.29122204827,10205.093079566956,97800.04331374168,0,0,0,0,0,0,0,0,2,94.96,Trenggalek,166000.0,ZNT
111.67674482216547,-8.209101979497678,0.5605443550480737,4.517097902950324,,0.34790539741516113,0.6666666865348816,,,,476.6928019467123,29857.580846553614,13293.752812994679,4011.280711054802,34166.69064569473,0,0,0,0,0,0,0,0,1,94.96,Trenggalek,22500.0,ZNT
111.70078362073468,-8.002246524868609,1.0,4.683399736925306,,0.21857015788555145,1.0,,,,145.0917487302279,23421.956816992246,6336.303485379095,4876.627898335457,40813.685250759125,0,0,0,0,0,0,0,0,0,94.96,Trenggalek,138500.0,ZNT
111.61004875117871,-6.919966222152875,0.4627642201052772,1.2991871658740721,0.7333333492279053,0.059280719608068466,,,,,10.44372830620253,6331.630891556853,6649.368023324758,3923.910715520382,20946.856237649918,0,0,0,0,0,0,0,0,0,95.03,Tuban,70000.0,ZNT
111.78442066903514,-6.864359995439688,0.7363761133617825,0.5129224223704401,0.8148148059844971,0.1053035706281662,,,,,64.93055995384158,13780.197330340403,9224.978525459006,2504.899433672428,18267.20318889618,0,0,0,0,0,0,0,0,0,95.03,Tuban,269000.0,ZNT
111.58852783995341,-6.935262614122466,0.6174086597230699,0.4925552551362188,,0.06826973706483841,,,,,398.3481676344485,9249.871590490666,8421.611452266621,2712.4888575673103,18484.03722667694,0,0,0,0,0,0,0,0,0,95.03,Tuban,113000.0,ZNT
111.82740736368902,-8.02659649545066,0.500139464934667,2.035027172856624,,0.3202879726886749,0.6666666865348816,,,,185.6680789407875,9393.07139083664,9937.365998635581,7373.463876008987,59676.44347810745,0,0,0,0,0,0,2,0,0,92.66,Tulungagung,163000.0,ZNT
111.8295721879341,-7.987093805023006,0.4906517267227173,2.852113618820475,,0.40397632122039795,0.6666666865348816,,,0.20000000298023224,153.7182595143707,11023.331055981345,10883.92009179104,5642.6226811409,35516.54481589794,0,0,0,0,0,0,0,0,0,92.66,Tulungagung,49305.0,ZNT
111.90238269647611,-8.207161174831073,0.5397230386734009,0.31881550956597665,,0.6510666608810425,0.3333333432674408,,,,235.58883270634027,14622.202613138807,15553.684911656093,3861.648659348488,28394.004808187485,0,0,0,0,0,0,0,0,0,92.66,Tulungagung,211500.0,ZNT
109.86660460482297,1.26839171519697,0.7389948765436808,0.17470483076059187,0.7142857313156128,0.0,,,,,1427.951769620425,62950.69940986911,79121.64028886442,602.1693986654282,2886.6116121560335,0,0,0,0,0,0,0,0,0,105.69,Bengkayang,777.0,ZNT
109.68043751488594,1.1746674779712802,0.49650435977511936,0.26510418572396616,,0.0,,,,,964.8459163555411,46280.57054552142,57009.92214470446,740.0766436457634,5399.722855180502,0,0,0,0,0,0,0,0,0,105.69,Bengkayang,8344.0,ZNT
109.63122003504148,0.7998195606264111,0.5600753128528595,0.2910245175149685,0.8271604776382446,0.0,0.3333333432674408,,,,346.5425234063932,58861.095556229804,33172.24885558355,535.8853131532669,2734.211058937013,0,0,0,0,0,0,0,0,0,105.69,Bengkayang,14877.0,ZNT
113.63152522031896,0.7326597890729472,0.29629630512661403,3.9232074773306844,,0.0,0.3333333432674408,,,,6953.72521200833,234736.57442039764,71379.29883807707,9.241079730913043,61.21255520125851,0,0,0,0,0,0,0,0,0,114.39,Kapuas Hulu,,ZNT
112.69926299892363,0.4497052824696025,0.32965859439637923,3.866809943195933,,0.0,0.3333333432674408,,,,889.2913846174796,139641.24289666244,52921.79952387131,256.05426782369614,1580.5358968749642,0,0,0,0,0,0,0,0,0,114.39,Kapuas Hulu,,ZNT
112.08753308261731,0.9661260670730714,0.8984910978211297,0.04589193450289577,0.8271604776382446,0.0,,,,,4111.930750166479,150662.20422754192,93564.78764631151,524.3797559440136,2731.909780859947,0,0,0,0,0,0,0,0,0,114.39,Kapuas Hulu,,ZNT
110.03716723044143,-0.8120560066541849,0.4408445689413283,0.07198871541947227,,0.0,,,,,2096.4837783373964,36840.68418211965,81723.91350407842,68.72025108709931,429.24276826158166,0,0,0,0,0,0,0,0,0,102.65,Kayong Utara,,ZNT
109.42100056351109,-1.2226012578454497,0.3520389099915822,0.6771073853977022,,0.0,,,,,7666.088406658743,45486.25390616892,91012.11763353387,45.23949643597007,288.7078032679856,0,0,0,0,0,0,0,0,0,102.65,Kayong Utara,,ZNT
108.87206136476074,-1.6174513267453987,0.6666666865348816,11.589722512972,,0.0,0.6666666865348816,,,,1060.9169150353414,9037.308067324031,124080.39604042638,255.2630447819829,1877.9122559018433,0,0,0,0,0,0,0,0,0,102.65,Kayong Utara,,ZNT
110.76684748857488,-1.3941847728577177,0.33500294552909005,3.303968992124189,,0.0,0.3333333432674408,,,,1897.0637550917481,100394.86955918351,101294.92880564631,69.32792207598686,432.1693563517183,0,0,0,0,0,0,0,0,0,101.55,Ketapang,3000.0,ZNT
110.7752264174098,-1.9157469466350445,0.5920956863297356,0.8846896290150993,,0.0,,,,,1622.6900545230012,92137.24513311486,44148.16152504319,120.85373923182487,1085.1293651089072,0,0,0,0,0,0,0,0,0,101.55,Ketapang,,ZNT
110.40496780660297,-0.5141031728671837,0.45613691210746765,0.3592685154683421,,0.0,0.3333333432674408,,,,722.1578953331766,73564.06543979137,73543.44274934969,570.5580028444529,3217.6009629517794,0,0,0,0,0,0,0,0,0,101.55,Ketapang,,ZNT
109.31459654038093,-0.009811199543571028,0.9391445318857828,0.021067220338580165,0.7037037014961243,0.0,,,,,17.996381700311666,2779.796022534114,1824.2381698098607,64173.12219810486,277807.8727093935,13,2,5,4,9,0,0,8,16,101.06,Kota Pontianak,1399000.0,ZNT
109.37548677937976,-0.0208546918048408,0.903229832649231,0.016501391849799246,1.0,0.0,,,,,305.62620341099034,3715.3613396214514,4045.7119803848204,37135.86333703995,218737.78438329697,1,0,3,0,5,0,0,2,8,101.06,Kota Pontianak,382000.0,ZNT
109.35102186160356,-0.07795579540640088,0.9327846301926507,0.08064693231827674,0.8271604776382446,0.0,,,,,0.8503747235087178,2540.9416022266905,1882.3822020472671,43061.58415174484,229477.0540614128,59,4,4,7,11,0,0,6,15,101.06,Kota Pontianak,2827500.0,ZNT
109.5435323001228,-0.1583858631765741,0.640354143248664,0.12046117570939487,0.7530864477157593,0.0,,,,,222.8033568587086,22513.95389286392,14820.691805066848,1050.7112642526627,6606.833587214351,0,0,0,0,0,0,0,0,0,102.23,Kubu Raya,79000.0,ZNT
109.47250526764311,-0.8169507634073744,0.9143284691704644,0.2934416248482126,1.0,0.0,,,,,1095.5441957048845,27939.370159346567,48894.6700421242,468.52840365469456,3166.7166734188795,0,0,0,0,0,0,0,0,0,102.23,Kubu Raya,,ZNT
109.20069736223282,-0.15758497781074343,0.8583931194411384,0.07659445576684702,1.0,0.0,,,,,1536.8227708960576,10133.79768936276,19322.08096574485,653.6305874884129,5662.347089648247,0,0,0,0,0,0,0,0,0,102.23,Kubu Raya,37000.0,ZNT
109.91120382126323,0.6065378642457379,0.5062752862771353,0.5978211269886645,0.6666666865348816,0.0,,,,,1144.7259539445213,25295.469571447135,67724.67987117163,372.52752032876015,2374.037735104561,0,0,0,0,0,0,0,0,0,106.14,Landak,,ZNT
109.81051968552993,0.19360015366091501,0.6552993853886923,1.0377825683105015,,0.0,,,,,1833.2746416933321,26856.63010155816,56481.677137473656,299.8889899775386,3549.4017753899097,0,0,0,0,0,0,0,0,0,106.14,Landak,6500.0,ZNT
109.89193607471265,0.48026679229680225,0.5451520085334778,2.6303650142253523,,0.0,,,,,732.8856385741477,13032.792809149834,71483.24500326636,368.53274807333946,2575.2012365162373,0,0,0,0,0,0,0,0,0,106.14,Landak,6000.0,ZNT
111.49588449145408,-0.8260716641513011,0.4217986762523651,0.6459252636945866,0.7777777910232544,0.0,0.3333333432674408,,,,86.81969511165967,59741.5765177644,60684.44471873968,291.4626053124666,2396.1373477056623,0,0,0,0,0,0,0,0,0,109.63,Melawi,1128.0,ZNT
111.55081486691004,-0.37803018876003114,0.4464480976263682,2.482041378621876,0.5555555820465088,0.0,0.3333333432674408,,,,43.66773059612465,19486.62773951679,11511.781019724036,1091.431856930256,4789.213067442179,0,0,0,0,0,0,0,0,0,109.63,Melawi,3887.0,ZNT
111.24974874997875,-0.6210717048489837,0.6666666865348816,12.895195209302553,,0.0,0.6666666865348816,,,,8112.031092821494,61150.127359196806,54126.049326806846,76.5458914898336,495.2969801388681,0,0,0,0,0,0,0,0,0,109.63,Melawi,,ZNT
108.97842608736188,0.37636377983156544,0.6665552920765347,0.04534948173596268,0.7283951044082642,0.0,,,,,6.303687767236913,59448.31046611699,2874.8628521485207,5145.395251989365,32954.94069111347,0,2,2,0,0,0,0,0,0,101.06,Pontianak,60000.0,ZNT
109.1511738827948,0.1326835950802695,0.6844818327162001,0.11950368657581079,0.8024691343307495,0.0,,,,,193.529645889755,26769.406614504296,22378.765468577076,2606.197728097439,10389.432775706053,0,0,0,0,0,0,0,0,0,101.06,Pontianak,195000.0,ZNT
109.0940566132831,0.449456652248271,0.6001283261511061,0.2867032092244566,0.37037038803100586,0.0,,,,,2719.7136715645165,58774.38106588486,17994.63361136313,513.4911921918392,3564.1650062054396,0,0,0,0,0,0,0,0,0,101.06,Pontianak,,ZNT
109.45751920808536,1.7570479731009967,0.6298790507846408,0.3839981755074317,0.7037037014961243,0.0,,,,,2048.6906133644675,12677.085792552381,83907.99492937693,863.0101414620876,4875.749406337738,0,0,0,0,0,0,0,0,0,108.97,Sambas,,ZNT
109.510161556957,1.9414574227114685,0.6233009232415093,0.08934160862591564,0.8611111044883728,0.0,,,,,2405.506641008641,19745.21678317471,103818.43414764115,254.88755618035793,1912.6562468111515,0,0,0,0,0,0,0,0,0,108.97,Sambas,,ZNT
109.42342569219672,1.2747613918926017,0.6615966624683804,0.4132001706267027,0.9555555582046509,0.0,,,,,10.852784672117327,15988.780867056179,50690.85871924431,888.16523873806,5423.9072624742985,0,0,0,0,0,0,0,0,0,108.97,Sambas,21062.0,ZNT
109.91562943876725,-0.08871227897637324,0.706886457072364,0.19948086107806987,0.7777777910232544,0.0,,,,,2987.2850645731264,52796.96203814423,56453.686077386286,142.05300144851208,1124.0253719687462,0,0,0,0,0,0,0,0,0,107.58,Sanggau,,ZNT
110.2120997471317,0.4338005752108084,0.5843305455313789,1.5239874288355257,0.9444444179534912,0.0,0.3333333432674408,,,,39.42180683237841,28682.830022196362,54750.48844701778,276.67598786205053,1770.7838108986616,0,0,0,0,0,0,0,0,0,107.58,Sanggau,8500.0,ZNT
110.52109804762641,0.3046124168923928,0.7688926325903999,0.3417872093247448,0.8888888955116272,0.0,,,,,1876.5046946697785,21978.130666918416,21946.852882629704,306.6178044527769,2854.459629893303,0,0,0,0,0,0,0,0,0,107.58,Sanggau,1000.0,ZNT
111.16912605014817,0.1829380392328005,0.6900486283832126,0.1660062237401646,0.8518518805503845,0.0,,,,,937.8002287112764,34124.19535857797,34183.414241447834,414.24392415583134,2462.6170174628496,2,0,0,0,0,0,0,2,3,107.4,Sekadau,,ZNT
110.99188938131678,-0.4807461946349789,0.8336831794844733,5.9717974355801555,,0.0,1.0,,,,11330.749864486648,57090.47170327084,53658.65975198061,65.42291264422238,436.5166549012065,0,0,0,0,0,0,0,0,0,107.4,Sekadau,,ZNT
111.11937971945721,0.3258703591238242,0.49009333385361564,0.4774566319653405,0.75,0.0,,,,,665.4223683223645,40761.46278007714,42514.45328635073,304.24223566800356,1259.8469283655286,0,0,0,0,0,0,0,0,0,107.4,Sekadau,,ZNT
108.97274318915412,0.8234646404039239,0.816311260064443,0.4432176695195157,0.7283951044082642,0.0,,,,,9.421652731455783,41848.142097283046,9250.889305216917,6628.670172929764,28298.595998585224,0,0,0,0,0,0,0,0,0,106.91,Singkawang,109000.0,ZNT
108.99305799767549,0.9527431405416474,0.8423743645350138,0.06834481503681093,1.0,0.0,,,,,148.45335148514113,27423.522862350503,5301.415411965598,10523.764882206917,80916.92888712883,0,0,0,0,0,0,0,0,0,106.91,Singkawang,202000.0,ZNT
109.017583374824,0.9090437384523745,0.7325103084246317,0.009835347283491948,0.7777777910232544,0.0,,,,,179.1625680380328,32414.8679477573,3497.1660500866237,21694.933516025543,128990.11710894108,0,0,1,0,0,0,0,0,0,106.91,Singkawang,217000.0,ZNT
111.4917935551456,0.8302577227038408,0.7373737427923415,0.3843152506277744,0.8518518805503845,0.0,,,,,549.7864779519202,110475.0215025781,83620.95832104734,163.0706854686141,828.8181750774384,0,0,0,0,0,0,0,0,0,110.85,Sintang,10659.0,ZNT
112.38431861193844,-0.04439370383889252,0.6666666865348816,8.848704138373941,,0.0,0.6666666865348816,,,,8219.726945721623,80625.4596673098,90554.36278064511,19.22615839727223,150.5977187603712,0,0,0,0,0,0,0,0,0,110.85,Sintang,,ZNT
111.27198031201146,0.42326808055033327,0.762595083978441,0.4148674987486185,0.9259259104728699,0.0,,,,,603.6386386639533,59963.34409478626,45762.484093377316,66.96041849255562,645.6358315870166,0,0,0,0,0,0,0,0,0,110.85,Sintang,3881.0,ZNT
115.72746148072571,-2.3217308494347666,0.5022159351242913,0.1641824215934668,,0.0,0.3333333432674408,,,,1279.7487193667437,58900.42539064122,27894.05118596153,447.29684510827065,2870.106662184,0,0,0,0,0,0,0,0,0,103.92,Balangan,11500.0,ZNT
115.71922352833539,-1.9964310684496933,0.7037037213643392,1.469681884081657,,0.0,0.6666666865348816,,,,10773.154933083722,28243.49062089954,29851.79368814446,79.66514177247882,610.8913179636002,0,0,0,0,0,0,0,0,0,103.92,Balangan,,ZNT
115.56294153374171,-2.201508964790929,0.813723643620809,1.651154221374663,0.8611111044883728,0.0,,,,,96.95798414405274,56714.19849834678,17253.70761092266,4538.321694433689,28587.326646834612,0,0,0,0,0,0,0,0,0,103.92,Balangan,20000.0,ZNT
115.18216305042883,-3.280619157944678,0.6334997415542603,1.2045118291634371,,0.0,,,,,1885.8723780478485,18874.282543031295,25930.866762069305,1277.364745825529,7890.667615860701,0,0,0,0,0,0,0,0,0,100.31,Banjar,,ZNT
115.1852063294655,-3.592958394891823,0.4438441726896498,0.40024875862540904,0.7777777910232544,0.0,,,,,5636.762562305974,9763.961685608967,38509.260327601405,205.89691957086325,1405.5505288541317,0,0,0,0,0,0,0,0,0,100.31,Banjar,,ZNT
115.16347968071346,-3.3293348501197446,0.49815311365657383,0.6142701914124155,,0.0,0.3333333432674408,,,,2289.7501866094703,13124.8014040305,23433.80512851786,788.1461094766855,4716.578155577183,0,0,0,0,0,0,0,0,0,100.31,Banjar,,ZNT
114.75736865205481,-3.395118015428489,0.8879127701123556,0.08087850191835204,0.8024691343307495,0.0,,,,,432.92840256206455,4367.13345406265,5692.718252574713,3286.2853152155876,41146.633092701435,0,0,0,0,0,0,0,0,0,101.37,Banjar Baru,27000.0,ZNT
114.78958003725471,-3.483806810410364,0.8987405101458231,0.2915626046144578,0.7037037014961243,0.0,,,,,58.0066313994396,565.171505922258,2889.7050024715795,9363.940841436386,78916.77962702513,3,1,3,0,0,0,0,5,8,101.37,Banjar Baru,543000.0,ZNT
114.87859151215162,-3.4833140947314134,0.8092718190617032,0.07021627890351108,0.8888888955116272,0.0,,,,,160.9895873118683,5473.8523232904145,4250.96281114749,4698.3566237688065,50008.616805911064,1,0,2,0,0,0,0,1,5,101.37,Banjar Baru,268500.0,ZNT
114.581587367824,-3.306932096010943,0.9191918969154358,0.019446637261520332,0.9012345671653748,0.0,,,,,21.026332295496513,605.8725020727054,619.9127379500278,164276.00787353516,585661.5843882561,120,8,12,1,3,1,3,5,13,100.73,Banjarmasin,6801000.0,ZNT
114.61287323977214,-3.3414032504474025,0.8680633438958062,0.053575488501168764,0.7530864477157593,0.0,,,,,8.273070089203278,1715.921222359149,732.9296072308217,123427.62348365784,470358.8481016159,42,7,11,6,6,2,3,4,9,100.73,Banjarmasin,976000.0,ZNT
114.61869716501255,-3.2898840104947094,0.8628257976637946,0.00924274885922702,0.5555555820465088,0.0,,,,,128.93641436828892,4102.626424830341,3649.478399373594,49283.485271692276,369356.8840017319,20,0,9,0,3,0,1,3,11,100.73,Banjarmasin,658000.0,ZNT
114.73833820511774,-3.2211089904609187,0.9278069403436449,0.018658694087666898,0.9753086566925049,0.0,,,,,97.50189389836882,16664.016906641584,11989.743069467317,1154.024374037981,6400.459125518799,0,0,0,0,0,0,0,0,0,107.09,Barito Kuala,14000.0,ZNT
114.79706988931295,-2.6075211601704185,0.8747973640759786,0.01381574335558015,1.0,0.0,,,,,66.77606967886197,40993.11657532042,35538.0393174885,1274.0016758143902,5433.203617557883,1,0,0,0,0,0,0,1,1,107.09,Barito Kuala,9000.0,ZNT
114.47876493865333,-3.3708118840050103,0.8629084097014533,0.03156630281915775,0.9012345671653748,0.0,,,,,100.9338391840907,4634.80559337426,4127.46352773935,1467.571183949709,12289.266660124063,0,0,1,0,0,0,0,0,0,107.09,Barito Kuala,5000.0,ZNT
115.10941642121405,-2.654004609891845,0.9209348029560513,0.0031800084497913693,1.0,0.0,,,,,1491.762016268437,32186.026933142606,2248.5247087003795,2467.972858428955,18522.03840905428,0,1,1,0,0,0,0,0,1,100.42,Hulu Sungai Selatan,4000.0,ZNT
115.00331180486782,-2.5262216922660894,0.844282779428694,0.03921385411368038,0.8024691343307495,0.0,,,,,6741.503163523885,49204.437032419286,17700.321065456734,658.847264200449,3612.6527675688267,0,0,0,0,0,0,0,0,0,100.42,Hulu Sungai Selatan,,ZNT
115.08766451199364,-2.8256406008320556,0.9368998739454482,0.01180242824757943,1.0,0.0,,,,,1125.8868434477608,15195.810902604397,12446.086081888074,660.174566373229,5130.045786477625,0,0,0,0,0,0,0,0,0,100.42,Hulu Sungai Selatan,4000.0,ZNT
115.68020560954423,-2.5581937527005887,0.3333333432674408,3.9236555501113153,,0.0,0.3333333432674408,,,,6877.902283714569,71063.89442352694,33959.050705591704,91.28204168751836,707.510379794985,0,0,0,0,0,0,0,0,0,101.42,Hulu Sungai Tengah,,ZNT
115.48932842040921,-2.5663864357183552,0.5448232508367963,1.3983901083678538,0.8055555820465088,0.0,0.046095557510852814,,,,1328.7000544119908,54772.276142385854,12986.728724929992,2346.1971533298492,18301.31402385235,0,0,0,0,0,0,0,0,1,101.42,Hulu Sungai Tengah,15850.0,ZNT
115.2749889754629,-2.5524323019900415,0.8990783029132419,0.014347336405675634,1.0,0.0,,,,,84.16568624218021,44558.256280168396,11822.364995536636,2120.5408620238304,14049.361092567444,0,0,0,0,0,0,0,0,1,101.42,Hulu Sungai Tengah,11000.0,ZNT
115.00761529408388,-2.4855284554571453,0.8745479517512851,0.017951589188550467,0.9753086566925049,0.0,,,,,4587.697865701347,53281.251167057715,20790.612958375506,1199.183996796608,5827.10428480804,0,0,0,0,0,0,0,0,0,101.97,Hulu Sungai Utara,,ZNT
114.94872754369415,-2.469671823794299,0.8409539726045396,0.058377388057300056,0.9506173133850098,0.0,,,,,977.3244104240223,57373.57418720986,26430.54696434144,1503.6365533471107,7127.88653331995,0,0,0,0,0,0,0,0,0,101.97,Hulu Sungai Utara,,ZNT
115.04054851963926,-2.4372343041466316,0.8468637135293748,0.025265545845421972,0.8765432238578796,0.0,,,,,328.03321310464116,57385.27164229086,23747.284469053062,869.9400150775909,7471.304515123367,0,0,0,0,0,0,0,0,0,101.97,Hulu Sungai Utara,,ZNT
116.22779427949135,-2.448722681278691,0.7177374164263407,0.5331790909335502,0.8333333730697632,0.0,,,,,115.0119346015314,78290.72291498816,7829.903495219946,503.5577087402344,3496.3552351146936,0,0,0,0,0,0,0,0,0,99.52,Kota Baru,3156.0,ZNT
115.95231906771016,-2.552932619263575,0.6316828860176934,1.4878265100610044,,0.0,,,,,669.9396080763796,81363.07669945677,40511.29735437729,775.4976804107428,4870.725092969835,0,0,0,0,0,0,0,0,0,99.52,Kota Baru,1000.0,ZNT
116.2619230388229,-2.8936772552079644,0.6328140166070726,1.056212019628398,0.7530864477157593,0.0,,,,,771.4736301804078,45905.38110049931,40193.03880400964,1349.3308102339506,5229.037092089653,0,0,0,0,0,0,0,0,0,99.52,Kota Baru,,ZNT
115.61159846842801,-1.9661374767353594,0.6049570573700799,0.8015898433263435,0.7222222089767456,0.0,,,,,1073.7944835673056,36241.59974281884,30592.387504175615,1024.7836488187313,6114.311148792505,0,0,0,0,0,0,0,0,0,102.21,Tabalong,12000.0,ZNT
115.3192486919944,-2.178674439446595,0.668507715066274,0.292988307926945,0.8055555820465088,0.0,,,,,1083.1349449514023,76133.01703391169,7874.852909943037,904.353539198637,8824.22196610272,0,0,0,0,0,0,0,0,0,102.21,Tabalong,14000.0,ZNT
115.64252741709782,-1.6915245088679154,0.3039976921346452,3.9578549143327484,,0.0,0.6666666865348816,,,,346.41553204437537,32516.247042222964,35523.989535390014,184.5084028095007,1239.8493829965591,0,0,0,0,0,0,0,0,0,102.21,Tabalong,,ZNT
115.86400990795396,-3.2677775168528207,0.64845785829756,0.30188876558265365,,0.0,,,,,475.453176157403,24353.54068455068,19805.006926303282,882.7471305131912,6189.228070795536,0,0,0,0,0,0,0,0,0,100.7,Tanah Bumbu,454000.0,ZNT
115.54420382403781,-3.76060316804589,0.803217179245419,0.09428573608324191,1.0,0.0,,,,,754.2617615530021,8599.16220696949,53078.55108683856,783.6855730712414,5336.605067610741,0,0,0,0,0,0,0,0,0,100.7,Tanah Bumbu,11895.0,ZNT
115.40350400311483,-3.586281334333929,0.29579248362117344,0.2296828868690989,,0.0,,,,,1587.799624261701,21350.657511105237,52397.25781832186,453.7166406959295,2520.0317465141416,0,0,0,0,0,0,0,0,0,100.7,Tanah Bumbu,,ZNT
114.63647811067078,-3.700484097989855,0.939393937587738,0.05819228868479163,1.0,0.0,,,,,72.86821286280414,29026.51484598168,3293.8891341098415,1225.450477540493,5121.4133967757225,0,0,1,0,0,0,0,0,0,102.93,Tanah Laut,10911.0,ZNT
115.03270586400237,-3.7167723017862215,1.0,12.557741135843843,,0.0,1.0,,,,4228.428338764382,13895.742423164693,20485.49107374704,233.43782227486372,1617.4551211446524,0,0,0,0,0,0,0,0,0,102.93,Tanah Laut,3000.0,ZNT
114.63710721827373,-3.986704610527098,0.9341563847329881,0.04897432117176355,1.0,0.0,,,,,372.6439925396492,57794.34667043497,8971.739290636155,594.1821418702602,3299.54168407619,16,0,0,1,1,0,0,0,0,102.93,Tanah Laut,7500.0,ZNT
115.25921882225101,-2.944245597133046,0.7273104323281182,0.5828644944373804,,0.0,,,,,833.3979678748755,10420.138707896562,15991.705237305268,3064.491084098816,19340.497115045786,0,0,0,0,0,0,0,0,0,102.09,Tapin,12000.0,ZNT
115.19371820214647,-3.1473440042891117,0.3893473827176624,1.0595090120585804,0.6111111044883728,0.0,,,,,202.14275578170358,23489.804310691306,33151.54581673696,2045.1292390227318,12884.645867854357,0,0,0,0,0,0,0,0,0,102.09,Tapin,119500.0,ZNT
115.45696165714268,-2.9244503996563447,1.0,2.9233770526970306,,0.0,1.0,,,,387.1478697264657,32390.941329627974,25929.97717703105,1076.2546498775482,4033.059948042035,0,0,0,0,0,0,0,0,0,102.09,Tapin,14000.0,ZNT
114.5574556012539,-2.5417932176258127,1.0,0.049295973206180316,1.0,0.0,,,,,631.0362655181152,51923.65382692981,42852.67896397988,278.7226396128535,1675.2714830860496,0,0,0,0,0,0,0,0,0,103.79,Barito Selatan,,ZNT
114.65502481025295,-2.4984935852600763,0.9005732867452834,0.02072651052407147,0.7530864477157593,0.0,,,,,1945.9420718367871,54417.85282509651,53726.4930702561,208.82996378093958,1571.6630625650287,0,0,0,0,0,0,0,0,0,103.79,Barito Selatan,,ZNT
114.87824660141482,-1.6981846140121593,1.0,0.30208661913829404,1.0,0.0,,,,,579.8543062508322,81666.67168313438,5892.231892985467,2620.4282940626144,15222.747985452414,0,0,0,0,0,0,0,0,0,103.79,Barito Selatan,211500.0,ZNT
115.33302313085487,-1.9453073907839387,0.41563600301742554,1.0489577278468767,,0.0,0.3333333432674408,,,,652.2912253877644,64936.855887625534,21903.913462466076,714.5895832329988,4378.013713106513,0,0,0,0,0,0,0,0,0,101.42,Barito Timur,4000.0,ZNT
114.99464832319335,-1.8237897073287808,0.655192686451806,0.43456125361806763,0.48148149251937866,0.0,,,,,3050.1336030942366,96355.43398047118,13498.843160421073,192.46486504375935,1686.4996307641268,0,0,0,0,0,0,0,0,0,101.42,Barito Timur,,ZNT
115.06511233747443,-2.145369987642353,0.8369554744826423,0.22916389679266178,1.0,0.0,,,,,1278.426421246228,88836.41302611105,18950.773569546018,487.0647256523371,3365.976199477911,0,0,0,0,0,0,0,0,0,101.42,Barito Timur,,ZNT
115.39841241840205,-1.1465828567077665,0.22698767648802864,0.23599380393883487,,0.0,,,,,4204.236167632086,60258.89956459169,60270.99740158026,120.56731114909053,881.5922357644886,0,0,0,0,0,0,0,0,0,104.09,Barito Utara,,ZNT
115.35798086867152,-0.7472858079322021,0.27346380717224544,0.3597157493619556,,0.0,0.3333333432674408,,,,2999.2727704887266,49195.74897020822,57344.02487506378,24.73182364087552,145.07717487961054,0,0,0,0,0,0,0,0,0,104.09,Barito Utara,,ZNT
115.06777287094339,-1.2609945118327641,0.40566900703642106,0.7823442234796062,,0.0,,,,,2232.909601955244,38610.96885529145,38784.06158014065,129.2613722383976,1090.7766966670752,0,0,0,0,0,0,0,0,0,104.09,Barito Utara,,ZNT
113.53119011946929,-1.5343804233643534,0.7545828620592753,0.40619082952972635,0.9259259104728699,0.0,,,,,683.1300724748176,41355.67326287098,68842.21509890653,1464.9019433557987,7146.936173468828,0,0,0,0,0,0,0,0,0,111.22,Gunung Mas,1000.0,ZNT
113.9628113726197,-1.281314574139469,0.28398392266697353,0.42604738979151413,,0.0,,,,,831.0546967952818,24095.710736353485,61211.65202017433,157.18904642760754,1367.356783285737,0,0,0,0,0,0,0,0,0,111.22,Gunung Mas,,ZNT
113.36965556435362,-1.2303875714622556,0.7155401342444949,0.3173677788582289,0.8271604776382446,0.0,,,,,1365.9983102278825,33385.38355108309,40410.7470424906,89.37337389215827,731.1408349089324,0,0,0,0,0,0,0,0,0,111.22,Gunung Mas,,ZNT
114.70096604282774,-2.536054507190673,0.8512019117673238,0.09453242771813021,0.9012345671653748,0.0,,,,,894.8157402745899,49349.756732494905,47713.11161613189,432.8060181885958,3131.8768641352654,0,0,0,0,0,0,0,0,0,100.98,Kapuas,,ZNT
114.04532073194633,-0.9865580818289676,0.558048685391744,0.48172515637420615,0.7037037014961243,0.0,,,,,484.9156715406865,58127.81454332806,55489.95411314786,439.69426541030407,1859.8343497551978,0,0,0,0,0,0,0,0,0,100.98,Kapuas,,ZNT
114.65554762764742,-2.0031301494166973,0.5025340153111352,0.12681300657396824,0.6296296715736389,0.0,,,,,14645.293538459473,88989.07874441866,27522.44433771907,82.22846620902419,506.3149046227336,0,0,0,0,0,0,0,0,0,100.98,Kapuas,,ZNT
112.16128038863238,-1.0036277880301996,0.3333333432674408,0.9753324748607,,0.0,0.3333333432674408,,,,1522.3128547116462,61559.33538890535,100187.52904462715,32.04714548308402,274.48321949411184,0,0,0,0,0,0,0,0,0,101.17,Katingan,,ZNT
112.41396920231915,-1.1197179309965035,0.3333333432674408,3.5786092660453517,,0.0,0.3333333432674408,,,,988.4900854869694,30919.12150638636,95198.0158828067,53.12621331773698,513.5157463476062,0,0,0,0,0,0,0,0,0,101.17,Katingan,,ZNT
113.16949270187641,-1.2726889069596723,0.2752632200717926,0.9712310916503377,,0.0,,,,,2109.289799497404,11713.51680629405,58123.43302634287,38.216290367767215,267.7120874207467,0,0,0,0,0,0,0,0,0,101.17,Katingan,,ZNT
111.84619655786462,-1.9180093853905646,0.3919448256492615,6.850382588084923,,0.0,0.3333333432674408,,,,608.6465842896021,92290.89187451669,30178.783072348473,211.95008303970098,957.9545329809189,0,0,0,0,0,0,0,0,0,104.51,Kotawaringin Barat,,ZNT
111.66400422526176,-2.482646799993068,0.7021745575798882,0.21854535184622798,0.5873016119003296,0.0,,,,,313.0155447966848,29460.318972967252,20745.57895207271,510.35035210847855,3349.7680485621095,0,0,0,0,0,0,0,0,0,104.51,Kotawaringin Barat,19000.0,ZNT
111.81359873984569,-3.4677202325576606,0.827203181054857,0.07686585761953492,0.7283951044082642,0.0,,,,,6063.339495854203,81508.1812391526,80397.8220724601,134.89307707548141,673.1674722358584,0,0,0,0,0,0,0,0,0,104.51,Kotawaringin Barat,,ZNT
112.30235117252886,-1.942466106320206,0.45276229911380345,4.070879154056487,,0.0,0.3333333432674408,,,,988.6890114635122,94184.99617462493,20633.48980055551,338.18785697221756,1976.2862805202603,0,0,0,0,0,0,0,0,0,104.55,Kotawaringin Timur,,ZNT
112.83353386707589,-2.3931389671179417,0.7224464813868204,0.15395843783304647,0.5185185670852661,0.0,,,,,3755.7165563751655,21141.258531737923,20939.52308881585,153.9928894340992,1202.8192429542542,0,0,0,0,0,0,0,0,0,104.55,Kotawaringin Timur,,ZNT
112.49894993849588,-1.773257283451674,0.5208223660786947,0.681313336069135,,0.0,,,,,1033.4916189569499,68440.06538421843,45524.663968654095,121.7714360281825,874.2232649996877,0,0,0,0,0,0,0,0,0,104.55,Kotawaringin Timur,,ZNT
111.41578575028599,-1.8159560777989738,0.5921893450948927,0.20663928281937127,0.9506173133850098,0.0,,,,,850.4158813748559,108424.87909025236,69957.92731848202,625.8294664174318,3147.996724382043,0,0,0,0,0,0,0,0,0,109.6,Lamandau,,ZNT
111.58783698506656,-1.810407710544528,0.7859832909372118,0.18255255649295543,1.0,0.0,,,,,514.7680876746284,104499.61171852132,56213.18994774096,135.47345710545778,1095.731775637716,0,0,0,0,0,0,0,0,0,109.6,Lamandau,,ZNT
111.76857235579469,-1.9926331269066562,0.7182375523779128,0.22322700572683224,0.7777777910232544,0.0,,,,,2112.3895820001608,83181.53037747442,27783.885686515845,120.38512670993805,894.647974729538,0,0,0,0,0,0,0,0,0,109.6,Lamandau,,ZNT
114.59397083668141,-0.7880119329916306,0.3333333432674408,0.48761327320681835,,0.0,0.3333333432674408,,,,1780.7915026316634,38103.82508309617,38043.22721037479,48.92313012480736,338.24947649240494,0,0,0,0,0,0,0,0,0,116.12,Murung Raya,,ZNT
114.36398252283043,-0.7478414666444949,0.7564883364571465,0.830022407529952,0.8888888955116272,0.0,0.3333333432674408,,,,1153.946277064007,63032.27669685504,63009.185519573766,237.71515680104494,1099.368755986914,0,0,0,0,0,0,0,0,0,116.12,Murung Raya,,ZNT
114.26052064580365,0.15692037440760287,0.9353000389205085,1.1671525149390651,,0.0,1.0,,,,1367.7745725626266,142825.63091054198,68548.79130196453,19.14266488607973,152.2086955010891,0,0,0,0,0,0,0,0,0,116.12,Murung Raya,,ZNT
113.94275025117695,-2.3199149148304143,1.0,0.039246398351999834,1.0,0.0,,,,,1421.7566690297003,3541.4010250494116,8964.226680483283,418.2689884528518,3327.0966522470117,0,0,0,0,0,0,0,0,0,100.8,Palangka Raya,,ZNT
113.73598215109347,-1.740758320092285,0.4743139379554325,0.2193970964202528,,0.0,,,,,1562.2042825041926,33448.024392214254,45744.922209268174,718.2715558409691,5642.743871122599,0,0,0,0,0,0,0,3,5,100.8,Palangka Raya,,ZNT
113.79843968565457,-2.2259067156070436,0.9380867944823371,0.17281029384861007,0.694444477558136,0.0,,,,,268.021053685645,15629.907130477979,10147.616145270464,229.94222991913557,998.3292565383017,0,0,0,0,0,0,0,0,0,100.8,Palangka Raya,89000.0,ZNT
113.85384706744281,-2.79198854353299,0.9972565174102783,0.16412134453287086,1.0,0.0,,,,,9202.219204758692,38806.94328506887,45724.39621870594,29.56312028877437,191.54266292229295,0,0,0,0,0,0,0,0,0,100.79,Pulang Pisau,,ZNT
113.97360602153921,-1.7668785090638317,0.502084344625473,0.12900002454625045,0.7283951044082642,0.0,,,,,1477.8462313209006,31836.971002440496,36062.18698394919,126.13425529003143,929.0132008045912,0,0,0,0,0,0,0,0,0,100.79,Pulang Pisau,,ZNT
113.79748549372711,-2.465394830343527,0.5100000500679016,0.08468082106611866,0.4444444477558136,0.0,,,,,19183.583395105266,20602.382239495688,28341.848695696975,23.23470014333725,146.81606321968138,0,0,0,0,0,0,0,0,0,100.79,Pulang Pisau,,ZNT
111.88074971259569,-1.2065408405824867,0.24496792422400582,0.3720807625066697,,0.0,,,,,962.0805267795577,89327.62583228665,83907.88821491045,45.09211447276175,325.5043187364936,0,0,0,0,0,0,0,0,0,107.72,Seruyan,,ZNT
112.11451907194107,-2.5302658886299776,0.7514929241604276,0.13756416677480302,,0.0,,,,,1153.043358316743,48790.088015477784,36653.182169411484,295.103233769536,3913.0964259058237,0,0,0,0,1,0,0,0,0,107.72,Seruyan,6000.0,ZNT
112.2124917324398,-2.176788567505284,0.7260720200008817,0.2072059222603686,0.9111111164093018,0.0,,,,,456.1918884545588,82509.41713160845,30120.65315753875,172.26096195727587,1530.8675446137786,0,0,0,0,0,0,0,0,0,107.72,Seruyan,,ZNT
111.18504742783007,-2.3915118951380245,0.6290528509351943,0.1175653479098864,,0.0,,,,,476.06272474881655,71713.21450667933,35214.97971250174,159.95622116327286,1627.9950513094664,0,0,0,0,0,0,0,0,0,112.18,Sukamara,,ZNT
111.12306611261609,-2.4629153961172054,0.7303691969977485,0.26297701244434185,0.8024691343307495,0.0,,,,,2407.9360078024815,73956.5860015363,27813.57318834398,125.04447779431939,1014.3094648830593,0,0,0,0,0,0,0,0,0,112.18,Sukamara,,ZNT
111.19580271042412,-2.4113054609630304,0.6813995507028368,0.43815663064847177,0.8765432238578796,0.0,,,,,512.6252286366121,69529.59872590085,33084.90641729245,154.72044144570827,1461.9433258250356,0,0,0,0,0,0,0,0,0,112.18,Sukamara,,ZNT
116.87154800278007,-1.1795677949359573,0.5652824540932974,0.4044564460213331,,0.0,,,,,23.648813406081647,4198.8547522142135,4970.741150706411,17426.882438659668,117661.77974033356,1,0,1,0,0,0,0,2,4,113.21,Balikpapan,621000.0,ZNT
116.80400126908538,-1.0720280063653735,0.5313591029908922,1.1776329535744214,,0.0,0.3333333432674408,,,,3.2009718551834223,14406.955138498595,15117.38322681751,352.0558462291956,3483.7429261505604,0,0,0,0,0,0,0,0,0,113.21,Balikpapan,50500.0,ZNT
116.99871722239284,-1.1473267404696905,0.7600163949860467,0.509677846979588,0.9506173133850098,0.0,,,,,3.7527003657908247,16571.74469954998,15897.543543293896,4826.665374219418,22227.764580219984,1,0,0,0,0,0,0,1,1,113.21,Balikpapan,821500.0,ZNT
116.74524647079126,2.102102212105848,1.0,14.7462573083722,,0.0,1.0,,,,4703.453502862747,110699.8550194969,11848.755079344848,58.079423390328884,324.18740432709455,0,0,0,0,0,0,0,0,0,113.43,Berau,,ZNT
116.56403393353824,2.123556153995044,0.7486015558242798,1.5031836851970566,,0.0,0.6666666865348816,,,,1335.7008018668341,122795.49578424121,17250.27621899172,21.48526190035045,148.35961363371462,0,0,0,0,0,0,0,0,0,113.43,Berau,,ZNT
118.9162576869394,1.0492836564216026,0.30506355729367995,9.049047185707433,,0.2292824536561966,0.3333333432674408,,,,2365.805034883527,115191.92116789467,104831.4752818702,135.40807923674583,645.5039639919996,0,0,0,0,0,0,0,0,0,113.43,Berau,7759.0,ZNT
117.39923844807858,0.039166751437621515,0.6960670616891649,0.43801116223128267,0.9365079402923584,0.0,,,,,637.0274788461691,11905.150747167883,11803.098083575722,1175.64891153574,8012.140298828483,0,0,0,0,0,0,0,0,0,121.37,Bontang,40622.5,ZNT
117.48738936606229,0.14584549305476083,0.5055056102573872,0.30495886447618026,0.6388888955116272,0.0,,0.42352941632270813,,,97.35023497943082,2080.3472194069154,1288.4302062047104,18177.63708472252,87645.42811155319,35,2,5,1,3,0,0,3,4,121.37,Bontang,1815000.0,ZNT
117.46224304945055,0.06724328543902956,0.7126111189524332,0.4833090536088295,0.8271604776382446,0.0,,,,,72.7903852178225,6261.395705090784,5686.067258469328,7171.150457143784,35188.036650419235,0,0,0,0,0,0,0,0,0,121.37,Bontang,113000.0,ZNT
115.60580576177314,-0.7976070076467889,0.3042646315362718,0.699187368748614,,0.0,0.3333333432674408,,,,382.8678309377401,54148.12512101646,62277.15930117801,27.48211243841797,166.63669456262141,0,0,0,0,0,0,0,0,0,129.02,Kutai Barat,,ZNT
115.5015797561235,0.9438943118064467,0.10163390139738719,2.587483127743108,,0.0,,,,,2975.8623549926115,87830.98461361084,107178.09032693529,12.52104346966371,80.06528213620186,0,0,0,0,0,0,0,0,0,129.02,Kutai Barat,,ZNT
113.99052607262243,1.1132853266628562,0.9870706266827054,10.509899755380486,,0.0,1.0,,,,23402.52072853122,230941.39465607383,49093.758512011,7.57424583658576,50.464587988331914,0,0,0,0,0,0,0,0,0,129.02,Kutai Barat,,ZNT
117.3323891869446,-0.22514104973759075,0.5956293675634596,0.676581822719138,0.6507936716079712,0.0,,,,,178.8271020472766,18209.37897747207,14965.172559009978,692.6988312005997,3305.5858778357506,0,0,0,0,0,0,0,1,1,116.72,Kutai Kartanegara,126230.0,ZNT
116.89396839351645,-0.0637849388667211,0.8347263005044725,0.029320288695617532,1.0,0.0,,,,,1379.4759989438955,41146.53554257291,37876.0535178367,284.9600396603346,1314.7628022432327,2,0,0,0,0,0,0,1,1,116.72,Kutai Kartanegara,3668.0,ZNT
115.64964497544659,1.2086337225885,0.06666666931576198,1.105784267013854,0.6000000238418579,0.0,,,,,12552.771462396027,102382.47542641587,130311.26990853659,15.19755809288472,83.59936390351504,0,0,0,0,0,0,0,0,0,116.72,Kutai Kartanegara,,ZNT
117.68445746534368,1.0359367741479086,0.5220796283748415,0.7788046039110503,0.9012345671653748,0.004764395300298929,0.3333333432674408,,,,685.7901098223068,24864.2424339375,32799.86979712665,147.06188268214464,959.2195240221918,0,0,0,0,0,0,0,0,0,127.39,Kutai Timur,10211.0,ZNT
116.23293376226566,1.043879094561042,0.7363682389259338,7.756316433738365,,0.0,1.0,,,,28317.20702048699,75953.13653259534,82432.95110726343,19.0846527768299,117.85108401626348,0,0,0,0,0,0,0,0,0,127.39,Kutai Timur,,ZNT
116.7940140810035,0.3596656901266453,0.7567288014623854,0.24615036705284624,0.8271604776382446,0.0,,,,,2083.2326740904637,71228.03393359098,56763.34389560329,188.0891613587737,1303.2450356334448,0,0,0,0,0,0,0,0,0,127.39,Kutai Timur,8560.0,ZNT
116.28409532561119,-1.320536522887244,0.6875312990612454,1.5192374809998013,,0.0,0.3333333432674408,,,,1411.5711516935614,55421.892282085755,31017.993741760103,308.8876633197069,1431.2189688831568,0,0,0,0,0,0,0,0,0,118.75,Paser,4130.0,ZNT
115.94586500339658,-1.2268499712012697,0.29131482707129586,2.411028199915371,,0.0,0.3333333432674408,,,,432.768318056127,66369.38227174661,66807.06889624786,38.8171542417258,226.22730947565287,0,0,0,0,0,0,0,0,0,118.75,Paser,,ZNT
116.29643583721416,-1.6045083955905124,0.6411160363091363,0.2927086054003303,0.6296296715736389,0.0,,,,,55.57891484130907,49787.33738682962,19811.380957275982,285.1929020732641,3095.71989543736,0,0,0,0,0,0,0,0,0,118.75,Paser,7000.0,ZNT
116.61499514467661,-0.9678939946978795,0.5698866314358182,0.793147696079956,,0.0,0.3333333432674408,,,,1331.548217903903,7109.463830998771,9885.968062152268,149.9453123062849,1013.2824941948056,0,0,0,0,0,0,0,0,0,119.59,Penajam Paser Utara,,ZNT
116.80097580844745,-0.9650971407396659,0.7192916803889804,0.2203991916197229,0.7037037014961243,0.0,,,,,772.8384708726119,7111.088823394872,9793.912109112984,848.0954841971397,4664.956146389246,0,0,0,0,0,0,0,0,0,119.59,Penajam Paser Utara,,ZNT
116.7194349924825,-1.3623130716618657,0.8161865737703111,0.07403893599487192,0.9012345671653748,0.0,,,,,77.0223004026137,13731.785269303979,6124.5338107790285,1613.5609741806984,13405.543586969376,0,0,0,0,0,0,0,0,2,119.59,Penajam Paser Utara,55000.0,ZNT
117.15991883759683,-0.5305589700246496,0.9521137343512641,0.3413257130972775,1.0,0.0,,,,,95.7599660690886,2565.9240792073747,2636.2878624615637,10575.639529705048,180956.35518491268,0,2,13,0,8,0,1,1,9,107.38,Samarinda,715000.0,ZNT
117.1889688134579,-0.5454113995123109,0.7278962466451857,0.37024657254239685,0.7037037014961243,0.0,,,,,95.11803357480203,5627.252912465483,2573.184746493894,4116.025493383408,65513.04903292656,1,1,1,0,0,0,0,1,1,107.38,Samarinda,720000.0,ZNT
117.18905582282142,-0.5363976346607476,0.6963659856054518,0.22745718124140493,0.9012345671653748,0.0,,,,,160.70184702415352,4941.306276432651,3532.6661995765444,7167.168586015701,82237.06271338463,1,0,3,0,0,0,0,1,1,107.38,Samarinda,358747.0,ZNT
116.87297355632705,3.1531637452496346,0.3333333432674408,1.871788024799279,,0.0,0.3333333432674408,,,,5786.953658914877,41682.99347162479,50496.442773145776,22.203920447267592,149.40365001838654,0,0,0,0,0,0,0,0,0,107.44,Bulungan,,ZNT
117.66483688255099,2.941651360929217,0.7701708475748698,0.10318967916110304,0.3827160596847534,0.0,,,,,8900.209242255949,32950.952892843,33892.201149682514,96.3521858714521,701.6228454113007,0,0,0,0,0,0,0,0,0,107.44,Bulungan,,ZNT
116.77282292557105,3.374644738389065,0.3333333432674408,1.0364203270142813,,0.0,0.3333333432674408,,,,10329.045051921847,29084.286018560408,29957.029471064452,13.208348225802183,97.54356073727831,0,0,0,0,0,0,0,0,0,107.44,Bulungan,,ZNT
115.49460586231295,2.799270382718479,0.7814485563172234,16.39510869675895,,0.0,1.0,,,,9326.129761071963,154247.20452390437,41089.37213048701,9.228504033759236,54.90076490491629,0,0,0,0,0,0,0,0,0,101.8,Malinau,,ZNT
116.17630111338603,2.788808733677957,0.8759095072746277,7.682425032343579,,0.0,1.0,,,,5663.350946279503,102998.45427231828,39039.05015395184,7.679442347493023,51.4350726227276,0,0,0,0,0,0,0,0,0,101.8,Malinau,,ZNT
116.0938134294134,1.8994042703316398,0.8254517184363471,10.556211008809447,,0.0,1.0,,,,,168601.1720245087,75108.64637524918,14.33788464218378,94.54939457029104,0,0,0,0,0,0,0,0,0,101.8,Malinau,,ZNT
117.8276538134682,4.110338812105107,0.3907148904270596,0.46486523189160084,,0.0,0.3333333432674408,,,,481.92747703354974,6554.434375177473,90430.82158227294,311.6020986288786,2922.0018184632063,0,0,0,0,0,0,0,0,0,106.27,Nunukan,15500.0,ZNT
117.73316029188392,4.158472508222551,0.3333333432674408,7.312512037095765,,0.0,0.3333333432674408,,,,213.05951795109166,3643.8812920083496,81297.73068855212,646.1425929367542,3819.959811195731,0,0,0,0,0,0,0,0,1,106.27,Nunukan,66000.0,ZNT
116.84957880655925,4.168483593560646,0.6666666865348816,3.81350047316125,,0.0,0.6666666865348816,,,,301.7364192989354,41533.58559612506,20415.861536342298,252.5609482973814,1706.4605462141335,0,0,0,0,0,0,0,0,0,106.27,Nunukan,,ZNT
116.81738746418068,3.4966903463427537,0.30256501336892444,3.7026755894945866,,0.0,0.3333333432674408,,,,1239.1157574712392,15256.12736584285,16012.094345061858,89.28141668438911,624.5559207443148,0,0,0,0,0,0,0,0,0,102.98,Tana Tidung,,ZNT
117.26652104549355,3.5214436061767245,0.8941264483663771,0.09398962270703584,0.6790123581886292,0.0,,,,,8156.190409466037,31522.92987896799,38366.13354950257,36.365331176668406,209.0690308790654,0,0,0,0,0,0,0,0,0,102.98,Tana Tidung,,ZNT
116.81617557600003,3.3871409568638517,0.20916042228539786,1.257539442629174,,0.0,0.3333333432674408,,,,7506.783801229748,26147.986988026296,26509.667585383482,14.490289064589888,100.9491124516353,0,0,0,0,0,0,0,0,0,102.98,Tana Tidung,,ZNT
117.64443369155931,3.334079998852525,0.5134777393605974,1.5478790568301808,0.7407407760620117,0.0,,,,,11.635246435744868,8172.968145687219,4767.357140146983,7951.033682346344,75235.85748010874,0,0,1,0,0,0,0,0,0,110.54,Tarakan,234500.0,ZNT
117.6238552397038,3.3961989838968476,0.4653616382016076,1.1507662821081017,0.8518518805503845,0.0,,,,,191.08949867395924,10525.667998646975,8948.461941642076,1224.455949664116,12455.684906423092,0,0,0,0,0,0,0,0,0,110.54,Tarakan,4000.0,ZNT
117.54979449731655,3.355614665945105,0.838259134027693,0.4270539598625976,0.8518518805503845,0.0,,,,,126.96933875966553,8286.086415587091,2104.009172011679,19129.07447385788,87248.79038374126,0,1,1,1,1,0,0,0,1,110.54,Tarakan,447000.0,ZNT
104.28932969671942,0.6302548519903904,0.4270014464855194,0.21926099315001896,,0.0,,,,,560.6245191325918,1410.3937596917153,16220.379039321417,1425.2072876691818,4936.074341535568,0,0,0,0,0,0,0,0,0,108.46,Batam,33000.0,ZNT
103.86475952872387,1.0567083165750497,0.4844168225924174,0.33544888386191507,0.7037037014961243,0.0,,,,,845.421286365827,4295.562053061961,8456.870819881344,11387.862462997437,54110.323511362076,0,0,0,0,0,0,0,0,1,108.46,Batam,,ZNT
104.01200980295096,1.150888950147798,0.8785384694735209,1.344566065136271,0.7142857313156128,0.0,,,,,13.352655859766127,825.2740980378288,243.7804719146374,124476.60112380981,377190.59924411774,186,16,19,17,21,3,3,53,67,108.46,Batam,5791500.0,ZNT
104.38811712673535,1.1218390632514317,0.6089178257518344,0.7688246228318867,,0.0,,,,,522.0979970284336,8691.721668936545,22523.47784862667,581.7959571033716,8944.69483974576,0,0,0,0,0,0,0,0,0,104.08,Bintan,129500.0,ZNT
104.51809899074952,1.0901747899755292,0.7503429253896078,0.31278006141533554,0.7222222089767456,0.0,,,,,13.366231262638015,19174.088781808103,18526.800654431634,8812.522749900818,55184.89636044204,0,0,0,0,0,0,0,0,0,104.08,Bintan,101500.0,ZNT
104.41052888290896,1.1496683980896432,0.5808791120847067,0.7000317137607751,,0.0,,,,,445.97904757401204,10117.614171357058,25075.55158130219,403.5427011102438,5595.081460013986,0,0,0,0,0,0,0,0,0,104.08,Bintan,129500.0,ZNT
103.34434605898122,1.0749240820787782,0.3363051348262363,1.3942306698340856,,0.0,0.1521531045436859,,,,98.63665223859162,7999.748592000507,10303.481189107111,6557.835706472397,47001.44219350815,0,0,0,0,0,0,0,0,1,108.14,Karimun,61000.0,ZNT
103.43934988853492,0.7109731451471503,0.7204140226046244,0.20120492527395595,0.7530864477157593,0.0,,,,,165.1573192730833,6924.498160513346,33750.97298126362,2152.439308822155,14563.564112246037,0,0,0,0,0,0,0,0,1,108.14,Karimun,19000.0,ZNT
103.57409812351717,0.6744745649926561,0.5444340772098966,0.7143898095335056,,0.0,0.3333333432674408,,,,1056.8891407672836,11056.206807762705,36935.80949138204,496.0945757031441,829.1971744298935,0,0,0,0,0,0,0,0,0,108.14,Karimun,,ZNT
106.25491172609102,3.1287362758361508,0.4102140698168013,5.073076855131763,,0.0,0.3333333432674408,,,,523.822684060597,10765.05185354505,10489.463139218838,132.18952721357346,1052.328377302736,0,0,0,0,0,0,0,0,0,123.49,Kepulauan Anambas,114500.0,ZNT
105.71201070023368,3.0825673408079637,0.3699672785070207,7.078728937665852,,0.0,0.3333333432674408,,,,1305.2614175290646,10502.657040269989,10121.34163740617,271.38682395219803,598.3652075305581,0,0,0,0,0,0,0,0,0,123.49,Kepulauan Anambas,,ZNT
105.77173951947766,2.9694212607730073,0.5889224807421366,1.582873903372302,,0.0,0.6666666865348816,,,,286.53956736149394,8523.698132239691,8170.820132128153,464.0370234400034,1862.147396273911,0,0,0,0,0,0,0,0,0,123.49,Kepulauan Anambas,13500.0,ZNT
104.6478940784121,-0.12435795395837812,0.31100547893179786,1.3372443703808767,0.6296296119689941,0.0,0.3333333432674408,,,,293.7964076329583,91349.66875255542,41890.04827203592,630.1057257652283,2877.5910218060017,0,0,0,0,0,0,0,0,0,110.76,Lingga,99500.0,ZNT
104.34937620056172,0.2963692973768317,0.26696025662952,1.6559395132892945,,0.0,0.3333333432674408,,,,3487.173897528734,35962.339416529,52854.98049124135,404.8020882755518,1467.7369082532823,0,0,0,0,0,0,0,0,0,110.76,Lingga,,ZNT
104.42599403112398,-0.45416525221532844,0.5328117476569282,1.3023801189347461,0.654321014881134,0.0,,,,,1504.8906973541016,119743.93170903256,15343.706769988492,860.8048841059208,6185.494539052248,0,0,0,0,0,0,0,0,0,110.76,Lingga,2500.0,ZNT
108.12835900669363,4.083874909558149,0.1638120429383384,0.4396293456774732,0.4920634925365448,0.0,,,,,3330.884228794055,17614.873449553947,30956.697692761634,62.5111323222518,385.89518258720636,0,0,0,0,0,0,0,0,0,113.96,Natuna,,ZNT
108.28908875193993,3.9712208654504253,0.7639509240786234,0.1853614994622146,0.9111111164093018,0.0,,,,,1034.66369717257,11483.895763981049,9263.949122766588,184.60409526526928,1391.1499553620815,0,0,0,0,0,0,0,0,0,113.96,Natuna,50000.0,ZNT
108.14813628558656,3.99848539426767,0.18508055971728432,0.39248466384933395,0.3888888955116272,0.0,,,,,1230.6628552771524,16815.889650624,25009.359078186575,158.42145118489861,1249.4425129666924,0,0,0,0,0,0,0,0,0,113.96,Natuna,,ZNT
104.45760571301238,0.8855248532990323,0.6727995634078979,0.32451305279584797,,0.0,,,,,13.81473753998591,5370.42454773068,4803.85636742999,2743.1345557570457,28002.290161520243,9,0,4,3,7,0,0,24,62,105.81,Tanjungpinang,168000.0,ZNT
104.49061331088663,0.9495220419691887,0.8648210432794359,0.13517208267114283,0.7530864477157593,0.0,,,,,150.4903135725058,5458.139892800236,2939.961895247349,2703.602786242962,44465.94735723734,1,1,3,0,5,0,0,6,23,105.81,Tanjungpinang,190500.0,ZNT
104.53468585183393,0.9177850424436997,0.78675643603007,0.6238663191133677,,0.0,,,,,7.5170974544873115,10267.518306246458,3841.4676303467504,5145.550325036049,27656.470929026604,13,0,3,2,3,0,0,14,25,105.81,Tanjungpinang,215000.0,ZNT
105.23465830601371,-5.367467817024931,0.8886394831869338,0.4607515200528093,0.6666666865348816,0.4049655497074127,,,,,5.6065911930878665,807.0277627495354,1332.7916894583254,98513.69198036194,460866.0992488861,91,5,10,2,4,2,4,5,11,85.34,Bandar Lampung,5294000.0,ZNT
105.317239497085,-5.42859693838332,0.386242859893375,5.801814297991551,,0.4637763500213623,0.3333333432674408,,0.19662922620773315,,114.23878352987441,2925.8759586276537,4510.309146501323,43807.08263015747,312878.22030735016,17,0,1,0,1,0,5,1,3,85.34,Bandar Lampung,823000.0,ZNT
105.2839075778565,-5.360477379042806,0.8877665599187216,0.25915648352351295,0.7283951044082642,0.5540635585784912,,,,,7.754049679191501,3732.795960694671,2120.7011237923625,81535.71488189697,410475.61568784714,69,2,7,2,3,2,5,6,13,85.34,Bandar Lampung,1372500.0,ZNT
104.13608737875843,-5.382212710485098,0.8521833618481954,2.1970317534915917,,0.8862321972846985,,,,,90.24948874746964,55088.23194532052,39338.986881700126,1099.0993126630783,6053.202188551426,0,0,0,0,0,0,0,0,0,92.01,Lampung Barat,12000.0,ZNT
104.36731409425637,-5.209480307696986,1.0,6.0475539467818695,,1.0,0.6666666865348816,,,,8.039641003375348,42721.246092886366,24395.059114284242,1063.749946206808,8245.398035764694,0,0,0,0,0,0,0,0,0,92.01,Lampung Barat,,ZNT
104.0366350544359,-5.3458586695692665,1.0,0.1463260690043775,1.0,0.9393708109855652,,1.0,0.9969854354858398,,318.7420166485509,66757.8397908985,34999.23840626754,2615.54590600729,10865.775997757912,0,0,0,0,0,0,0,0,0,92.01,Lampung Barat,36000.0,ZNT
105.47100587720503,-5.314817482103947,0.6470097899436951,0.46188882115709984,0.7142857313156128,0.3304607570171356,,,0.10440931469202042,,80.66635161052275,23638.1206709201,21961.32020263822,5358.356641411781,22870.05733036995,0,0,0,0,0,0,0,0,0,88.28,Lampung Selatan,278500.0,ZNT
105.72823588349928,-5.7732309043665,0.3646490275859833,0.5940106449002731,,0.4499371647834778,0.3333333432674408,,,,22.63284610993825,10315.851459705878,5480.975562335053,4467.881909251213,30233.933801949024,0,0,0,0,0,0,0,0,0,88.28,Lampung Selatan,465000.0,ZNT
105.67710617320964,-5.614447072374038,0.8655692603853014,0.5242128638670094,0.6666666865348816,0.38370126485824585,,,0.12393049895763397,,82.77043996552364,28846.046669896805,12942.258017375756,5295.4388256073,30434.250537633896,0,0,0,0,0,0,0,0,0,88.28,Lampung Selatan,77500.0,ZNT
105.37839806493605,-4.560676286553517,0.7669285469584994,0.173613424214637,,0.001964971888810396,,,,,249.27660954201804,34817.25313862269,17385.50343946996,1249.899281680584,13450.23418650031,0,0,0,0,0,0,0,0,0,86.25,Lampung Tengah,40500.0,ZNT
105.43626555447827,-4.8864588014137995,0.782017707824707,0.0788315983864144,0.8024691343307495,0.09098069369792938,,,,,275.82279880557303,38685.92004074361,15929.989221463129,3744.1317888498306,23600.44654226303,0,0,0,0,0,0,0,0,0,86.25,Lampung Tengah,110000.0,ZNT
105.71565846665557,-4.632971046639511,0.917196638054318,0.856651228855496,,0.0001315141998929903,,,,,31.45572349500883,9880.01804684048,10747.222204571804,11390.070725083351,51020.25998198986,0,0,0,0,0,0,0,0,0,86.25,Lampung Tengah,36000.0,ZNT
105.34117412266734,-5.127279707278443,0.8432472944259644,0.23401119891108746,0.5277777910232544,0.24540120363235474,,,,,199.1122699501443,20499.39600898388,3350.599683261074,17313.47810459137,124746.1938354969,0,0,4,0,0,0,0,2,2,83.69,Lampung Timur,68000.0,ZNT
105.79272220416641,-4.78418323392923,0.8437391585773892,0.6234373180124869,,0.01697477325797081,,,,,4393.570131764368,14831.787999388838,13895.718985006313,361.82583202421665,3139.0919134169817,0,0,0,0,0,0,0,0,0,83.69,Lampung Timur,,ZNT
105.53777487484741,-5.101349309508486,0.6472752160496182,0.16613616434268316,0.7777777910232544,0.12428834289312363,,,,,94.2421050213047,42025.45038978955,15180.894214625345,4625.57196688652,30830.681285321712,1,0,0,0,0,0,0,0,0,83.69,Lampung Timur,60000.0,ZNT
104.6052513993304,-5.031469930527069,0.7732175721062554,8.551923263874887,,0.2665345370769501,1.0,,,,410.0163494791737,35535.77580546624,38626.37353864871,783.036667406559,5440.621840626001,0,0,0,0,0,0,0,0,0,87.26,Lampung Utara,,ZNT
104.96647232428052,-4.667528498596488,0.72358148627811,0.5094088089176894,0.8888888955116272,0.12158861011266708,,,,,182.5861614216929,19411.365581632428,13893.072734238713,2966.563563644886,18213.294149398804,0,0,0,0,0,0,0,0,0,87.26,Lampung Utara,9661.0,ZNT
104.61477300333132,-5.05432472620598,0.6296296483940549,5.63456083496025,,0.21798114478588104,0.6666666865348816,,,,74.01581530426125,36805.285781291284,39304.100090910084,761.5114265084267,5629.132135927677,0,0,0,0,0,0,0,0,0,87.26,Lampung Utara,,ZNT
105.36755212406389,-4.122659399890671,0.77362017499076,0.6742440050919095,0.654321014881134,0.0,,,,,33.93031274728374,15391.340497725523,18185.63624360927,840.6468167603016,4378.690745249391,0,0,0,0,0,0,0,0,0,91.6,Mesuji,9500.0,ZNT
105.54478734934926,-4.045540304524534,0.8962083127763536,0.11031915117331562,0.6790123581886292,0.0,,,,,1269.609693267128,12197.819491051283,38786.0868787121,611.1214269548655,2969.369227208197,0,0,0,0,0,0,0,0,0,91.6,Mesuji,5500.0,ZNT
105.45157843773879,-4.131141668028798,0.7067321340243021,0.21456602671116648,,0.0,,,,,428.364823009366,13955.393947116834,24955.535506336677,516.255962818861,3503.0922495126724,0,0,0,0,0,0,0,0,0,91.6,Mesuji,8000.0,ZNT
105.29463146435292,-5.164893886951139,0.8573388192388747,0.7738133780852199,,0.19670143723487854,,,,,7.067217731318986,14193.932864962562,3349.3318929303164,13237.825034618378,100187.8186289072,0,0,1,0,0,0,0,2,17,84.73,Metro,331000.0,ZNT
105.32053132135181,-5.161730842004621,0.7032227052582635,0.5567652717927064,0.7407407760620117,0.09073900431394577,,,,,39.027470787862605,17046.778896422416,4497.972199268269,11577.14491033554,97021.62049019337,2,0,1,0,0,0,0,2,2,84.73,Metro,80000.0,ZNT
105.3160455446482,-5.151119351227976,0.839256763458252,0.07387538826409303,0.8271604776382446,0.20436479151248932,,,,,25.063883663162752,16927.663382494982,3394.9187259632445,20861.872512340546,138740.43496513367,2,0,7,0,0,0,0,2,2,84.73,Metro,251000.0,ZNT
105.34204018861212,-5.81979951716062,0.6642929375171661,0.3302357761189414,,0.5841691493988037,0.3333333432674408,0.8233927488327026,,,7629.052121667053,34414.94331451809,38753.350473738195,248.1678432971239,1409.068790152669,0,0,0,0,0,0,0,0,0,85.26,Pesawaran,44000.0,ZNT
105.08908796320748,-5.21606191983017,0.7722907927301195,0.26709936265074086,0.5185185074806213,0.4726563096046448,,,,,41.95706038789443,9317.062805035961,19113.1979435394,4961.733730316162,30522.037802934647,0,0,0,0,0,0,0,0,0,85.26,Pesawaran,118000.0,ZNT
105.15434304505165,-5.369886070769054,0.5853597687350379,2.1055709601537984,,0.48271268606185913,,,,,21.39557654887507,7155.485799173212,7295.758515036631,12454.885519504547,71908.91761398315,27,0,0,0,0,0,1,0,0,85.26,Pesawaran,86000.0,ZNT
104.90995713331566,-5.365496588086224,0.8355156580607096,0.22314496459788993,0.3333333432674408,0.7373010516166687,,,,,67.62904891915528,31771.74613443161,2617.2563003887194,17193.991347551346,71312.02699768543,34,1,3,0,0,1,1,0,0,86.91,Pringsewu,504000.0,ZNT
104.82227757815195,-5.246115026293758,0.3333333432674408,5.321029010529971,,0.12696923315525055,0.3333333432674408,,,,86.23284930450876,36109.161528768534,18143.626283531597,1446.598218679428,12674.492957472801,0,0,0,0,0,0,0,0,0,86.91,Pringsewu,,ZNT
104.8495846625581,-5.239253769661994,0.3333333432674408,1.0089761362237322,,0.23777888715267181,0.3333333432674408,,,,253.8410410381806,35740.49230470672,16873.223529741248,1279.963387310505,11076.499679982662,0,0,0,0,0,0,0,0,0,86.91,Pringsewu,,ZNT
104.69739153271293,-5.2597129841315935,0.6341898706224229,1.492565108439313,,0.46700361371040344,0.6666666865348816,,,,169.12334141195709,28119.874294169877,28691.915040283922,2470.8832433223724,13711.996521115303,0,0,0,0,0,0,0,0,0,88.73,Tanggamus,37500.0,ZNT
104.68242455197658,-5.225476917623915,0.6666666865348816,1.0725878863181117,,0.3723759949207306,0.6666666865348816,,,,162.74506649790078,31354.480907811343,31891.115182703976,2036.3703644871712,11836.028506338596,0,0,0,0,0,0,0,0,0,88.73,Tanggamus,30500.0,ZNT
104.58715358174142,-5.355605190892125,0.9428611728880141,5.133607049697532,,0.978463351726532,0.6666666865348816,,,,958.4632724138412,16489.11604117755,37518.10846659295,2547.0286509394646,13547.961141854525,0,0,0,0,0,0,0,0,0,88.73,Tanggamus,260000.0,ZNT
105.13717914271912,-4.651059929594604,0.8397555814849006,0.16679726318681995,,0.07438969612121582,,,,,378.2782529148955,29227.35719725177,4653.201538839757,4242.982165336609,23120.511416733265,0,0,2,0,0,0,0,0,0,90.56,Tulang Bawang Barat,27000.0,ZNT
105.07941397771879,-4.380900770688978,0.7151091827286614,0.5819406914993369,0.682539701461792,0.005478241480886936,,,0.005085109267383814,,1405.2011027784195,18752.782282962093,13012.526793613113,1671.3546701073647,11094.12385675311,0,0,0,0,0,0,0,0,0,90.56,Tulang Bawang Barat,8500.0,ZNT
105.10926597870635,-4.32283126730449,0.6447164747450087,0.13902185795416136,,0.008730439469218254,,,,,206.54243659016993,12987.765535484257,9195.831434905149,2753.2505992650986,15643.677183628082,0,0,0,0,0,0,0,0,0,90.56,Tulang Bawang Barat,9500.0,ZNT
105.51618392314138,-4.27630288052497,0.8511036303308275,0.24380935576294904,,0.0,,,,,17.99400726054037,31157.191215406256,29036.38189448382,1118.8758590221405,5771.073830395937,0,0,0,0,0,0,0,1,2,90.39,Tulangbawang,42000.0,ZNT
105.57819110589942,-4.487862161866945,0.769422623846266,0.30892662118023045,,0.0,,,,,2822.6658320506513,28448.53601964422,31939.14944545002,449.05356834828854,5208.448537833989,0,0,0,0,0,0,0,0,0,90.39,Tulangbawang,11500.0,ZNT
105.55303345590772,-4.228119248953295,1.0,0.03253757521879852,1.0,0.0,,,0.0010000000474974513,,757.8907729118378,27588.980468820373,32927.45940849527,699.2498883605003,5482.719507575035,0,0,0,0,0,0,0,0,0,90.39,Tulangbawang,12500.0,ZNT
104.4890485816633,-4.329929251994431,0.5831151008605957,0.2925089131801629,,0.15911726653575897,,,,,784.6418685638748,9120.490071304239,14002.739830221886,2161.7688336372375,13883.728731930256,0,0,0,0,0,0,0,0,0,91.46,Way Kanan,16000.0,ZNT
104.93044403248594,-4.534973562249316,0.8052126301659478,0.13139609135532282,0.9259259104728699,0.04619159176945686,,,,,1047.8160605591888,24998.370107028648,18683.246770783317,1299.125783264637,11047.125331997871,0,0,0,0,0,0,0,0,0,91.46,Way Kanan,12000.0,ZNT
104.44453973053639,-4.5348723386147185,0.49695245093769497,0.6656401853571793,,0.2639159858226776,,,,,43.999080218451695,9338.00460235622,17601.728125142945,743.5233281552792,6046.663630917668,0,0,0,0,0,0,0,0,0,91.46,Way Kanan,7000.0,ZNT
128.2595248584821,-3.58649391196672,0.3333333432674408,5.679069700102126,,0.3015691339969635,0.3333333432674408,,,,2053.5398838114966,6818.7949947516445,4577.201112226154,2325.518222272396,47251.585147708654,0,0,2,0,0,0,0,0,1,91.61,Ambon,1000.0,ZNT
128.0566682110684,-3.6873727729620835,0.5464351177215576,3.9371779774400313,,0.2719137668609619,0.68558669090271,,,,1237.4782811580471,12454.975571857673,12304.51686675998,2589.755983144045,31458.56444621086,0,0,0,0,0,0,0,0,0,91.61,Ambon,4153.0,ZNT
128.18822112832873,-3.7415660168049407,0.7777777910232544,10.61760470842543,,0.34579646587371826,1.0,,,,421.3523971117473,2601.083844506712,4443.952584478361,6058.6394720077515,122804.16193294525,0,0,3,0,2,0,0,0,7,91.61,Ambon,33000.0,ZNT
126.71344160110634,-3.152973295463321,0.7250750660896301,0.5738608041703638,,0.19477905333042145,0.6666666865348816,,,,1555.2785626135342,43053.33905051002,76188.32716965582,129.33345630019903,859.2021415159106,0,0,0,0,0,0,0,0,0,91.8,Buru,,ZNT
127.21372162344991,-3.452345559962294,0.3345024089018504,7.110455697835602,,0.19721347093582153,0.3333333432674408,,,,2489.063767387444,12624.190679475632,68118.83544242257,331.53833208978176,2404.24694301188,0,0,0,0,0,0,0,0,0,91.8,Buru,,ZNT
126.67478541132648,-3.2053075588606252,0.7326572073830498,2.227439675034685,,0.28824669122695923,0.6666666865348816,,,,198.54171462613678,45908.19828719076,70659.44396889758,107.08807995915413,706.4943134151399,0,0,0,0,0,0,0,0,0,91.8,Buru,,ZNT
126.33149149427733,-3.531983049512492,0.6666666865348816,8.282392764063617,,0.21386867761611938,0.6666666865348816,,,,11941.819479211985,34110.217507134665,54623.1776876725,100.33077300712466,640.6634169183671,0,0,0,0,0,0,0,0,0,100.97,Buru Selatan,,ZNT
126.65361186302117,-3.4889544323283244,0.6694505545828078,4.283462469231511,,0.21725596487522125,1.0,,,,1769.143480249843,36207.6132211745,39863.78653982649,133.12897042185068,864.4733857996762,0,0,0,0,0,0,0,0,0,100.97,Buru Selatan,,ZNT
126.71824792194609,-3.7353279105735147,0.3333333432674408,12.702963087516984,,0.1266661435365677,0.3333333432674408,,,,5167.236072244908,13080.750002192539,11570.794983746702,113.04044403880835,786.1737935654819,0,0,0,0,0,0,0,0,0,100.97,Buru Selatan,,ZNT
134.2440822477456,-6.2623051035654305,0.21504528986083138,0.42253527618747244,,0.15992173552513123,,,0.1482093632221222,,12573.0122906818,56011.528194310165,13231.734908088623,260.8831915780902,1045.0538961291313,0,0,0,0,0,0,0,0,0,106.59,Kepulauan Aru,,ZNT
134.3111122822256,-6.825550961941849,0.7919719020525614,0.23881770597120955,,0.055889710783958435,,,,,616.3197625712626,118898.48449942743,6715.809392330487,520.5210838317871,2861.2575265467167,0,0,0,0,0,0,0,0,0,106.59,Kepulauan Aru,,ZNT
134.66858350823438,-6.0663754820479046,0.3157392938931783,0.5081451380246692,,0.10803399235010147,,,0.01729731075465679,,11841.193211300983,58468.33834321137,11848.118912224409,241.49109418690205,791.5132115781307,0,0,0,0,0,0,0,0,0,106.59,Kepulauan Aru,,ZNT
129.73576902054893,-7.824834530532909,0.7577218015988668,6.6978738544812755,,0.9127557873725891,0.6666666865348816,,,,2420.4009331900274,16791.07643797601,30250.15122219255,269.16808731108904,1629.7289794534445,0,0,0,0,0,0,0,0,0,114.74,Maluku Barat Daya,5000.0,ZNT
125.89712621282719,-7.898913424766153,1.0,5.866630269582969,,1.0,0.3333333432674408,,,,7797.2355274230995,17455.40751227231,69505.81717575346,92.84328366070986,751.2678023464978,0,0,0,0,0,0,0,0,0,114.74,Maluku Barat Daya,,ZNT
126.19764992801338,-7.724568857634552,1.0,7.363660876089186,,1.0,0.3333333432674408,0.7905500531196594,,,163.18958531388432,15037.905817886272,86062.33007742578,203.7311747968197,616.4328680224717,0,0,0,0,0,0,0,0,0,114.74,Maluku Barat Daya,,ZNT
129.34936877226488,-3.3637284952496875,0.8966279625892639,13.935560276893746,,0.5684154629707336,1.0,,,,3814.001931267848,44917.471808980736,43957.905081995385,275.70034623891115,2087.99433760345,0,0,0,0,0,0,0,0,0,94.04,Maluku Tengah,,ZNT
128.53771627561315,-3.602168634705203,0.5829814043309953,3.2715794460146226,,0.48824822902679443,,,,,271.7985772471079,9292.214580458,21190.93744582374,1562.1007251143456,5260.416427284479,0,0,0,0,0,0,0,0,0,94.04,Maluku Tengah,5000.0,ZNT
129.0636752271859,-3.006574956680389,0.7042216062545776,13.075298155567681,,0.8029117584228516,0.3333333432674408,,,,2118.407506804928,35069.1735305167,35296.435892556554,293.64386235177517,1928.1010367125273,0,0,0,0,0,0,0,0,0,94.04,Maluku Tengah,,ZNT
133.07686081610095,-5.445397742374549,0.9773322873645358,4.766888317880406,,0.9916313886642456,0.3333333432674408,,,,1755.8463932607299,9146.86946250123,43977.27298309463,508.12136816978455,1724.9686656147242,0,0,0,0,0,0,0,0,0,106.2,Maluku Tenggara,,ZNT
132.74767558659914,-5.893925883939018,0.7593904932339987,1.1279863807106476,,0.9125952124595642,,,,,1375.5471034857785,28959.324628698065,13063.502402632268,511.7975254505873,4555.454271227121,0,0,0,0,0,0,0,1,7,106.2,Maluku Tenggara,40000.0,ZNT
132.7621593966581,-5.808639290919425,0.931947734620836,0.6944900139160473,,0.9574567675590515,,,,,382.07999802468436,19602.9295612372,9120.59754523334,989.3991187512875,5034.228438526392,2,0,0,0,0,0,0,2,3,106.2,Maluku Tenggara,18000.0,ZNT
131.66119826456534,-7.191464907373707,0.37944549653265214,1.8491999644411061,,0.43046391010284424,0.3333333432674408,,,,2980.069010407054,7360.694345057651,95304.40230976266,135.749998152256,890.9578829966486,0,0,0,0,0,0,0,0,0,107.87,Maluku Tenggara Barat,,ZNT
131.5736640040842,-7.528739840554397,0.457871503300137,2.433093342029073,,0.5728221535682678,0.3333333432674408,,,,7778.697795479855,44774.52163219748,57490.959537441835,79.83816155418754,546.4001668281853,0,0,0,0,0,0,0,0,0,107.87,Maluku Tenggara Barat,,ZNT
130.81909156836454,-8.291072224231288,0.6369112332661947,0.47784772853074037,,0.7135146856307983,,,,,876.8213436469619,62159.47875862053,62378.89867966892,838.6820837855339,3022.251235693693,0,0,0,0,0,0,0,0,0,107.87,Maluku Tenggara Barat,,ZNT
128.5348047421177,-2.893191750997339,0.6735352277755737,5.8749425492932374,,0.8079371452331543,0.3333333432674408,,,,3520.1672509015616,53825.95377417242,65646.10559310771,523.5148047655821,4219.265119463205,0,0,0,0,0,0,0,0,0,94.02,Seram Bagian Barat,5000.0,ZNT
128.57781630291117,-3.4146348482285234,0.3342174225383335,7.405757313298872,,0.3345282971858978,0.3333333432674408,,,,1850.994772201685,5010.592906624608,32483.067316929275,848.9131685495377,3949.014609783888,0,0,0,0,0,0,0,0,0,94.02,Seram Bagian Barat,4000.0,ZNT
128.67515317573503,-3.326017112858203,0.40743522180451286,4.837488733935972,,0.31507179141044617,0.3333333432674408,,0.48579299449920654,,1084.6016581634426,13202.171889940993,31439.2576781335,1155.4165778756142,6125.012148335576,0,0,0,0,0,0,0,0,0,94.02,Seram Bagian Barat,5000.0,ZNT
130.2889817955451,-3.008927225997094,0.7578406598832872,0.3615186081821018,0.6507936716079712,0.7019911408424377,,,0.5287485122680664,,2258.9824623455806,19016.731214453346,22863.17465068444,133.51099468767643,1255.4802446439862,0,0,0,0,0,0,0,0,0,96.89,Seram Bagian Timur,,ZNT
130.29720565480469,-3.0805338146128083,0.8242543405956693,0.8566154314484946,0.8518518805503845,0.9340198040008545,,,0.6660000085830688,,897.3841645657076,17262.048087329465,19815.858544345618,439.3208461254835,2542.8995146006346,0,0,0,0,0,0,0,0,0,96.89,Seram Bagian Timur,,ZNT
130.55310334243555,-3.532448285918224,0.5600152677959866,5.787100258069441,,0.7446150779724121,0.3333333432674408,,,,16234.923220897696,44284.60466811769,49154.21834769538,97.87623698078096,746.9671926181763,0,0,0,0,0,0,0,0,0,96.89,Seram Bagian Timur,,ZNT
132.30698771047486,-5.636035373160741,0.4656125505765279,0.6502137800597914,,0.4808272123336792,,,,,2164.3872503863054,4687.56223561259,37915.99239716456,393.64804823696613,1355.575222812593,0,0,0,0,0,0,0,0,0,106.74,Tual,,ZNT
132.01037608020573,-5.3251515045581,0.8302465544806586,0.636106309078066,1.0,0.5585494637489319,,,,,202.31830158570915,2253.7420665551117,79868.24235748421,752.5407629311085,2155.183348029852,0,0,0,0,0,0,0,0,0,106.74,Tual,,ZNT
132.34094728870076,-5.551251402417709,0.5272175139851041,0.7243156194399677,,0.38395610451698303,,,,,337.7922577994754,2980.860900030657,36147.33161618226,575.4194035232067,1774.1672629714012,0,0,0,0,0,0,0,0,0,106.74,Tual,,ZNT
127.48159766478888,1.3407844584752078,0.7037037213643392,6.32764993091835,,0.3155364990234375,0.9749451875686646,,,0.10000000149011612,1710.5705545111396,50621.88712569226,10521.154663893893,927.9598589539528,4611.0264474749565,0,0,0,0,0,0,0,0,0,105.54,Halmahera Barat,13188.0,ZNT
127.69404204950962,1.5154469038477365,0.4923660887612237,3.711577877223646,,0.576237678527832,0.3333333432674408,,,0.10000000149011612,1948.9734730934058,42685.39787459249,21442.514648380213,1053.5602918565273,5919.046669647098,0,0,0,0,0,0,0,0,0,105.54,Halmahera Barat,,ZNT
127.60531046148722,1.7215335943625707,0.6084271404478285,0.37212503980118367,,0.6793667078018188,,,,,1384.6054351732398,42337.6837056278,34132.076240446,808.7269017249346,4631.295373648405,0,0,0,0,0,0,0,0,0,105.54,Halmahera Barat,,ZNT
127.40335757583581,0.3316302896045582,1.0,8.982651873895756,,0.30836185812950134,1.0,,,1.0,3831.563710173073,4003.678855404827,38471.134186095696,949.4609737098217,5966.374643653631,0,0,0,0,0,0,0,0,1,105.47,Halmahera Selatan,,ZNT
128.031651998361,-1.7080744865467452,0.44695823391278583,1.1038334975964392,,0.5618513226509094,0.3333333432674408,,,,1189.77130527094,57154.37860441255,58929.85787954378,375.3566034883261,1988.3615108728409,0,0,0,0,0,0,0,0,0,105.47,Halmahera Selatan,,ZNT
127.77054785290507,-1.3998689783257832,0.6666666865348816,7.3099756859395075,,0.3818821310997009,0.6666666865348816,,,,489.77358738388534,13040.65237109132,15333.157364302233,448.2019127905369,2639.645239904523,0,0,0,0,0,0,0,0,0,105.47,Halmahera Selatan,,ZNT
129.50522407025116,-0.12473515239025049,0.5397967762417264,4.0677877642073765,,0.18162843585014343,0.3333333432674408,,,,521.697486780756,8853.041952772597,135036.63606424807,137.5468778386712,694.088153898716,0,0,0,0,0,0,0,0,0,116.75,Halmahera Tengah,,ZNT
127.85146496843545,0.16848227303096464,0.3760211699538761,3.270885737224358,,0.09672611951828003,0.3333333432674408,,0.3866732120513916,,1629.3349467239966,16668.35124637245,18197.85892436468,309.4149119332433,2178.974977530539,0,0,0,0,0,0,0,0,1,116.75,Halmahera Tengah,40000.0,ZNT
127.8563113007425,0.242732800415407,0.3333333432674408,3.473272619548858,,0.07519049197435379,0.3333333432674408,,,,3103.4487297574296,8470.177805622885,9926.96338849908,212.60655140131712,1638.4458869025111,0,0,0,0,0,0,0,0,0,116.75,Halmahera Tengah,,ZNT
128.34754713385712,0.6485827703150626,0.6276368163526058,0.18652587557558992,0.9506173133850098,0.47174036502838135,,0.48551028966903687,0.8291869759559631,,2213.094098015281,41815.580226997736,7445.773330427756,162.2769410610199,910.4443829990923,0,0,0,0,0,0,0,0,0,116.32,Halmahera Timur,24000.0,ZNT
128.63529754807033,1.311666937853655,0.9024547007348802,3.412945959907763,,0.9959145784378052,0.6666666865348816,,,,4047.6943934788696,59401.95749449279,79365.88828473717,62.873526249080896,412.1753204651177,0,0,0,0,0,0,0,0,0,116.32,Halmahera Timur,,ZNT
128.0285927485741,0.8831189771688888,0.6339457399315305,7.565587702231069,,0.4542621672153473,0.6666666865348816,,,,725.8928082126781,29542.02171311406,34857.53518635476,126.98197427392006,768.0089000947773,0,0,0,0,0,0,0,0,0,116.32,Halmahera Timur,33000.0,ZNT
127.7031624016367,1.4434563388469686,0.6408604714605544,3.1786023009754243,,0.7258859872817993,0.3333333432674408,,,,4380.883145776395,47657.828312788406,20091.4709879679,574.7354013770819,3417.23844692111,0,0,0,0,0,0,0,0,0,107.37,Halmahera Utara,,ZNT
127.85855185679927,1.633107513339122,0.494093828731113,2.8191920695290005,,0.5184596180915833,0.3333333432674408,,,0.10000000149011612,1816.5952788306874,20420.705151851344,18484.825584439575,333.6843154877424,2457.4644068032503,0,0,0,0,0,0,0,0,0,107.37,Halmahera Utara,,ZNT
127.67584970072437,1.0573268872786237,0.5609691209263272,0.9473359224891218,,0.6131359934806824,,,,,427.84356850098857,27352.085750882892,21535.136208742788,1769.8139459490776,7538.705633491278,0,0,0,0,0,0,0,0,0,107.37,Halmahera Utara,,ZNT
125.05431105919169,-1.8319921404965993,0.8552980754110548,2.0540389923489237,,0.9468860030174255,0.3333333432674408,,,,3524.9054973028096,61249.71572992942,171709.59472304364,109.62133868783712,923.0934076495469,0,0,0,0,0,0,0,0,0,118.4,Kepulauan Sula,,ZNT
124.6674966523018,-1.9543218417545392,0.6146222220526801,7.121464837509178,,0.5809047222137451,0.3333333432674408,,,,1642.0517981943729,31700.71218191184,132106.117938541,847.774593219161,3681.1214205622673,0,0,0,0,0,0,0,0,0,118.4,Kepulauan Sula,,ZNT
125.19144452080528,-1.7946042919133673,0.7332696318626404,0.8271344382062351,0.7283950448036194,0.7923374176025391,,,,,5143.309989302847,74745.99220302558,186410.3554060748,137.93258816748857,1085.6361663118005,0,0,0,0,0,0,0,0,0,118.4,Kepulauan Sula,,ZNT
128.32048145366028,2.2113233355288737,0.8883317510286967,6.611211797097614,,0.9682093858718872,0.3333333432674408,,,,3756.0730213777474,22095.775164762334,63669.933638057955,226.99912922084332,1696.2224969640374,0,0,0,0,0,0,0,0,0,119.87,Pulau Morotai,,ZNT
128.51721868925026,2.4019716614160442,1.0,7.531298396122585,,1.0,0.3333333432674408,,,,11901.581378020159,50277.39861800749,93591.95924253522,82.0823816023767,564.6857187282294,0,0,0,0,0,0,0,0,0,119.87,Pulau Morotai,,ZNT
128.5960606545627,2.5511287543294086,1.0,3.898251371268879,,1.0,0.3333333432674408,,,,1729.5875744315179,69004.41770829314,112143.68977324423,702.2175046056509,3562.696487337351,0,0,0,0,0,0,0,0,0,119.87,Pulau Morotai,,ZNT
127.38793035857259,0.637975344680766,0.678611824909846,12.664550516228745,,0.4437006115913391,1.0,,,,754.0800183399905,8894.046156699176,7877.739843899141,2008.5944393277168,9383.267236411572,0,0,0,0,0,0,0,1,1,109.75,Tidore Kepulauan,69000.0,ZNT
127.73588217376911,0.1030619785150455,0.6647961272133721,1.6912521452392333,,0.33552712202072144,,,,,486.5460090504435,28357.288661879073,29201.401355473463,536.3556454479694,3319.0163068696856,0,0,0,0,0,0,0,0,2,109.75,Tidore Kepulauan,3941.0,ZNT
127.77550562445566,0.10449080476692384,0.3333333432674408,0.5428424595660266,,0.06572224199771881,0.3333333432674408,,,,4336.797552549509,26061.063597870652,27152.14394908017,167.9067269936204,1340.8446378670633,0,0,0,0,0,0,0,0,0,109.75,Tidore Kepulauan,,ZNT
118.256369200113,-8.351628550326662,0.717416889137692,1.315215829599692,0.682539701461792,0.9073686599731445,,0.8088625073432922,,,13.737105940592595,6136.895234549812,16515.139455349035,1995.352592587471,6618.482684135437,3,0,0,0,0,0,0,7,10,106.12,Bima,28000.0,ZNT
119.11662781350783,-8.684464748067137,1.0,13.591797116232593,,0.4578629434108734,1.0,,,,323.7038760505794,16233.826618443041,13629.244291694808,601.8137478381395,5636.802258953452,0,0,0,0,0,0,0,0,2,106.12,Bima,,ZNT
119.13934964997692,-8.594136877135519,0.9327395813805717,3.2531010108900427,,0.36988335847854614,0.3333333432674408,1.0,,,5505.316285005651,13147.407276884516,14702.595186625573,1072.9353546500206,5384.63275551796,0,0,0,0,0,0,0,0,0,106.12,Bima,,ZNT
118.36032633905522,-8.421406885638477,0.6368713113996718,4.156133108041805,,0.550438404083252,0.6666666865348816,,,,1267.0608915186513,7783.696140134384,5848.6235041383425,1263.364433079958,6300.899256914854,0,0,0,0,0,0,0,1,2,104.41,Dompu,,ZNT
118.05663387181542,-8.356495233018281,0.9455310106277466,6.5538713055637094,,0.9616658091545105,0.6666666865348816,,,,6266.453023346888,27557.840084441716,24492.99346574646,364.4035134613514,2262.6549644619226,0,0,0,0,0,0,0,0,0,104.41,Dompu,,ZNT
117.94458496982094,-8.40938674181727,0.8314166996214125,1.8485151089623886,,0.9128897190093994,,,,,862.7252667850379,39966.21370985284,14864.156658755743,304.1631082892418,1989.223268777132,0,0,0,0,0,0,0,0,0,104.41,Dompu,3000.0,ZNT
118.8165201743434,-8.422484870997094,0.9641081690788269,3.835995033700922,,0.43537265062332153,1.0,,,,463.46750370927606,5947.304960191529,7015.16891899264,1560.3310450315475,12184.658781647682,0,0,0,0,0,0,0,0,5,104.31,Kota Bima,4000.0,ZNT
118.80705980957475,-8.479356033148543,0.44103625416755676,4.636711789515296,0.644444465637207,0.5544405579566956,0.3333333432674408,,,,284.445342696555,7039.852867722257,2757.0500203933084,3813.07723069191,31885.354127526283,4,1,3,0,0,0,0,8,23,104.31,Kota Bima,40000.0,ZNT
118.8308694886423,-8.449117437894904,0.8658353487650553,8.636366769369031,,0.5262929797172546,1.0,,,,226.88450145126507,7624.505487583618,6943.643259547622,1916.6234616041183,12688.819748163223,0,0,0,0,0,0,0,2,6,104.31,Kota Bima,3000.0,ZNT
116.0023943950075,-8.83219799100856,0.6666666865348816,5.990302706980295,,0.4222300946712494,0.6666666865348816,,,,21.958923672903975,11984.67927838971,15378.071530570065,2544.287471175194,18670.638508558273,0,0,0,0,0,0,0,0,0,100.19,Lombok Barat,95500.0,ZNT
116.16392899860762,-8.472305398420119,0.9476462536387973,11.105590890278272,,0.28871771693229675,1.0,,,,4299.1427587608705,11202.316189501895,10297.630020641458,1236.9182870090008,7426.478435575962,0,0,0,0,0,0,0,0,0,100.19,Lombok Barat,,ZNT
115.97780336898363,-8.75192296966528,0.6843660904301537,4.8287469541454415,,0.23593033850193024,0.6666666865348816,,,,80.65039186025307,9250.887572053864,18074.21153754084,7508.433998346329,26176.550968825817,0,0,0,0,1,0,0,0,0,100.19,Lombok Barat,7000.0,ZNT
116.3295080488127,-8.87438064381721,0.6066375921169916,1.3794143215490153,,0.5398402214050293,0.6666666865348816,,0.5350418090820312,,2.0229835482603797,4242.789819886899,6129.338315452655,6125.358721494675,42229.962488889694,2,0,0,0,3,0,2,2,4,96.15,Lombok Tengah,374500.0,ZNT
116.42141655580929,-8.756946287422643,0.7394499778747559,0.5016763791776141,,0.7779493927955627,,,,,36.69631126367358,16091.692103413465,7489.295263820266,9048.911756515503,81749.4305138588,1,0,0,0,0,0,0,2,5,96.15,Lombok Tengah,309000.0,ZNT
116.12759149909681,-8.860472667310159,0.8851021495130327,6.578374033279688,,0.41554006934165955,1.0,1.0,0.568916916847229,,222.31945812922947,4181.91413583381,4550.690816221685,3746.493651866913,20559.85186648369,3,0,3,0,0,0,0,4,9,96.15,Lombok Tengah,579500.0,ZNT
116.5661867574724,-8.340523590913593,1.0,18.105888791860313,,0.13604836165905,1.0,,,,567.137738739808,19997.384827615017,17799.375977377884,1782.571701347828,16368.778483450413,0,0,0,0,0,0,0,0,0,98.89,Lombok Timur,56000.0,ZNT
116.69853977927598,-8.417071172816076,0.4446566767162747,1.903861598315003,,0.3789330720901489,0.3333333432674408,,,,224.6064772257603,7995.305936833207,17300.638306443485,10297.048402786255,40626.52727711201,0,0,0,0,0,0,0,0,1,98.89,Lombok Timur,137000.0,ZNT
116.4991904763014,-8.44142197028953,0.48135790559980607,9.521111617464516,,0.4129745066165924,0.6666666865348816,,,,1238.3202445518161,19821.30505538746,14702.748948770914,1765.4028338193893,12324.5114082098,0,0,0,0,0,0,0,0,0,98.89,Lombok Timur,,ZNT
116.36213529141916,-8.223717287280513,0.8604044384426541,1.310710277027313,0.6111111044883728,0.9417585134506226,,,0.6600090265274048,,1.5192954454767218,7130.378820998734,4060.8163670753784,6812.874442815781,25950.016430974007,1,0,3,0,0,0,0,4,10,93.21,Lombok Utara,154000.0,ZNT
116.29309002919732,-8.400871292322087,0.587507986360126,7.70446193670182,,0.5046280026435852,0.6666666865348816,,,,2940.78481796709,21214.455734059702,9242.160937870087,825.8705998659134,5973.809430271387,0,0,0,0,0,0,0,0,0,93.21,Lombok Utara,,ZNT
116.2561869276072,-8.314695421062003,0.641107267803616,3.2911815425190882,,0.7279948592185974,,,,,124.56070948867377,19255.392933528834,3481.522969175022,3361.0936571359634,26192.210265100002,5,0,1,0,0,0,0,13,34,93.21,Lombok Utara,117000.0,ZNT
116.11262717901458,-8.566698633658412,0.8210500147607591,0.39955746654608537,0.5555555820465088,0.7776033878326416,,,0.645510196685791,,25.68367642705441,3817.8873390165036,1628.3602404114313,95829.07385921478,496156.41119623184,103,9,27,5,15,0,0,140,316,100.16,Mataram,1248000.0,ZNT
116.12720437922805,-8.578595781039244,0.860714058081309,0.5627224412331975,0.654321014881134,0.8754951357841492,,,0.6434255838394165,,16.90765066040656,2880.798719283076,157.76511815067093,113333.3539352417,496939.03444957733,191,12,22,10,17,0,0,126,284,100.16,Mataram,1568000.0,ZNT
116.16238901518439,-8.595202020480473,0.8333949777815077,0.7867417163595907,,0.8647841215133667,,,0.6362178921699524,,24.521196896520046,664.8685136171609,1879.0065961193154,57982.58599472046,309207.2122488022,44,4,14,3,9,0,0,45,120,100.16,Mataram,1113000.0,ZNT
117.69771069325027,-8.641235871961461,0.5527366697788239,2.903416268837198,,0.6652032732963562,0.3333333432674408,,,,616.8274172168036,40842.87740122882,33604.33857038666,901.232136592269,9909.876318633556,0,0,0,0,0,0,0,0,0,93.15,Sumbawa,3000.0,ZNT
117.26803282764064,-8.468154921454348,0.49528611699740094,2.033558980753769,,0.5362268686294556,0.3333333432674408,,,,24.649170374287262,11565.56231093263,15921.953605134155,943.0976598858833,8036.894899755716,0,0,0,0,0,0,0,0,0,93.15,Sumbawa,12000.0,ZNT
117.77639000984543,-8.884298436839789,0.5800313618448045,0.6346857217864764,,0.8010774850845337,,,,,43.85856075426106,64516.88690357644,26592.44497293851,509.2089443653822,4111.480833306909,0,0,0,0,0,0,0,1,1,93.15,Sumbawa,5000.0,ZNT
116.8785142543287,-8.592657223323002,0.46115342113706803,6.889632060349646,,0.40646839141845703,0.3333333432674408,,,,1149.89025391241,9367.961051653381,19187.743300327336,532.4941008388996,6520.325232326984,0,0,0,0,0,0,0,0,1,98.61,Sumbawa Barat,2500.0,ZNT
116.87944550135244,-8.916765804397201,0.7670948240492079,6.507685422800987,,0.21044906973838806,0.842793345451355,,,,5115.447042693044,44243.717037220835,19335.158510723297,403.47199158370495,4773.060907959938,0,0,0,0,0,0,0,0,0,98.61,Sumbawa Barat,,ZNT
116.95478608540084,-8.72943082059606,0.3333333432674408,11.225419040367953,,0.27562516927719116,0.3333333432674408,,,,2236.003993397346,26722.636114439043,15383.737456984496,571.063728749752,5512.555134534836,0,0,0,0,0,0,0,0,0,98.61,Sumbawa Barat,,ZNT
124.788857010403,-8.21677768512533,0.9553150137265524,7.291449667319586,,0.9989146590232849,1.0,,,,476.52174785878907,29986.092694554158,63532.44779841485,608.648261398077,5033.37717731297,0,0,0,0,0,0,0,0,0,96.78,Alor,,ZNT
124.98710227891439,-8.35740430446648,0.5998159945011139,4.292344554950173,,0.21623830497264862,0.3333333432674408,0.7330573201179504,,,2572.6934548720587,54008.45603392594,37165.464977545395,169.72687703371048,1289.9542095661163,0,0,0,0,0,0,0,0,0,96.78,Alor,,ZNT
124.59655866872622,-8.394107649170728,0.33584684133529663,13.879248335080412,,0.2526109218597412,0.3333333432674408,,,,424.63388282505105,21261.81154884385,70511.08767670448,358.8974647670984,2764.92848148942,0,0,0,0,0,0,0,0,0,96.78,Alor,,ZNT
124.80029162264044,-9.621507480940222,0.6555110348595513,4.433965622649392,,0.5662658214569092,0.6666666865348816,,,,863.1536259503589,57386.96418289193,37256.72423915268,1562.0018276572227,10159.874362617731,0,0,0,0,0,0,0,0,0,76.68,Belu,3574.0,ZNT
125.14108040359972,-9.124107806072617,0.6666666865348816,7.0423936867730905,,0.38186392188072205,0.6666666865348816,,,,87.48514456699998,27445.1721528718,7868.209857122479,2359.427133977413,13490.260855555534,0,0,0,0,0,0,0,0,0,76.68,Belu,,ZNT
124.93134273213043,-9.682269227966719,0.9148735139105055,0.2124722255036599,0.4920635223388672,0.943520188331604,,1.0,0.9710266590118408,,351.61430981994613,63419.2248792554,45732.58147705256,2047.551847934723,15688.483119726181,0,0,0,0,0,0,0,0,3,76.68,Belu,,ZNT
121.80953061409569,-8.518501990342113,0.9309981796476576,8.45225674061658,,0.27900460362434387,1.0,,0.37661856412887573,,791.4667218110636,1460.9450795127093,30762.205387902166,2404.4531361460686,7069.136528283358,0,0,0,0,0,0,0,0,0,88.72,Ende,,ZNT
121.78303835101138,-8.5014317559703,0.6702323307593664,1.9342097930765643,,0.524825394153595,1.0,0.5410265922546387,,,37.98300767914069,3104.5673288382577,34125.680319440646,1258.215193271637,5550.108343034983,0,0,0,0,0,0,0,0,0,88.72,Ende,,ZNT
121.62306021090461,-8.650682206250483,0.8750230007701449,6.155750369774619,,0.4666209816932678,1.0,,,,2225.5955648614495,21744.835526006278,20681.369386296185,415.8436881303787,3112.5995382517576,0,0,0,0,0,0,0,0,0,88.72,Ende,,ZNT
122.69670175550199,-8.525078214657988,0.8433800869517856,5.505433047793836,,0.7471498250961304,1.0,,,,98.65733543357925,32831.95258505541,42055.60433188625,2753.0859866142273,13224.952918291092,3,0,0,0,0,0,0,0,0,98.56,Flores Timur,34000.0,ZNT
123.01912355111013,-8.399268531517066,0.7221202618545957,8.374013582872207,,0.6997162699699402,1.0,,,,524.6348777652347,4221.0331991249,9299.144854204445,1511.8669086694717,5498.006897330284,0,0,0,0,0,0,0,0,0,98.56,Flores Timur,,ZNT
123.18221502135272,-8.321269607660504,0.8299942347738478,9.736154101550762,,0.9170727729797363,0.6666666865348816,,,0.10000000149011612,1669.7285515587744,8059.045545423734,12609.949836325039,1293.5228560566902,11231.692531764507,0,0,0,0,0,0,0,0,0,98.56,Flores Timur,24000.0,ZNT
123.65239427650712,-10.148956880215863,0.8147669169637892,1.866035786362691,,0.9136338233947754,,0.8906488418579102,,,44.24836315595601,177.4178412899911,2100.2849331427874,36260.893174648285,174426.02797555923,6,6,13,1,3,1,1,3,9,85.06,Kota Kupang,1247406.0,ZNT
123.62894040187425,-10.24046375826922,0.7837975488768684,0.899035726302724,,0.8168954849243164,,,,,72.16301042631156,6513.7738219011,781.2397650532085,6609.939786314964,58455.88633540273,3,10,11,0,0,0,0,4,5,85.06,Kota Kupang,127367.0,ZNT
123.63368153146416,-10.146647402287527,0.8078622619311014,1.6338833382441686,,0.6981356143951416,,0.8865386843681335,,,43.18675080385552,1975.853902034469,152.795943304661,60381.64946269989,228552.16579461098,15,11,15,3,6,1,1,8,10,85.06,Kota Kupang,1079559.5,ZNT
123.85666477448943,-9.624959135288847,0.6687688959969414,3.863649214177985,,0.2076602727174759,1.0,,,,4336.858428236703,14933.23267156649,20755.6083289695,345.1344824433327,2692.4154489785433,0,0,0,0,0,0,0,0,1,84.28,Kupang,,ZNT
123.95899682258086,-9.65585211619479,0.6858719984690348,9.624218010273816,,0.7543277144432068,0.6666666865348816,,,,2056.3547298818166,23738.68004430683,15326.671656360017,552.3026832938194,4220.737275585532,0,0,0,0,0,0,0,0,0,84.28,Kupang,,ZNT
124.02430226872869,-9.369613765281297,0.6718977358606126,1.8498021942737661,,0.8343989253044128,0.6666666865348816,,,,1077.4760361988306,27116.14390006166,36279.26509109715,812.6285181045532,5352.102620780468,0,0,0,0,0,0,0,0,0,84.28,Kupang,,ZNT
123.75232774153308,-8.27008822208621,0.8004161715507507,4.610130242971359,,0.8978511095046997,0.3333333432674408,,,,334.6557250288961,6394.8999245319055,6070.5463397440435,1311.9096005558968,8071.54781922698,0,0,0,0,0,0,0,0,0,94.33,Lembata,,ZNT
123.37926150408437,-8.561500239548343,0.6500000158945719,25.32691560590874,,0.2563464045524597,0.3333333432674408,,,0.75,1589.6963162498528,8159.548381770274,19269.15798331339,1084.7346569895744,5834.432143777609,0,0,0,0,0,0,0,0,0,94.33,Lembata,,ZNT
123.54449396680253,-8.411517529453512,0.7271328303549025,1.4341958523620768,,0.5381715893745422,1.0,,,,1724.1114029149328,16111.845359896928,10853.142395313467,544.8971526026726,5419.688350573182,0,0,0,0,0,0,0,0,0,94.33,Lembata,,ZNT
120.34004213679329,-8.412159990636045,0.7407407561937968,10.752027010008335,,0.5075916647911072,1.0,,,,487.2776138358714,18933.429784443404,18505.829818663024,1906.317002683878,10912.225636422634,0,0,0,0,0,0,0,0,3,97.52,Manggarai,,ZNT
120.29926635038682,-8.890464623325114,0.7098329133457608,4.720671764355356,,0.27540257573127747,0.3333333432674408,,,,452.27163713412756,36862.22736390499,13502.644081071196,3167.1106127500534,6139.284286618233,0,0,0,0,0,0,0,0,0,97.52,Manggarai,,ZNT
120.45343283262179,-8.545309899297024,0.8979371322525872,5.2135297900474304,,0.5290538668632507,1.0,,,,59.10042102964337,5176.707938574181,7210.279241233676,3675.0099925994873,24495.134140968323,0,0,0,0,0,0,0,0,3,97.52,Manggarai,,ZNT
120.27178657812306,-8.389421573777527,0.8695833484331766,0.7176388838632147,0.7407407760620117,0.9519791603088379,0.6666666865348816,,,,182.1243782783144,23175.499722039694,23252.994309616864,1011.9233227968216,6548.716570019722,0,0,0,0,0,0,0,0,0,96.52,Manggarai Barat,,ZNT
120.20056263437998,-8.595730156143544,0.7561692065662808,6.148456991534102,,0.5917026400566101,1.0,,,,632.4684647343961,26552.47955199516,12890.56174923933,930.5502874553204,6247.795098185539,0,0,0,0,0,0,0,0,0,96.52,Manggarai Barat,127000.0,ZNT
120.2092379672197,-8.46215032553513,0.7127550509240892,3.6450203846597273,,0.5247117280960083,1.0,,,,139.81179774346631,29305.152110081002,22466.46985952213,477.398155733943,3302.253423243761,0,0,0,0,0,0,0,0,0,96.52,Manggarai Barat,,ZNT
120.83996158549853,-8.493619561218296,1.0,8.93112716181159,,0.8450029492378235,1.0,,,,107.38169561318529,38802.61540599293,26683.51556930391,1232.5416899323463,7239.178049474955,0,0,0,0,0,0,0,0,0,91.15,Manggarai Timur,,ZNT
120.78590654478124,-8.640113964999893,1.0,10.934093294894755,,0.5166854858398438,1.0,,,,1079.075654677622,23707.947414563543,14131.388832999919,1580.7996930480003,9532.572926819324,0,0,0,0,0,0,0,0,0,91.15,Manggarai Timur,,ZNT
120.66769348910833,-8.506536495209636,1.0,7.634982993794243,,0.8534088730812073,1.0,,,,101.950139952063,26513.418027111806,16249.340817877275,1080.3811383247375,9033.218252956867,0,0,0,0,0,0,0,0,0,91.15,Manggarai Timur,,ZNT
121.41731822146225,-8.643995358665716,0.6379424300458696,6.064971185792291,,0.2024502009153366,1.0,,,,1536.4926224285584,17111.47413434766,34591.97154151297,871.1515155434608,6265.176513522863,0,0,0,0,0,0,0,0,0,83.47,Nagekeo,22884.5,ZNT
121.30569181869048,-8.5670810568045,0.9593909515274895,0.4388239245000292,0.7777777910232544,0.9985736608505249,,,0.6660000085830688,,65.76653754889601,4303.2676406372075,49319.823333361004,2432.200437605381,15874.940631449223,0,0,0,0,0,0,0,0,0,83.47,Nagekeo,76789.0,ZNT
121.30791071298658,-8.875693142948958,0.9566960334777832,11.273375868008111,,0.305353581905365,1.0,,,,289.4772805682726,22756.6521155718,31826.47867827608,1415.3722180724144,10990.14939892292,0,0,0,0,0,0,0,0,0,83.47,Nagekeo,30158.0,ZNT
121.06427357934002,-8.517118095333611,0.7740224202473959,4.597675199214351,,0.9889918565750122,1.0,,,,48.77168104020359,22906.70951975585,43179.019812429506,1876.2959011793137,9342.274536430836,0,0,0,0,0,0,0,0,0,80.61,Ngada,28482.0,ZNT
121.00615556293506,-8.469750362691792,0.7514419025844998,3.423359379059863,,0.8745934963226318,0.6666666865348816,,,,2103.177760311724,30583.244976100945,43337.3298199147,1031.709207803011,6826.963555723429,0,0,0,0,0,0,0,0,0,80.61,Ngada,21313.0,ZNT
120.92260485443542,-8.832642053125545,0.48208756579293144,9.99815779889497,,0.10267580300569534,0.3333333432674408,,,0.10000000149011612,1033.0231393975052,7569.100992905713,10422.960930463369,848.4581547379494,6723.132115095854,0,0,0,0,0,0,0,0,0,80.61,Ngada,10748.0,ZNT
122.92123603379694,-10.77111549610283,0.6158470478322771,1.4809474778556635,,0.46026352047920227,,,,,159.86776128966312,14393.214911210034,13844.051850930342,1429.1655815839767,7193.531914234161,0,0,0,0,0,0,0,0,0,108.08,Rote Ndao,17000.0,ZNT
122.94230913082907,-10.815655930885608,0.4690706233183543,0.4408243054007895,,0.4425065517425537,,,,,144.74220522984132,15135.469893794801,13586.502083910895,1511.2097185850143,8986.946292102337,0,0,0,0,0,0,0,0,0,108.08,Rote Ndao,15000.0,ZNT
123.1063472145561,-10.711324235351993,0.426497479279836,2.3671245199599054,,0.35924574732780457,,,,,248.85312383281524,6994.473513676044,7764.426788843446,1518.245668888092,8907.576820850372,0,0,0,0,0,0,0,0,0,108.08,Rote Ndao,,ZNT
121.87990462382245,-10.535511067525125,1.0,2.9479727217761034,,1.0,0.3333333432674408,,,,68.85686844255099,6853.032679263255,30296.972517305374,1813.565188407898,13979.3072732687,0,0,0,0,0,0,0,0,0,109.32,Sabu Raijua,,ZNT
121.73895747432778,-10.57331870388953,1.0,3.9499338315664394,,1.0,0.3333333432674408,,,,5.368506313421333,13597.055831951384,14326.725174046947,1780.243587255478,10073.042923033237,0,0,0,0,0,0,0,0,0,109.32,Sabu Raijua,,ZNT
121.85898135646461,-10.510186002226801,1.0,3.0801721949534238,,1.0,,,,,205.44221598505632,3226.156678778263,29005.136889627407,3249.1563659906387,17399.915676653385,0,0,0,0,0,0,0,0,0,109.32,Sabu Raijua,,ZNT
122.5543291607812,-8.602321071141276,1.0,8.563831288517664,,0.24713008105754852,1.0,,,,520.3332006900563,20730.13237362704,59867.02062182846,1668.1449115276337,9440.344025164843,0,0,0,0,0,0,0,0,0,92.0,Sikka,,ZNT
122.24388396325206,-8.689062134813744,0.7054063545333015,4.262598884331227,,0.28919005393981934,0.7127622365951538,,,,76.52408676267791,7733.13565589805,27690.693733394884,2504.600355386734,22145.726906895638,0,0,0,0,0,0,0,0,0,92.0,Sikka,19000.0,ZNT
121.98925105634095,-8.6328952911296,1.0,5.869840223217062,,0.4466061294078827,1.0,,,,373.553354645403,24188.605616211586,10358.323087491744,1124.1767976284027,7140.051497578621,0,0,0,0,0,0,0,0,0,92.0,Sikka,,ZNT
119.40546319501634,-9.442973387543383,0.5892701612578498,0.9844920687462726,,0.6930779218673706,0.3333333432674408,,,,248.3618615362787,20390.344842880124,5714.114660654744,1514.3001149892807,11723.261272266507,1,0,0,0,0,0,0,1,2,94.39,Sumba Barat,22500.0,ZNT
119.42029823655773,-9.545384103006697,0.6666666865348816,5.119738090291566,,0.5994285345077515,0.6666666865348816,,,,388.90650134260545,27548.27528374503,5841.237600105891,1314.1689676046371,9554.460278183222,0,0,0,0,0,0,0,0,3,94.39,Sumba Barat,25000.0,ZNT
119.15844564627442,-9.685262053684287,0.5489904350704617,4.7993956974892695,,0.6679175496101379,0.3333333432674408,,,,988.592274601622,33708.43492868541,11103.694870616615,2254.295903623104,12106.399750262499,0,0,0,0,0,0,0,0,0,94.39,Sumba Barat,7000.0,ZNT
119.10626639985028,-9.487169051460043,0.6538014941745334,5.119399280176147,,0.7469959855079651,0.3333333432674408,,,,746.2005044683846,16698.965293356916,5524.684819591956,1488.283033668995,13912.20752698183,0,0,0,0,0,0,0,0,5,92.26,Sumba Barat Daya,,ZNT
119.09588142242751,-9.560553998807363,0.828161272737715,2.3926424281089256,,0.9593303203582764,,,,,1068.6799297777445,23547.892350847676,8335.516974855436,1163.6776723861694,10525.908053219318,0,0,0,0,0,0,0,0,0,92.26,Sumba Barat Daya,,ZNT
119.1363677904617,-9.491275201444239,0.8705925742785136,1.2609436336511886,,0.9678618311882019,,,,,149.55958590078475,14726.938840346022,5862.628886173878,1966.4185225963593,13757.067841231823,0,0,0,0,0,0,0,0,0,92.26,Sumba Barat Daya,,ZNT
119.69449555592304,-9.806456249657773,0.44766968819830155,8.593772711399598,,0.2409999519586563,0.3333333432674408,,,,4854.847112523475,63464.64633576292,19332.080504107802,600.0831851959229,2905.8665702939034,0,0,0,0,0,0,0,0,0,93.99,Sumba Tengah,,ZNT
119.66972834503856,-9.68873361843708,0.7235007617208693,1.419056380228209,,0.8251252174377441,,,,,436.4785286358977,58966.18867886203,12803.409746810625,268.36904576420784,1958.9269334375858,0,0,0,0,0,0,0,0,0,93.99,Sumba Tengah,,ZNT
119.73270492546162,-9.443985953816297,0.7634984917110867,1.8692562715830499,,0.3673151135444641,0.6666666865348816,,,,499.61170197685846,55618.31730643993,9896.262803735712,578.4268828779459,4223.639709457755,0,0,0,0,0,0,0,0,0,93.99,Sumba Tengah,,ZNT
120.81068322344709,-10.100735764401824,0.9998352924982706,0.37539572894642953,,1.0,,,,,24.048583160072717,80096.51337084433,57316.617052126116,1016.8630861341953,2994.2906612604856,0,0,0,0,0,0,0,0,0,91.42,Sumba Timur,,ZNT
120.56029323477777,-9.96951181009319,0.7412002881368002,2.954756205634379,,0.6281120777130127,0.9349844455718994,,,,35.22651155267929,50131.2430026091,29325.052040978153,477.5587625205517,2582.5828310996294,0,0,0,0,0,0,0,0,0,91.42,Sumba Timur,,ZNT
119.8613177949691,-9.629657538348683,0.7798276874754164,1.0737418653040174,0.9365079402923584,0.5144079923629761,0.3333333432674408,,,,357.92973901567046,42323.739478931835,7707.902150098043,730.3732546269894,4013.027470201254,0,0,0,0,0,0,0,0,0,91.42,Sumba Timur,,ZNT
124.43810978899035,-9.795023658487182,0.8863547808594174,2.0409463234733214,,0.6290863156318665,1.0,,,,208.65362372622118,67741.06519637801,4478.798143225194,1623.710423707962,12317.258322894573,0,0,1,0,0,0,0,0,2,87.93,Timor Tengah Selatan,4039.0,ZNT
124.56573803145393,-9.916230382198325,1.0,13.798449181347333,,0.6814080476760864,1.0,,,,3.326727644211617,82518.55364603367,7889.008234888867,1131.8119242191315,7529.433306932449,0,0,0,0,0,0,0,0,0,87.93,Timor Tengah Selatan,17796.0,ZNT
124.08634647122025,-9.90794841130783,0.854158858458201,0.8230413249761092,0.7037037014961243,0.9711368083953857,0.6666666865348816,,0.6647195816040039,,884.0767710849625,54538.52441215207,20517.9644846382,1583.5551618337631,8604.009897351265,0,0,0,0,0,0,0,0,0,87.93,Timor Tengah Selatan,10206.0,ZNT
124.52853530317462,-9.420357738670766,0.6492656270662943,4.646379282101208,,0.5100571513175964,0.6666666865348816,,,,996.6105804056392,27275.949211594885,21106.395504756092,922.540246784687,7323.882962942123,0,0,0,0,0,0,0,0,0,79.83,Timor Tengah Utara,,ZNT
124.74903933768778,-9.135026285563535,0.8417591121461656,1.7787432167138135,0.8518518805503845,0.8752959370613098,,,0.632707953453064,,468.1323975057969,15378.459174836325,15051.241967896209,1245.1011712551117,8150.078227609396,0,0,0,0,0,0,0,0,0,79.83,Timor Tengah Utara,,ZNT
124.43974380827429,-9.586324584859517,0.7134954134623209,1.3188994279023747,0.682539701461792,0.8422014117240906,,,,,1932.6987462942946,44650.46047050498,17440.563139480826,1538.4264028966427,8102.712777912617,0,0,0,0,0,0,0,0,0,79.83,Timor Tengah Utara,7791.0,ZNT
138.7422782288387,-6.258884668706347,0.7232822047339545,0.5046268061981519,,0.0,,,,,3060.627757405436,70600.35430351061,104411.29543739448,41.58367671445012,267.7854698691517,0,0,0,0,0,0,0,0,0,152.51,Asmat,,ZNT
138.92278320325173,-4.885478648061238,0.6764793594678243,0.3399161923996241,0.654321014881134,0.7917162775993347,,,0.29242393374443054,,10354.34616670666,111478.8141814467,63193.152148206296,42.73260296136141,269.4021688904613,0,0,0,0,0,0,0,0,0,152.51,Asmat,,ZNT
139.18969199192242,-4.8793899054579075,0.7575229671266344,0.12991335593361195,0.6790123581886292,0.9228177666664124,,,0.6370857954025269,,14888.396539064754,130190.70743930562,33629.302084626484,38.07876374386251,256.44628080911934,0,0,0,0,0,0,0,0,0,152.51,Asmat,,ZNT
136.00627460433964,-1.0763684738280248,0.9768229855431451,1.5724102450521897,,0.9991013407707214,0.15612542629241943,,,,531.8962531141323,14413.816516944367,12763.71654316472,598.3613077104092,4954.414537414908,0,0,0,0,0,0,0,0,0,130.53,Biak Numfor,31000.0,ZNT
135.9884250315152,-1.1061203442542897,0.9292784333229065,0.9931378806643694,0.8518518805503845,0.9968722462654114,,,,,479.70710714695053,13150.82937128592,11284.665225158695,1020.1015980839729,6839.9596695154905,0,0,0,0,0,0,0,0,1,130.53,Biak Numfor,,ZNT
135.96997596594798,-0.9428281085279264,0.9238922132386101,0.6189949202748248,0.8333333134651184,0.9982889294624329,,,,,1036.3668482991686,29462.977176228684,27966.39910648554,1171.6226026415825,4350.474281996489,0,0,0,0,0,0,0,0,0,130.53,Biak Numfor,,ZNT
140.3938774413627,-6.82606187344818,0.2694849703047011,0.1686326066300454,,0.0,,,,,5498.9021673193165,18197.296450698384,19257.608879700692,60.662847723811865,420.384343046695,0,0,0,0,0,0,0,0,0,141.35,Boven Digoel,,ZNT
140.7895222302146,-5.407840911043693,0.6666666865348816,3.2882726681850327,,0.48778972029685974,0.6666666865348816,,,,314.52461031271025,145704.63854082092,144585.157383349,29.722405986860394,181.0563283432275,0,0,0,0,0,0,0,0,0,141.35,Boven Digoel,,ZNT
140.14289793369613,-5.930366777025801,0.4818276899556319,0.19404647105061165,0.75,0.1714468002319336,,,0.05951331555843353,,6001.335442761574,86696.41375931504,86064.61755356901,39.40934758260846,264.2394649591297,0,0,0,0,0,0,0,0,0,141.35,Boven Digoel,,ZNT
136.1403822961519,-4.1940741918209525,0.9704761372672187,16.70677035081263,,0.9162088632583618,1.0,,,,11896.720261462568,97151.33195900706,42035.93224195059,1050.6067308187485,6148.430801868439,0,0,0,0,0,0,0,0,0,170.92,Deiyai,,ZNT
136.25411596595424,-4.007917063065839,0.9000919262568156,9.53781211105597,,0.5619895458221436,1.0,,,,1015.4738768079882,105222.40158680876,20576.14176681962,4051.915615081787,17254.18023389578,0,0,0,0,0,0,0,0,0,170.92,Deiyai,,ZNT
136.35113117504454,-4.069832492365448,0.6666666865348816,4.516213733533131,,0.6000535488128662,0.6666666865348816,,,,249.89933177522877,93753.08505149285,15889.226881013989,1602.931359410286,11802.97239881754,0,0,0,0,0,0,0,0,0,170.92,Deiyai,,ZNT
135.11331121392135,-4.074449366901922,1.0,10.048950564465732,,1.0,1.0,,,,6346.6952620334905,90304.99091591804,93538.09666020444,174.07214830815792,1379.8875964060426,0,0,0,0,0,0,0,0,0,167.6,Dogiyai,,ZNT
135.8578266746022,-4.087000924947546,1.0,21.15386646269018,,0.547669529914856,1.0,,,,3476.5121998752074,89829.76452823755,65308.811108019436,961.1848178207874,6752.140512064099,0,0,0,0,0,0,0,0,0,167.6,Dogiyai,,ZNT
135.12554987318427,-4.100207812221773,0.9785881572299533,4.863032464053521,,0.9990730881690979,0.6666666865348816,,,,5029.816770803907,92206.63427955886,95393.00124648059,107.54942030087113,1015.5366945452988,0,0,0,0,0,0,0,0,0,167.6,Dogiyai,,ZNT
136.77360433854454,-3.79227208016029,0.9259259303410848,5.815404517353029,,0.3563995361328125,1.0,,,,8756.114334401325,112369.753392081,41944.62310493889,229.73756628483534,1662.034713551402,0,0,0,0,0,0,0,0,0,342.92,Intan Jaya,,ZNT
136.5527930501728,-3.26730508329615,0.36825330389870536,12.662575457365868,,0.5060306787490845,0.3333333432674408,,,,33456.834971389464,107875.44644811773,77216.47605670949,432.22218533605337,2936.55114313215,0,0,0,0,0,0,0,0,0,342.92,Intan Jaya,,ZNT
136.94352942657778,-3.645343955738954,0.8498888744248284,11.37537701754798,,0.35382065176963806,1.0,,,,7230.460257061137,130151.78616276234,66282.87924201945,199.69674768298864,1389.7005493044853,0,0,0,0,0,0,0,0,0,342.92,Intan Jaya,,ZNT
139.82766648158312,-3.399366107890185,0.7183334098921882,1.3237211746433826,,0.8183042407035828,0.6666666865348816,,,,20001.958419204777,118791.793782951,97036.6409318836,47.92734801210463,335.8940840177238,0,0,0,0,0,0,0,0,0,113.52,Jayapura,,ZNT
139.64805764637015,-3.1151950003492206,0.6958388288815817,7.4236391795678145,,0.8071986436843872,0.6666666865348816,,,,29327.651957196576,112084.08435799115,81630.60663529298,41.136837324127555,256.0589076112956,0,0,0,0,0,0,0,0,0,113.52,Jayapura,,ZNT
139.54066970472337,-2.8353125844664895,0.9313767022556729,0.8224053122258325,,0.9558867812156677,0.3333333432674408,,,,,109903.21669235115,74497.55744813207,10.453651446383446,65.66105697583407,0,0,0,0,0,0,0,0,0,113.52,Jayapura,,ZNT
139.12328280506946,-4.077683958033943,0.6666666865348816,10.890610853634893,,0.5299097895622253,0.6666666865348816,,,,2110.0672183848947,194207.9312064693,19372.917777597566,355.2615133970976,2208.5816621482372,0,0,0,0,0,0,0,0,0,227.94,Jayawijaya,,ZNT
138.85526803288369,-4.07137528460169,0.8393760191069709,4.4692255919701696,,0.9610633850097656,0.6666666865348816,,,,317.75606766367423,179521.7309064477,11112.958942029503,713.919206827879,5373.151391848922,0,0,0,0,0,0,0,0,0,227.94,Jayawijaya,,ZNT
139.05643599708995,-4.15146419019291,0.8084803289837308,5.370647643620331,,0.4708571434020996,1.0,,,,287.1153256840345,183264.10446944556,12948.626454826386,386.6850688904524,2599.8533343821764,0,0,0,0,0,0,0,0,0,227.94,Jayawijaya,,ZNT
140.54591828833125,-3.080224545922803,1.0,1.8559663533777906,,1.0,1.0,,,,6948.745726439828,56990.53303768233,53423.78001141991,80.34573072940111,545.9700086470693,0,0,0,0,0,0,0,0,0,127.77,Keerom,,ZNT
140.98678609080997,-3.4200544473907124,0.961002078321245,0.5245724878041744,,0.8456345796585083,1.0,,,,3316.4539210378625,101574.1741593747,95983.29684423766,25.825126999989152,129.5687419846654,0,0,0,0,0,0,0,0,0,127.77,Keerom,,ZNT
140.57819355274998,-3.4158892243795833,0.9445019364356995,0.23620701098172364,,0.9755867719650269,,,0.6648322939872742,,1597.466709697785,94473.53981899685,89499.58153547996,99.02279052883387,659.0975386239588,0,0,0,0,0,0,0,0,0,127.77,Keerom,,ZNT
136.4559227384148,-1.7923349519913852,1.0,7.4086685209055725,,1.0,1.0,,,,5471.461591347095,22412.78543666543,46220.97554867284,407.49853295087814,2687.3669422343373,0,0,0,0,0,0,0,0,0,134.53,Kepulauan Yapen,,ZNT
135.4139049046552,-1.6029091907941562,1.0,1.420888956421989,,1.0,0.3333333432674408,0.7190988063812256,,,24532.9106942363,13956.826265587824,86051.67469119477,197.56263780593872,930.1724747121334,0,0,0,0,0,0,0,0,0,134.53,Kepulauan Yapen,,ZNT
136.48191458850332,-1.84196788475216,1.0,1.7182865801498612,,1.0,0.2615748941898346,,0.6660000085830688,,206.88487850561575,23336.840153081153,40903.03154320213,301.6022315323353,2406.6327001079917,0,0,0,0,0,0,0,0,0,134.53,Kepulauan Yapen,,ZNT
140.8544540418068,-2.6120639642825503,0.9968533217906952,0.8078041940199835,,0.9960417747497559,,1.0,1.0,,75.37790746248028,16677.883543517582,16358.340221252367,3670.242731451988,13471.292438983917,0,0,0,0,0,0,0,1,1,126.76,Kota Jayapura,146000.0,ZNT
140.93815962283537,-2.7806099982034826,0.9675691392686632,1.2730711755082749,,0.9974820017814636,0.6666666865348816,,,,6350.702103463309,35610.87699423444,34673.9020553195,219.04175540804863,1241.8418669104576,0,0,0,0,0,0,0,0,0,126.76,Kota Jayapura,,ZNT
140.68927712624955,-2.656422432595732,1.0,1.0546796520848636,,1.0,1.0,,,,2971.5514860931835,12655.247817799791,4878.349991758749,2208.908917427063,31636.950979024172,0,0,1,0,1,0,0,0,0,126.76,Kota Jayapura,,ZNT
138.50573981277566,-4.1221762925490095,0.8614693085352579,9.510523397022439,,0.9618058800697327,0.6666666865348816,,,,1380.5911612641783,159299.35290677915,49366.416653774264,734.4941648840904,5334.029976472259,0,0,0,0,0,0,0,0,0,259.68,Lanny Jaya,,ZNT
138.20941542968458,-3.9580597313961228,0.6666666865348816,7.300528982700807,,0.5178528428077698,0.6666666865348816,,,,1039.1095538641812,171164.75102718076,83750.06953362399,588.8787037730217,4182.975182056427,0,0,0,0,0,0,0,0,0,259.68,Lanny Jaya,,ZNT
138.26491589732652,-4.1046713222700015,0.7302203708224826,11.06961278115407,,0.2841874957084656,1.0,,,,5877.691896483199,155582.30108793406,76029.08861068201,1650.8453218340874,7360.528508514166,0,0,0,0,0,0,0,0,0,259.68,Lanny Jaya,,ZNT
137.73244096384414,-2.857793084311634,0.6418238580226898,3.919091748696102,,0.6888821721076965,0.6666666865348816,,,,4554.301992005253,153688.5364007704,160363.48086240145,7.499458356760442,45.877880392596126,0,0,0,0,0,0,0,0,0,174.96,Mamberamo Raya,,ZNT
137.70022176769504,-2.2491092653250684,0.7056182358000014,0.8021162756707136,0.6190476417541504,0.8098273873329163,0.6666666865348816,,,,5354.943191062434,87495.77885205932,139684.14454557415,3.6182505472097546,25.102088659536093,0,0,0,0,0,0,0,0,0,174.96,Mamberamo Raya,,ZNT
138.05425569741857,-2.058036571700264,0.9998746713002523,0.265291629857666,,1.0,,,,,14524.664705314686,66598.33838725346,179727.34174754092,23.459100611507893,101.53892980958335,0,0,0,0,0,0,0,0,0,174.96,Mamberamo Raya,,ZNT
138.77387276130324,-3.6634130876795394,0.8591959476470947,17.78133988317063,,0.5094191431999207,1.0,,,,7436.861809399418,200707.10124197713,52625.12552843696,713.6972052454948,10930.028061926365,0,0,0,0,0,0,0,0,0,260.46,Mamberamo Tengah,,ZNT
138.98551343186156,-3.7942648541852826,0.8562965790430704,12.28505757346177,,0.4770897328853607,1.0,,,,1854.6798833969845,213506.4202013997,34514.834801518315,622.1595494747162,4901.218300551176,0,0,0,0,0,0,0,0,0,260.46,Mamberamo Tengah,,ZNT
139.0202436723892,-3.7374899878861294,1.0,7.612058830268583,,0.7496268153190613,1.0,,,,4404.444478389104,209222.38377424644,41339.78573127594,486.6938921511173,4348.057086199522,0,0,0,0,0,0,0,0,0,260.46,Mamberamo Tengah,,ZNT
139.24444531423887,-6.407332062710345,0.291526370578342,0.39521888849142184,0.8055555820465088,0.0,,,,,2016.5181727247282,121080.57261708287,132508.88712250176,117.68574769049883,754.7802829146385,0,0,0,0,0,0,0,0,0,152.84,Mappi,,ZNT
139.7980547990031,-6.909432854566153,0.4926001748277081,0.4081958893883718,0.9506173133850098,0.0,,,,,5112.522125595102,72961.46704390795,74072.86501883388,94.54473334178329,578.045189935714,0,0,0,0,0,0,0,0,0,152.84,Mappi,,ZNT
139.09304308411646,-7.272714496529994,0.836831357744005,0.22495520677914077,0.6000000238418579,0.0,,,,,21304.99409419568,160431.70991055248,161571.2561654116,95.65321196615696,674.3735094442964,0,0,0,0,0,0,0,0,0,152.84,Mappi,,ZNT
139.06203131682065,-7.446668072390261,0.7684787114461263,0.444756448208846,0.7283951044082642,0.0,,,,,5198.644143340452,172431.1835451281,164068.59919936943,231.85734160989523,1803.5131115168333,0,0,0,0,0,0,0,0,0,139.06,Merauke,,ZNT
140.4725409962296,-7.703708341110324,0.5153822501500448,0.3485752545675742,0.5555555820465088,0.0,,,,,14517.675797769318,86552.87987514066,29214.145382941773,47.771278319880366,299.47522570565343,0,0,0,0,0,0,0,0,0,139.06,Merauke,,ZNT
140.8084095928814,-6.709391136095309,0.7375879883766174,0.4642313541738949,0.7037037014961243,0.0,,,,,4654.636518052718,44068.993469280766,43563.037343304764,67.95705622062087,453.37588145956397,0,0,0,0,0,0,0,0,0,139.06,Merauke,,ZNT
136.6848775274992,-4.77783169170853,0.4342187245686849,0.13430846691638762,,0.3221578598022461,,,0.16469162702560425,,8134.530512295191,9731.509092580622,30467.716179418134,290.1457090526819,1902.7997567504644,0,0,0,0,0,0,0,0,0,118.63,Mimika,,ZNT
137.32393488251387,-4.989755354160772,0.7732136249542236,0.24386254556217435,1.0,0.2304118424654007,,,0.07040413469076157,,8830.804034763907,64894.35205024022,66881.3483825507,175.31545647978783,871.019212603569,0,0,0,0,0,0,0,0,0,118.63,Mimika,,ZNT
137.47613169161127,-5.070564879258738,0.5748846530914307,0.2207182644269596,,0.19097228348255157,,,0.09604800492525101,,21098.81771521225,82264.41350354589,85516.8043731608,258.4146417379379,1423.7698319777846,0,0,0,0,0,0,0,0,0,118.63,Mimika,,ZNT
135.42694122227397,-3.612619435798392,0.9871669080522325,1.4617801666778514,,0.9999803304672241,0.6666666865348816,,,,46.20776357398298,29190.554006616385,32076.421229339605,259.80497493594885,1974.8278082162142,0,0,0,0,0,0,0,0,0,121.12,Nabire,,ZNT
134.66202102264822,-2.875346530125051,0.6139412158065372,2.3266624515291534,,0.8172858953475952,0.3333333432674408,,0.6484006643295288,,1919.1339448693716,24106.08352646804,23323.122788159348,191.6591735035181,921.1911107711494,0,0,0,0,0,0,0,0,0,121.12,Nabire,,ZNT
135.98086489829512,-3.5439288671522426,1.0,13.188518025397327,,0.4238916337490082,1.0,,,,2345.667454408307,55958.38814758633,54845.870328487064,355.69841523468494,2307.8781162276864,0,0,0,0,0,0,0,0,0,121.12,Nabire,,ZNT
138.0035997828579,-4.198016209371555,1.0,12.792787689260404,,0.4469573497772217,1.0,,,,5604.569542365152,144233.39145751405,105538.06287397354,376.16523626446724,2628.8154278695583,0,0,0,0,0,0,0,0,0,224.15,Nduga,,ZNT
137.73984717513252,-4.255764110348261,0.8359045320087009,4.25224629943172,,0.3918493986129761,1.0,,,,9901.066657240637,123613.35269611308,98473.85496944466,281.6294854283333,1602.6541637815535,0,0,0,0,0,0,0,0,0,224.15,Nduga,,ZNT
137.9312409930226,-4.152696226079137,1.0,7.501075536630914,,0.2823314368724823,1.0,,,,3370.1184949563412,147729.1476471155,113168.86169540031,833.4670802056789,4724.6470325142145,0,0,0,0,0,0,0,0,0,224.15,Nduga,,ZNT
136.21480001022232,-3.7581199631383613,1.0,12.616214202711848,,0.44455474615097046,1.0,,,,5314.724908838171,90547.43577430843,32138.614851623675,73.4241155050695,543.9606852307916,0,0,0,0,0,0,0,0,0,169.83,Paniai,,ZNT
136.60902184887226,-4.015099411687231,0.7517935434977213,11.487736775797348,,0.6965318918228149,1.0,,,,10381.09407033453,89370.51651463065,21038.434013208673,1459.1367896795273,8784.031545221806,0,0,0,0,0,0,0,0,0,169.83,Paniai,,ZNT
136.85898648904643,-4.07061384883489,1.0,17.18072808362217,,0.5703915357589722,1.0,,,,14031.497547372333,82027.65288380094,36824.375951518945,1328.7824903130531,8675.13062953949,0,0,0,0,0,0,0,0,0,169.83,Paniai,,ZNT
140.67988836917056,-3.936953463043406,0.7413244909710355,3.9870188290436266,,0.8224380612373352,1.0,,,,2568.884631196146,153253.38001944142,146840.43102284378,33.36870747059584,202.92042744718492,0,0,0,0,0,0,0,0,0,299.88,Pegunungan Bintang,,ZNT
140.32137664189375,-4.159604118846209,1.0,6.0491850579741575,,0.5269611477851868,1.0,,,,9875.830982654641,178133.61943330726,120330.46504788208,109.42212680727243,989.6056022457778,0,0,0,0,0,0,0,0,0,299.88,Pegunungan Bintang,,ZNT
140.12045396687049,-3.941218689210929,1.0,15.191633637883577,,0.5169576406478882,1.0,,,,10384.952116198801,158537.42144629243,123500.26848672645,297.5086962133646,2026.3003287799656,0,0,0,0,0,0,0,0,0,299.88,Pegunungan Bintang,,ZNT
137.40471923576996,-3.4468941571534675,0.3452345331509908,8.44356612325701,,0.44044405221939087,0.3333333432674408,,,,18377.26397702006,166437.72015576958,121756.40384726072,358.82297626137733,2677.2974466755986,0,0,0,0,0,0,0,0,0,361.36,Puncak,,ZNT
137.12873861429478,-3.7149351714487824,0.9758237600326538,18.757687731414283,,0.331626832485199,1.0,,,,2026.316355338188,127373.28276802946,81780.36337131061,482.39214254915714,2762.2221975773573,0,0,0,0,0,0,0,0,0,361.36,Puncak,,ZNT
137.52121142367085,-3.9496247798904687,0.6666666865348816,10.976866323095134,,0.3273898661136627,0.6666666865348816,,,,296.2214013778073,126312.3462192597,88553.77337647855,325.46090184152126,2320.489192813635,0,0,0,0,0,0,0,0,0,361.36,Puncak,,ZNT
137.786827304796,-3.144090969966047,0.8021477195951674,0.056822973247875094,0.8271604776382446,0.8428555130958557,,,0.6150031089782715,,9047.016206378832,178740.00284560275,167431.6373713297,311.43977750837803,2133.8525047302246,0,0,0,0,0,0,0,0,0,340.84,Puncak Jaya,,ZNT
137.85336174036738,-3.512468022613798,0.4445694552527534,30.47837257863339,,0.44076454639434814,1.0,,,,9496.241099107783,187203.53102678986,138280.810237661,761.4922975003719,4540.4634138047695,0,0,0,0,0,0,0,0,0,340.84,Puncak Jaya,,ZNT
138.0713268274549,-3.580723239463191,1.0,23.750574345806918,,0.2605317533016205,1.0,,,,7338.184238911535,198293.27457902575,113492.20709787282,677.5277580916882,3796.284397035837,0,0,0,0,0,0,0,0,0,340.84,Puncak Jaya,,ZNT
138.41161850770638,-2.1251277248621223,1.0,2.6205988105213343,,1.0,1.0,,,,6375.6171515939295,48129.209915772684,201872.9649487567,11.813011416699737,93.43202592106536,0,0,0,0,0,0,0,0,0,143.98,Sarmi,,ZNT
138.6612924568894,-2.269680694575519,1.0,0.7069322620867042,,1.0,0.6666666865348816,,,,10603.590170564803,46841.648100740575,171117.45007693776,18.11563635058701,143.5783112803474,0,0,0,0,0,0,0,0,0,143.98,Sarmi,,ZNT
139.0565479952173,-2.172751030995532,1.0,0.33969772282385785,,1.0,,,,,2046.5749753420023,48589.96945321268,131981.81403334526,104.783084589988,499.7466573808342,0,0,0,0,0,0,0,0,0,143.98,Sarmi,,ZNT
135.62438236621642,-0.8695420224784922,0.8205337193277147,1.5854599535601182,,0.829459547996521,,0.8578917980194092,0.7211631536483765,,770.9824726451562,61287.07802606525,59366.18794886006,284.3832763284445,1274.1914978325367,0,0,0,0,0,0,0,0,0,142.34,Supiori,,ZNT
135.49173669032677,-0.6715317280070953,0.9878485732608371,7.5395871923884945,,1.0,1.0,,,,1211.384053037448,85981.7985105512,84646.35550090809,385.50957034528255,1339.9186353944242,0,0,0,0,0,0,0,0,0,142.34,Supiori,,ZNT
135.48147066617204,-0.6850040765302201,1.0,13.342619685252421,,1.0,1.0,,,,2493.420865880347,84171.57102248617,84524.20560489256,182.5586015433073,1270.771055612713,0,0,0,0,0,0,0,0,0,142.34,Supiori,,ZNT
138.15404599314172,-3.340366088866795,0.3333333432674408,13.589993716316613,,0.19522371888160706,0.3333333432674408,,,,19399.302327148638,177688.7383553423,122446.88908636896,364.06428587436676,2778.5450074374676,0,0,0,0,0,0,0,0,0,268.65,Tolikara,,ZNT
138.1308105291368,-3.506760820355255,0.996329234706031,6.862451346229352,,0.4121873676776886,1.0,,,,15489.478784195015,195860.9391450607,112515.55426261105,329.197072327137,2192.7167997062206,0,0,0,0,0,0,0,0,0,268.65,Tolikara,,ZNT
138.5837179749232,-3.399742364376831,0.7620434496137831,9.239984016531903,,0.8548374176025391,1.0,,,,2777.8345341610748,172403.05809382623,88118.76277997241,743.2743934690952,4792.633163496852,0,0,0,0,0,0,0,0,0,268.65,Tolikara,,ZNT
136.71447801797385,-3.1898235872542426,0.35334387090471053,18.485209263202975,,0.37966686487197876,0.3333333432674408,,,,21536.00983910921,114681.02817699019,90305.33788548874,87.56826193630695,549.4468706101179,0,0,0,0,0,0,0,0,0,144.88,Waropen,,ZNT
136.62614430533483,-3.0924637868062326,0.9629629651705424,1.7036336789003044,,0.4501928985118866,1.0,,,,22747.54007257168,101717.4472672703,97893.37429624774,43.456481746863574,255.16891670878977,0,0,0,0,0,0,0,0,0,144.88,Waropen,,ZNT
136.70448647757388,-2.4607086547759,0.8451176881790161,3.9424187632888374,,0.9042139649391174,0.6666666865348816,,,,16267.574276996771,42676.03648050563,40373.87473084938,30.357605778612196,298.4084208374843,0,0,0,0,0,0,0,0,0,144.88,Waropen,,ZNT
140.10006459144378,-4.7842327266448885,1.0,13.582692182725978,,0.41261112689971924,1.0,,,,7577.24998301553,211733.05306503666,67781.74195849775,243.27585223317146,1733.1554762423038,0,0,0,0,0,0,0,0,0,176.26,Yahukimo,,ZNT
138.88416283466628,-4.2962840906015085,0.9033569494883219,5.8695557052880805,,0.922161340713501,1.0,,,,1579.1004440977283,159423.1489093067,22746.774291536356,388.400501832366,2977.017411440611,0,0,0,0,0,0,0,0,0,176.26,Yahukimo,,ZNT
139.85783588384788,-4.732297862673048,1.0,15.927952145577866,,0.4379023015499115,1.0,,,,5384.675666809651,197442.80025734619,42814.53674484211,207.70771706104279,1420.3251548409462,0,0,0,0,0,0,0,0,0,176.26,Yahukimo,,ZNT
139.12427631937615,-3.8633847328120843,1.0,7.620957879266331,,0.6208773851394653,1.0,,,,220.73252098622183,209733.22041456297,32862.540779125986,233.0868449807167,3166.128473818302,0,0,0,0,0,0,0,0,0,235.91,Yalimo,,ZNT
139.3923072317798,-3.8819604256267968,1.0,22.635438787862572,,0.5275620818138123,1.0,,,,5881.494461330543,190902.68352982952,54817.452711756865,3165.8265190571547,17180.554632745683,0,0,0,0,0,0,0,0,0,235.91,Yalimo,,ZNT
139.37917953580137,-3.6599761553605266,0.9787262214554681,6.9737792788236765,,0.6137192249298096,1.0,,,,8793.301041183197,173686.65066044478,68452.87506361534,3386.7655806541443,18190.620390295982,0,0,0,0,0,0,0,0,0,235.91,Yalimo,,ZNT
132.96504569572988,-3.2009623591773604,0.6837887167930603,0.6297640699495659,0.8765432238578796,0.15917837619781494,,,,,6961.175448551116,31519.51695086301,80198.79210235334,45.99189228750765,302.94878884777427,0,0,0,0,0,0,0,0,0,120.73,Fakfak,,ZNT
133.03441899930164,-2.6549605348940446,0.4806334839926826,0.4027919945535809,,0.33986255526542664,,,0.12321720272302628,,4403.036704579062,48392.71842373742,87448.41047832422,141.10825616121292,1210.1459442153573,0,0,0,0,0,0,0,0,0,120.73,Fakfak,,ZNT
133.1733584922727,-3.158611952460065,0.5002398300502036,0.19676940908510673,0.8730158805847168,0.3277101218700409,,,,,19694.19923217829,48072.48004878233,79332.86307324347,52.21556416712701,302.58647939376533,0,0,0,0,0,0,0,0,0,120.73,Fakfak,,ZNT
133.87116175749998,-3.3710962332153143,0.8868924180666605,7.656481344056696,,0.885715901851654,1.0,,,,15151.201646479567,34663.59384063432,30681.77512792651,35.11561940982938,228.60958149656653,0,0,0,0,0,0,0,0,0,114.95,Kaimana,,ZNT
133.8967233109408,-3.1830519954360885,0.9922145406405131,20.24209983984565,,0.982427179813385,1.0,,,,3247.3488630324346,55399.274896005976,50756.03670462215,77.14876726828516,583.216866215691,0,0,0,0,0,0,0,0,0,114.95,Kaimana,,ZNT
133.4333302008778,-3.2745460817704717,0.11249920146332847,0.6190517852693911,,0.17977681756019592,,,,,88.44796955107256,56124.19158028577,49467.82420093946,20.286410940811038,146.75241120811552,0,0,0,0,0,0,0,0,0,114.95,Kaimana,,ZNT
131.29318763557723,-0.8118304063903123,0.846705953280131,8.948230790017599,,0.685562252998352,1.0,,,,155.26312792135653,8654.25036458128,7404.250970092893,2924.734824836254,11752.96753963828,0,0,0,0,0,0,0,0,0,109.25,Kota Sorong,,ZNT
131.20818863889508,-0.8850640457235345,0.6087380796670914,0.5383163646871132,,0.6231429576873779,,0.48551028966903687,,,182.94244153461102,4291.355237997483,4642.122984553214,1041.2657823562622,10709.661690473557,1,0,1,0,0,0,0,2,5,109.25,Kota Sorong,,ZNT
131.2525855165152,-0.9269647648584073,0.6434986591339111,0.20994693677745896,,0.6928859949111938,,0.48551028966903687,0.3324558436870575,,2296.8652513619095,4345.149576084923,5472.650866894744,1431.4755539894104,27959.959550380707,0,0,0,0,0,0,0,0,2,109.25,Kota Sorong,,ZNT
134.0393748929237,-1.6888888230024164,0.899439639515347,16.01627101120225,,0.7946602702140808,1.0,,,,3349.012803151272,74000.538304225,47345.28139960505,356.05536933243275,2462.186507359147,0,0,0,0,0,0,0,0,0,113.33,Manokwari,,ZNT
133.22491919781717,-0.7371620704341126,1.0,13.028996897637352,,1.0,1.0,,,,6779.2923006564215,92580.45430602688,36762.6591500767,105.0321733057499,720.5828172191978,0,0,0,0,0,0,0,0,0,113.33,Manokwari,,ZNT
133.93624765832067,-1.6100604061287827,0.9499882128503587,16.189838971487465,,0.7262269854545593,1.0,,,,3562.9450676880538,72137.68866252845,47230.79586174569,231.08432519435883,1569.9353313967586,0,0,0,0,0,0,0,0,0,113.33,Manokwari,,ZNT
132.46878739807283,-1.3648969444972663,0.7368955380386777,0.18335086231777822,0.6790123581886292,0.14314010739326477,1.0,,,,720.7820384519384,141560.9488902416,138134.78971025484,522.9107538312674,2320.0978413894773,0,0,0,0,0,0,0,0,0,128.03,Maybrat,,ZNT
132.1559300463581,-1.2813685254657214,0.8455940402216382,1.654472791233286,,0.14003507792949677,1.0,,,,1699.2361889192064,105567.63777505384,106371.05407782772,697.861388400197,3578.1418817043304,0,0,0,0,0,0,0,0,1,128.03,Maybrat,,ZNT
132.49397483870834,-1.7381725521087237,0.3253769079844157,1.1451868131590024,,0.16494160890579224,,,,,333.6424208798727,106976.57162265987,134176.65988164768,36.027484856545925,233.6761634517461,0,0,0,0,0,0,0,0,0,128.03,Maybrat,,ZNT
130.92168818748482,-1.148463937300825,0.5383406215243869,0.5206126471774166,0.8765432238578796,0.5860125422477722,,,,,590.5757341698999,19751.026185974762,47638.34139960138,35.324445659294724,338.7002469021827,0,0,0,0,0,0,0,0,0,121.89,Raja Ampat,,ZNT
130.9098180914708,-1.040802133691047,0.7193021178245544,0.2411534979035705,0.7037037014961243,0.7871726751327515,0.6666666865348816,,0.6197382807731628,,3136.3049654733304,18712.673824654925,42041.59320666289,201.03749164938927,886.707772180438,0,0,0,0,0,0,0,0,0,121.89,Raja Ampat,,ZNT
130.44203843839924,-0.8963013806745919,0.9552855968475342,2.1271147321925463,,0.972744882106781,1.0,0.1728561818599701,,,17898.993139894217,29964.848571709157,41700.332792108515,8.0705102160573,42.22038766555488,0,0,0,0,0,0,0,0,0,121.89,Raja Ampat,,ZNT
132.02388314158725,-0.7336250123789781,0.9349963731235928,0.24596266910015266,0.9753086566925049,0.9484989643096924,,,0.6601289510726929,,2927.1314878537883,85798.30135613316,83357.08106366459,141.18405766785145,966.5708353696391,0,0,0,0,0,0,0,0,0,113.03,Sorong,,ZNT
131.39349823715565,-1.2783456231450374,0.5115792055924734,0.25435907513247724,0.682539701461792,0.14852005243301392,,,,,88.32036303004527,32986.06640519374,45876.519831211306,866.8997384756804,4211.835626266897,0,0,0,0,0,0,0,0,0,113.03,Sorong,,ZNT
131.22968808312902,-1.436368820085953,0.5494463509983487,0.09044898240709949,0.8148148059844971,0.019570188596844673,,,,,7030.201522626758,44976.20903593202,61721.290447903586,77.65750283002853,745.4316834136844,0,0,0,0,0,0,0,0,0,113.03,Sorong,,ZNT
132.29909541584095,-1.596426086330776,0.399930520190133,0.5376333756373196,0.5802469253540039,0.19694972038269043,,,0.07969224452972412,,1304.7158271748606,123598.36118741077,137858.64532375507,72.53856044262648,543.8802788257599,0,0,0,0,0,0,0,0,0,113.83,Sorong Selatan,,ZNT
131.87400701746643,-1.514960771626833,0.7516612278090583,0.1956549688057892,0.841269850730896,0.06827297806739807,,,0.05447153002023697,,3796.1805555485935,89018.38151176384,96193.60935437064,241.24296928197145,1639.4788361638784,0,0,0,0,0,0,0,0,0,113.83,Sorong Selatan,,ZNT
132.0695876728351,-1.673194402616398,0.6526998215251498,0.08467958555672009,,0.050709087401628494,,,0.017860936000943184,,7486.361280713009,116980.80359674756,123927.22971921765,50.50566063076258,383.3698461391032,0,0,0,0,0,0,0,0,0,113.83,Sorong Selatan,,ZNT
132.11773516657405,-0.6953820989897149,1.0,7.454263840111659,,0.5805621147155762,1.0,,,,1430.502586828615,96899.15589048568,94441.05623175798,14.960717745125294,104.00823518773541,0,0,0,0,0,0,0,0,0,125.05,Tambrauw,,ZNT
132.59129316633627,-0.9763220104091886,0.9735998577541776,5.747943483479314,,0.09755022078752518,1.0,,,,1789.105207957042,147377.62363237084,109751.60886969691,13.662483290303499,89.23845182638615,0,0,0,0,0,0,0,0,0,125.05,Tambrauw,,ZNT
132.27364356345768,-0.6212477750778566,0.9233338700400459,7.340815897864762,,0.8477261066436768,1.0,,,,13984.841621818303,115710.28808623116,113226.46885718835,14.524127074051648,71.73297373671085,0,0,0,0,0,0,0,0,0,125.05,Tambrauw,,ZNT
133.5381895464876,-1.45851899872023,0.6666666865348816,5.254242482721699,,0.3780911862850189,0.6666666865348816,,,,4388.357250510617,72785.04803228864,72364.72135134814,27.283697234466672,183.74138729879633,0,0,0,0,0,0,0,0,0,128.03,Teluk Bintuni,,ZNT
133.53553711236808,-2.1806962537877093,0.5752731694115533,0.16762456088254046,0.8222222328186035,0.6259493231773376,,,0.2795402705669403,,5176.759517058645,7600.082482588981,124239.25521304717,28.784598160535097,235.49583086464554,0,0,0,0,0,0,0,0,0,128.03,Teluk Bintuni,,ZNT
133.7511860170717,-1.942594785194935,0.6666666865348816,1.4171361672161837,,0.526822030544281,0.6666666865348816,,,,2756.516252259989,31368.19018372584,88601.09649056516,9.249914624728262,67.52065287623554,0,0,0,0,0,0,0,0,0,128.03,Teluk Bintuni,,ZNT
134.07845088895587,-1.7757171327406573,0.6956005891164144,5.69778357948198,,0.7891100645065308,0.6666666865348816,,,,512.9311265917432,71921.46068081656,54454.8005505829,316.9858192279935,1570.364483088255,0,0,0,0,0,0,0,0,0,113.97,Teluk Wondama,,ZNT
134.61102794687926,-2.94240678609087,0.9965456459257338,2.960365881535685,,1.0,0.6666666865348816,,,,4056.568664985539,26718.12118287606,24065.756842676117,49.3384506367147,376.27685426175594,0,0,0,0,0,0,0,0,0,113.97,Teluk Wondama,,ZNT
134.462245317986,-2.887738544700678,1.0,2.5378426797965257,,1.0,1.0,,,,1104.4801532347951,18372.770253515726,41668.69705848737,67.09088539332151,443.2956108059734,0,0,0,0,0,0,0,0,0,113.97,Teluk Wondama,,ZNT
101.65040213986417,1.7554708213468957,0.9159936242633395,0.27650548389806556,0.9012345671653748,0.0,,,,,752.5796303259227,21657.690661163095,22884.8771185977,321.86292381584644,2299.665400594473,0,0,0,0,0,0,0,1,1,94.16,Bengkalis,,ZNT
100.95910485709082,1.2504983268388699,0.8740840554237366,0.05297513457091709,0.48148149251937866,0.0,,,0.0010000000474974513,,639.7146377608685,28065.20189038543,23516.730674359107,548.2751247286797,3818.323255620897,0,0,0,0,0,0,0,0,0,94.16,Bengkalis,,ZNT
101.58452007806487,1.2173545024516916,0.9527278476291232,0.3274993744769707,1.0,0.0,,,,,5451.684389826404,41665.19266041312,41926.03870600583,306.15133921056986,1394.302996262908,0,0,0,0,0,0,0,0,0,94.16,Bengkalis,,ZNT
101.23735617956277,1.973822885977118,0.8707775937186347,0.10776952040965869,0.9012345671653748,0.0,,,,,354.3222584838221,36770.024791585995,40982.368412021526,240.73517762124538,1412.7179922387004,0,0,0,0,0,0,0,0,0,96.91,Dumai,,ZNT
101.25982626032875,1.9232523276117823,0.7846061256196764,0.04715579515927055,0.9259259104728699,0.0,,,,,626.0622582934649,30711.69149817354,35015.44875044407,201.39344877004623,1617.6231492310762,0,0,0,0,0,0,0,0,0,96.91,Dumai,,ZNT
101.29320230960928,1.8936623442705505,0.7424611581696404,0.053608806882834405,0.48148149251937866,0.0,,,,,560.4181904030718,25915.81897489616,30131.252421718887,299.27877931296825,2616.214765354991,0,0,0,0,0,0,0,0,0,96.91,Dumai,,ZNT
103.00205705679446,0.07750459599336024,0.8643931349118551,0.04504195207778468,0.8518518805503845,0.0,,,,,819.8789717524581,48367.817527784144,47997.8808599458,693.7660175263882,3370.8247930780053,0,0,0,0,0,0,0,0,0,99.01,Indragiri Hilir,,ZNT
103.03449301673888,-0.4847246931803285,0.8420682417021857,0.09632509031587613,1.0,0.0,,,,,1688.4379056214752,22386.21056545117,23016.336682175723,841.9156542122364,5827.569205224514,0,0,0,0,0,0,0,0,0,99.01,Indragiri Hilir,,ZNT
103.38049653367271,-0.2841918644489211,0.3136301338672638,0.07602701201533972,,0.0,,,,,3136.0029157738536,24944.662075667256,24510.480504417912,697.3340227305889,5130.546199023724,0,0,0,0,0,0,0,0,0,99.01,Indragiri Hilir,,ZNT
102.20415323703227,-0.23036607613310556,0.6838589939806197,0.3594278245662426,0.8095238208770752,0.0,,,,,58.953620246512216,98696.71450533625,13203.97064378185,1057.630114376545,5969.495068848133,0,0,0,0,0,0,0,0,0,93.0,Indragiri Hulu,9000.0,ZNT
102.49209450560238,-0.07848405308357931,0.6004759404394362,0.06739531470419291,0.7530864477157593,0.0,,,,,8911.959385261312,79308.04253982737,35545.99606448329,138.99559058994055,1018.5287676230073,0,0,0,0,0,0,0,0,0,93.0,Indragiri Hulu,,ZNT
102.13036084280255,-0.699395686123097,0.7765127420425415,0.37083000853202797,0.8765432238578796,0.008931749500334263,,,,,1444.5882714977956,121761.07909061853,41882.423338953005,563.776297301054,2774.10539124161,0,0,0,0,0,0,0,0,0,93.0,Indragiri Hulu,13000.0,ZNT
101.33330332178782,0.43643380434292534,0.7421124908659193,0.06795532392611234,0.9012345671653748,0.0,,,0.0010000000474974513,,87.62057965467741,4806.279851424142,4140.068069025474,8974.320578217506,72998.02156054974,1,0,1,1,12,0,1,0,6,87.15,Kampar,370000.0,ZNT
101.23098721518812,0.3991359210265447,0.5888563527001275,0.3158998073137013,0.6111111044883728,0.00760108744725585,,,0.005330405663698912,,349.3987701536503,16705.468655027962,2633.7269943996225,3216.3904551267624,22868.112924993038,0,1,1,0,0,0,0,0,1,87.15,Kampar,31000.0,ZNT
101.13666785253527,-0.16486200702534257,0.531059205532074,0.7914405895496422,,0.10578567534685135,,,,,457.6209279645458,46322.469022141006,55733.27062206536,514.6987726688385,3022.2941133975983,0,0,0,0,0,0,0,0,0,87.15,Kampar,,ZNT
102.71449727872556,0.9637066332507602,0.9588477412859598,0.05666919552088264,1.0,0.0,,,,,634.96682677926,5731.226084865858,4805.631983833587,1420.4883075356483,25782.437416166067,0,0,1,0,0,0,0,0,8,103.0,Kepulauan Meranti,,ZNT
102.72350759860922,0.8263854276185554,0.8210549884372287,0.13562796783953696,,0.0,,,,,5957.5089089532485,20222.536438771538,19627.250411474924,171.49177031964064,1252.3282687813044,0,0,0,0,0,0,0,0,0,103.0,Kepulauan Meranti,,ZNT
102.86008925288232,0.8247963645400909,0.9670781956778632,0.0295345584437265,1.0,0.0,,,,,2705.009691851431,15430.744200683022,24284.692853015094,613.9050665050745,3108.798949763179,0,0,0,0,0,0,0,0,0,103.0,Kepulauan Meranti,,ZNT
101.54370752391898,-0.43674004318102133,0.7112967703077528,0.10982432235743061,0.7333333492279053,0.1431480050086975,,,0.5527385473251343,,1801.0498140414325,67577.0872104928,11621.618576417668,804.6939581930637,5477.170404821634,0,0,0,0,0,0,0,0,1,85.79,Kuantan Singingi,29000.0,ZNT
101.58486474172322,-0.25437582553767435,0.7629151940345764,0.5853960795969934,,0.02939198724925518,,,,,199.77666062720257,49726.76214777972,31951.33692861287,834.3608453273773,4474.769035294652,0,0,0,0,0,0,0,0,0,85.79,Kuantan Singingi,13000.0,ZNT
101.47109488390915,-0.37795526123338163,0.5054499076472388,0.44043071438189413,,0.10162530094385147,,,,,190.06676554093713,59704.71417808861,20440.73970717458,966.0222008228302,7103.843604743481,0,0,0,0,0,0,0,0,0,85.79,Kuantan Singingi,11000.0,ZNT
101.39476194119376,0.6851927009669687,0.5109138588110606,0.6564996016699488,0.6190476417541504,0.0,,,,,2244.4136352314654,12836.276587833507,9187.384292683992,3020.0235564112663,22857.86133158207,0,0,0,0,0,0,0,0,0,90.47,Pekanbaru,,ZNT
101.4329832469471,0.46168726418426925,0.9042274488343133,0.29637300869251615,,0.0,,,0.0010000000474974513,,111.96034710831304,1633.4213474728454,369.49822469621864,45464.477449417114,301391.3674669266,22,11,27,8,29,2,4,16,43,90.47,Pekanbaru,661000.0,ZNT
101.34098414669802,0.5922060442870944,0.8957476086086698,0.13688723991372123,0.9506173133850098,0.0,,,0.0010000000474974513,,1748.2374741821675,9988.657103305806,11332.436080578953,3013.364816427231,22420.54126894474,0,0,0,0,0,0,0,0,0,90.47,Pekanbaru,226000.0,ZNT
101.92287835489775,0.06845305109833527,0.876486235194736,0.5207010275450648,0.4166666865348816,0.0,,,0.0010000000474974513,,2854.439485707043,58437.466817645676,30048.44801281548,465.6965633779764,3111.5741088837385,0,0,0,0,0,0,0,0,0,93.18,Pelalawan,9000.0,ZNT
101.77143970085102,-0.023504453362919786,0.8044805460506015,0.27405874914422135,0.8333333134651184,0.0,,,,,358.22793724995915,45367.23574632219,29376.766670620815,651.5746849179268,3505.768628358841,0,0,0,0,0,0,0,0,0,93.18,Pelalawan,,ZNT
101.9444206113994,-0.03359828147050725,0.9007076422373453,0.1412154054868986,0.7777777910232544,0.0,,,0.0010000000474974513,,2271.0891629620132,63589.22751034051,18460.614438071654,358.2090600132942,2537.1165250837803,0,0,0,0,0,0,0,0,0,93.18,Pelalawan,,ZNT
100.50460285234787,1.4132400109631944,0.8351266649034288,0.062034245360976216,,0.06407079100608826,,,0.032636139541864395,,473.22708208327026,80552.86373810985,41659.941487375996,628.7990199327469,4667.677471578121,0,0,0,0,0,0,0,0,0,99.25,Rokan Hilir,,ZNT
100.36761824573969,1.7735917317072554,0.6791737410757277,0.38772810460530255,,0.022511044517159462,,,,,860.6208854749063,71563.4481462197,4597.337165210511,1616.0743915438652,10278.475123554468,0,0,1,0,0,0,0,0,0,99.25,Rokan Hilir,14000.0,ZNT
100.83537970395338,1.824072186072667,0.9730576806598239,0.06667029346530534,0.8518518805503845,0.0,,,0.0010000000474974513,,2245.8066201708534,66172.71225106156,31408.149407764005,364.87754994630814,2954.4236724972725,0,0,0,0,0,0,0,0,0,99.25,Rokan Hilir,,ZNT
100.62892441414489,0.9618633010584408,0.6638140281041464,0.15448878683810408,0.7283951044082642,0.11271441727876663,,,0.06146935746073723,,464.98281755246023,72465.7908493032,29007.634270706585,733.3674485087395,7575.148977816105,0,0,0,0,0,0,0,0,0,97.07,Rokan Hulu,,ZNT
100.65909852373981,0.9659455510229971,0.6284137765566508,0.13226045839470016,0.6790123581886292,0.101005420088768,,,0.04753527790307999,,276.12384847668824,69272.59199198936,30607.004609800606,1423.7033883929253,8183.10734590888,0,0,0,0,0,0,0,0,0,97.07,Rokan Hulu,9000.0,ZNT
100.4327107950024,0.7314074317320836,0.5291563471158346,0.9297259501568084,0.5061728358268738,0.26721489429473877,,,,,710.9003352877771,69280.26845942899,11121.519579885406,1150.0845472216606,6269.122256606817,0,0,0,0,0,0,0,0,0,97.07,Rokan Hulu,,ZNT
101.35833624261504,0.8280900524826473,0.5746167831950717,0.39108130052044254,0.8518518805503845,0.0,,,,,217.6998269326761,29220.00178301793,14158.404909976489,3314.025606751442,21956.36349827051,0,0,0,0,0,0,0,0,0,93.87,Siak,9000.0,ZNT
101.69994857270824,1.0818378225265248,0.8217044671376547,0.5857782769108034,,0.0,,,,,4458.161628906054,45473.72612361607,38762.50603942915,233.041080519557,1320.058663584292,0,0,0,0,0,0,0,0,0,93.87,Siak,,ZNT
101.75541164705173,0.6298558261853501,0.715585900677575,0.4964550182271313,0.7777777910232544,0.0,,,,,712.5516520737392,13622.801358517901,12198.675767246064,660.5324388593435,5678.361445382237,0,0,0,0,0,0,0,0,0,93.87,Siak,10000.0,ZNT
118.9691392012926,-2.948520174216922,0.7082639402813382,9.814008546943624,,0.42375871539115906,0.7020052671432495,,,,4862.5355243156355,32326.841871227207,30630.466666166612,569.950376778841,3722.5895330160856,0,0,0,0,0,0,0,0,0,84.77,Majene,,ZNT
118.89163828935874,-3.2243840139743276,0.8613914847373962,8.996765051770078,,0.3876418471336365,1.0,,,,328.0480780056244,37716.864114962795,26643.991306117692,1788.785815358162,11476.42731922865,0,0,0,0,0,0,0,0,0,84.77,Majene,30000.0,ZNT
118.92932995637548,-3.034073713660321,0.9640291531880697,8.107642326307044,,0.676262378692627,1.0,,,,809.9178747931852,40554.0611000566,38907.15036332038,2014.902038037777,11541.769862532616,0,0,0,0,0,0,0,0,0,84.77,Majene,7000.0,ZNT
119.47720766008828,-2.7855065877302994,0.3333333432674408,12.519295119421784,,0.019073305651545525,0.3333333432674408,,,,6768.760722048835,51108.496934325194,20376.657196699285,224.61686983704567,1417.5521388798952,0,0,0,0,0,0,0,0,0,101.67,Mamasa,,ZNT
119.47829375926159,-2.92613159878307,0.9187019798490736,5.990773980652055,,0.011268764734268188,1.0,,,,229.60383406864426,45485.14990122433,7767.0639542404,553.031797349453,3651.5647751241922,0,0,0,0,0,0,0,0,0,101.67,Mamasa,,ZNT
119.42792706501,-2.8323956484764894,0.9828399022420248,13.910223730657032,,0.02116151712834835,1.0,,,,6700.203914654086,54491.75927838553,13147.702371197991,286.4981373026967,2002.9865258485079,0,0,0,0,0,0,0,0,0,101.67,Mamasa,,ZNT
119.61042421999518,-2.267455644878318,0.6666666865348816,8.452260925775231,,0.0128812650218606,0.6666666865348816,,,,7693.895772554878,84252.61486545725,79068.97608059771,150.62880733981729,1068.324207071215,0,0,0,0,0,0,0,0,0,87.58,Mamuju,,ZNT
119.24021823249291,-2.5169293425356147,1.0,8.293623056217546,,0.0019256728701293468,1.0,,,,674.4619581999976,41981.30814341128,43244.689926038925,372.8169340342283,2592.38326241076,0,0,0,0,0,0,0,0,0,87.58,Mamuju,,ZNT
119.37237748025446,-2.720576270203762,0.9204793506198459,4.164536502002249,,0.049614038318395615,1.0,,,,12390.435064752095,53487.318494981766,24346.5636933668,324.408714979887,2346.8964297920465,0,0,0,0,0,0,0,0,0,87.58,Mamuju,,ZNT
119.46834313317865,-1.2141272397644625,0.39012324147754246,3.0006926523876487,,0.11318767070770264,0.3333333432674408,,,,93.91581319965236,64898.04501867142,54843.913700464356,2463.5152747631073,11415.54580104351,0,0,0,0,0,0,0,0,0,93.71,Mamuju Utara,,ZNT
119.6340720801846,-1.7835490770145976,1.0,15.17766694656342,,0.06260782480239868,1.0,,,,13435.085497554312,114377.90075009207,92319.20069444003,185.46787936985493,1095.4534583091736,0,0,0,0,0,0,0,0,0,93.71,Mamuju Utara,,ZNT
119.35688224978772,-1.5822895348457378,0.5789569218953451,1.8302835276121887,,0.2628961503505707,0.3333333432674408,,0.44886624813079834,,2124.764232290736,105216.81928540765,90239.6112625994,1411.1504079699516,12240.327746272087,0,0,0,0,0,0,0,0,0,93.71,Mamuju Utara,45000.0,ZNT
119.33544053740668,-3.3526563296218472,0.43562817573547363,5.85254677235091,,0.02233124151825905,0.3333333432674408,,,,878.0976751605671,18589.469152544905,6184.554625017009,3351.689803123474,21759.159414231777,0,0,0,0,0,0,0,0,0,84.05,Polewali Mandar,22813.0,ZNT
119.25462120428226,-3.289447912957465,0.32961278822686935,7.555405056747595,,0.01570303924381733,0.3333333432674408,,,,134.12046110403156,29873.176191227394,14636.459838147628,2537.6364127397537,16405.992839097977,0,0,0,0,0,0,0,0,0,84.05,Polewali Mandar,17045.0,ZNT
119.42749195786341,-3.3235944997987343,0.970561252699958,12.29488855425244,,0.0025340167339891195,1.0,,,,35.878187291204576,17250.73157194332,14900.934316694058,850.7227868437767,5048.5646232664585,0,0,0,0,0,0,0,0,0,84.05,Polewali Mandar,44000.0,ZNT
120.05521261495224,-5.575733217707198,0.7830685906940036,0.5813941084247326,0.9629629850387573,0.0,,0.41325435042381287,,,3.648697257774659,14661.72905220277,12092.171796161396,9218.984758138657,39072.61560976505,0,0,0,0,0,0,0,0,0,93.26,Bantaeng,131500.0,ZNT
119.93723887259853,-5.475582973599064,0.6740783386760287,7.266956244986239,,0.0,0.6666666865348816,,,,35.77790786002309,10431.931694752031,8226.438714937874,3577.8733394145966,25790.86484581232,0,0,0,0,0,0,0,0,1,93.26,Bantaeng,30500.0,ZNT
120.00251366868105,-5.529677894706561,0.7543334629800584,1.7764078004721695,,0.0,,,,,250.98395341077529,9798.684260949387,6240.727250003728,5672.8641929626465,46262.937824845314,0,0,0,0,0,0,0,1,1,93.26,Bantaeng,104500.0,ZNT
119.72499605871297,-4.14068150934735,0.6666666865348816,4.189458566305636,,0.010788577608764172,0.6666666865348816,,,,346.02931586276276,10643.847853600078,15380.831162876066,466.72284303605556,3752.8728257268667,0,0,0,0,0,0,0,0,0,92.19,Barru,,ZNT
119.73711735803515,-4.655684939387006,0.8986582491132948,5.1112531738735765,,0.0,1.0,,,,4.667346244034916,15679.113285226578,21928.478704812107,1212.4531999826431,6231.931087374687,0,0,0,0,0,0,0,0,0,92.19,Barru,29500.0,ZNT
119.6669396882755,-4.561531049179827,0.737443314658271,3.8675206798782096,,0.0,1.0,,,,290.14875672351945,8419.686241124195,17156.309676783447,1356.1784561276436,10503.608397454023,0,0,0,0,0,0,0,0,0,92.19,Barru,54000.0,ZNT
120.0968796977181,-4.87186354270723,0.7962339520454407,0.2390359799969709,0.7283950448036194,0.0,,,,,13.749021029449816,50069.335974572765,41604.94763233785,3201.628805220127,14836.700021624565,1,0,0,0,0,0,0,1,1,96.01,Bone,10000.0,ZNT
119.9862763716029,-4.7450710254339485,0.8078313999705844,0.5372627538028444,0.8024691343307495,0.0,,,,,544.8411515999276,39683.89123432774,32571.480559635238,2888.797653198242,14914.269109874964,0,0,0,0,0,0,0,0,2,96.01,Bone,12000.0,ZNT
119.79463646275387,-4.7879354310737146,0.3589595357577006,6.5260694398321615,,0.0,0.6666666865348816,,,,103.84522449488784,18288.731070959224,30659.29771843712,1980.3273408710957,10143.403025612235,0,0,0,0,0,0,0,0,0,96.01,Bone,10000.0,ZNT
120.26144243902347,-5.521014932662366,0.788377602895101,0.20081722125174817,0.5555555820465088,0.0,,,,,197.65353715956704,7589.425779226741,7457.776342518728,8444.8110871315,25594.426849126816,1,0,0,0,0,0,0,1,1,93.5,Bulukumba,52000.0,ZNT
120.15250278615551,-5.361548728869214,0.5879785451624129,2.4784182281325595,,0.0,,,,,350.54090267179566,20285.73342173707,2846.0257804894045,5558.044882059097,31368.62674164772,0,1,1,0,0,0,0,0,2,93.5,Bulukumba,17500.0,ZNT
120.33275180346683,-5.307346368005158,0.22254765923652384,2.93291725778747,,0.0,0.3333333432674408,,,,293.4734259882676,29912.758210124517,20286.134979835504,4572.002074241638,19269.796506762505,0,0,0,0,0,0,0,0,1,93.5,Bulukumba,12500.0,ZNT
119.86212140151353,-3.4107334110438896,0.8108908534049988,2.159387098544239,0.6666666865348816,0.03419548273086548,1.0,,,,29.951351864362035,7675.536477894833,2794.4286808849693,2167.893910050392,11483.844443708658,2,1,1,0,0,0,0,2,3,98.41,Enrekang,27500.0,ZNT
119.81109627439098,-3.514672182742996,0.47951901621288723,2.9901738690974105,,0.002514329506084323,0.3333333432674408,,,,49.148323798049915,15927.204804199775,7187.764820372323,1396.776031434536,11055.966948211193,0,0,0,0,0,0,0,0,0,98.41,Enrekang,7000.0,ZNT
120.01492525828817,-3.5543952172152204,1.0,0.0,,0.0,1.0,,,,2569.8480838737923,25981.55711090127,10129.964124112998,309.92075115442276,2158.7459895461798,0,0,0,0,0,0,0,0,0,98.41,Enrekang,,ZNT
119.90485016109423,-5.167772546122451,0.4153440097967784,5.932431019534266,,0.0,0.3333333432674408,,,,824.8874999094171,42564.097483313424,14084.552958182678,1677.4217329025269,9133.776097878814,0,0,0,0,0,0,0,0,0,90.09,Gowa,29000.0,ZNT
119.86242581508559,-5.439550104665446,0.2592592669857873,3.5131579346475714,,0.0,0.6666666865348816,,,,321.8607073055669,15807.055408668235,7339.986301017754,5900.014082074165,31089.545788526535,1,0,0,0,0,0,0,1,1,90.09,Gowa,135500.0,ZNT
119.68442620262287,-5.294774356514003,0.4867869151963128,2.420870573326248,0.6000000238418579,0.0,0.6666666865348816,,,,264.2337648846807,27874.152126467055,6460.497071407974,2590.6949620246887,18062.789251446724,0,0,0,0,0,0,0,0,0,90.09,Gowa,122000.0,ZNT
119.86425934079139,-5.459738205786446,0.0,3.949362835792836,,0.0,,,,,43.50416708093282,13709.177958156164,5121.1913767837,4621.82871735096,30894.575968801975,0,0,0,0,0,0,0,0,1,94.77,Jeneponto,75000.0,ZNT
119.79160792535859,-5.6196280448351335,0.7765307426452637,1.0519422765273885,,0.0,,,,,418.98112538944804,7078.620843136579,8104.9605014176,9473.497609615326,60007.7455766201,0,0,0,0,0,0,0,0,2,94.77,Jeneponto,33000.0,ZNT
119.70247881327202,-5.596873337004416,0.5309029718240103,1.3814253121751863,0.604938268661499,0.0,,,,,105.76785242824216,17259.594325916387,3807.888660453148,5109.5002682209015,41448.6775329113,0,0,1,0,0,0,0,2,6,94.77,Jeneponto,9000.0,ZNT
120.52547865836446,-6.344751918472756,0.3714840292930603,1.9475195168819208,,0.0,0.3333333432674408,0.3198223412036896,,,318.794949136193,6189.593484972754,24174.359323307464,230.0039848089218,2169.5700962245464,0,0,0,0,0,0,0,0,0,99.87,Kepulauan Selayar,,ZNT
120.47476633410032,-5.944597893215847,0.44968964325057137,1.9568530643597788,,0.0,,,,,675.9555461611739,13095.08318080853,21410.475043562878,1629.4183069467545,11396.574280321598,0,0,0,0,0,0,0,0,5,99.87,Kepulauan Selayar,6000.0,ZNT
120.74543603591755,-7.121288197541117,0.6296933392683665,3.712268752053268,,0.042503565549850464,0.3333333432674408,,,,362.46086564967464,16359.22686149261,8360.249738702702,1351.042285323143,5106.0359726548195,0,0,0,0,0,0,0,1,1,99.87,Kepulauan Selayar,,ZNT
120.20457767228801,-2.8842787701513934,0.8636987275547452,0.21567339239893893,1.0,0.1799195110797882,,,0.41182437539100647,,205.22520222546737,33908.23293768906,12475.298915545292,2965.455976843834,21330.43382024765,0,0,0,0,0,0,0,0,0,99.82,Luwu,46000.0,ZNT
120.0721420500841,-3.0404824730838214,0.9976621402634515,0.0,,0.001785036874935031,1.0,,,,1106.3496835352055,19951.89565761251,13679.215591951915,956.1950604319572,8319.996555536985,0,0,0,0,0,0,0,0,1,99.82,Luwu,15000.0,ZNT
120.13662934490625,-2.819633758312247,0.8653198480606079,0.4895261796877584,0.5555555820465088,0.2687816023826599,,,0.42546072602272034,,298.98319447389747,29853.586762248153,20277.60549909537,3325.867250442505,19335.8265337348,1,0,0,0,1,0,0,1,8,99.82,Luwu,57000.0,ZNT
121.22206649596303,-2.734257145885249,0.3900902039474911,1.2276777136594077,,0.47650501132011414,,,,,6273.2068852997845,17617.07444814741,27646.003618382558,140.89382725954056,1048.0944772213697,0,0,0,0,0,0,0,0,0,103.08,Luwu Timur,,ZNT
121.63097720937913,-2.823679394188413,0.6666666865348816,3.356508141763244,,0.5316903591156006,0.6666666865348816,,,,43.17982932559214,7712.091904452447,44670.9004190546,164.8634760901332,1352.981253132224,0,0,0,0,0,0,0,0,1,103.08,Luwu Timur,,ZNT
121.17692223083063,-2.5186833877404085,0.9999996953540378,13.913861931426863,,1.0,1.0,,,,2231.4499868421435,13139.967226920975,19516.63477208842,244.44153276085854,1809.1811943501234,0,0,0,0,0,0,0,0,0,103.08,Luwu Timur,5000.0,ZNT
120.08900938534676,-1.9893027946134045,0.8733634485138787,9.047353157518387,,0.9425258636474609,1.0,,,,13601.071064628168,99620.23608489527,66777.52133275528,99.49586673825979,682.6966085880995,0,0,0,0,0,0,0,0,0,99.98,Luwu Utara,,ZNT
119.95753973260585,-2.2748358727037394,0.7447080877092149,1.155960975228725,,0.3490055799484253,1.0,,,,1723.0864527148997,76777.22225835948,66483.16647076348,744.6015782356262,4950.469810560346,0,0,0,0,0,0,0,0,0,99.98,Luwu Utara,,ZNT
120.5664974753598,-2.552167119068232,0.8518982529640198,14.245396046346524,,0.20419099926948547,1.0,,,,2122.453887297845,78848.19081757522,6623.138008067763,537.7983631938696,3686.4669803231955,0,0,0,0,0,0,0,0,0,99.98,Luwu Utara,,ZNT
119.42344935247935,-5.190858739242224,0.923930651611752,0.1304965875453583,0.604938268661499,0.0,,,,,18.428019824993115,327.9326346798772,994.8037551638818,100814.03038978577,640890.0811090469,280,7,39,43,55,2,3,15,32,94.28,Makassar,2351000.0,ZNT
119.5169728016521,-5.086995082266144,0.8810325463612875,0.4418936038034697,,0.0,,,,,2.8787968710607923,2349.5315448900815,2217.220260553007,119094.15668296814,416753.21166729927,17,6,7,3,6,0,0,9,12,94.28,Makassar,1203000.0,ZNT
119.50889685319936,-5.124806783874854,0.9306646651691861,0.2734592044415112,,0.0,,,,,8.421277128456417,2847.094310663809,1113.0817522364425,136147.08744812012,459008.6107337475,99,11,16,13,16,0,1,12,19,94.28,Makassar,2145000.0,ZNT
119.73555061197342,-4.988573411566317,0.5863422916995155,3.9592744061953686,,0.0,0.6666666865348816,,,,1242.3448920366438,15830.095672981026,16436.6400696451,755.4531342983246,7444.856972426176,0,0,0,0,0,0,0,0,1,93.68,Maros,19500.0,ZNT
119.53044210527125,-5.017086515879856,0.9150766862763299,0.11144852105024182,1.0,0.0,,,,,406.05100083566685,1953.0924114222896,4673.687420531849,4545.502079486847,55064.517913520336,0,0,2,0,1,0,0,1,3,93.68,Maros,39000.0,ZNT
119.66235429973298,-5.073508956593262,0.48010802268981934,1.3916008167441725,,0.0,,,,,11.25990025812902,13955.171870201639,7845.303869865594,1377.0782472491264,12142.429493129253,0,0,0,0,0,0,0,0,0,93.68,Maros,18000.0,ZNT
120.1225619499668,-2.9631535531413107,1.0,4.309996096243367,,0.030444469302892685,1.0,,,,1048.3835826852032,23630.531375159317,7946.985976772877,1736.19881016016,13547.887800753117,0,0,0,0,0,0,0,0,0,99.18,Palopo,97500.0,ZNT
120.13290990439536,-3.0213940440723737,1.0,0.0,,0.0128752076998353,1.0,,,,457.95483709047727,25596.9348854792,6645.244227286927,2797.874541938305,17680.28104880452,0,0,0,0,0,0,0,1,1,99.18,Palopo,11000.0,ZNT
120.18312566776724,-3.0169408446091106,0.8551821907361349,0.0,0.4920634925365448,0.0710127130150795,,,,,12.592471569013533,30927.777125690383,2467.1688175989248,31108.061061143875,120139.19772875309,2,2,2,0,1,0,0,5,5,99.18,Palopo,721000.0,ZNT
119.57156959967357,-4.733100785746251,0.7044519119792514,0.07007964269016205,0.8518518805503845,0.0,,,,,22.324330395546724,3150.461233681781,6954.660985134785,4491.908450007439,31410.153928518295,0,0,0,0,0,0,0,1,2,94.66,Pangkajene Dan Kepulauan,14500.0,ZNT
119.66544759579813,-4.810109673124923,0.4826960563659668,9.284789596650562,,0.0,0.3333333432674408,,,,715.370328629709,5222.846930777811,20122.15916349518,3194.0714427232742,25144.733086287975,0,0,0,0,0,0,0,0,0,94.66,Pangkajene Dan Kepulauan,7819.0,ZNT
119.66586073806994,-3.999878304987896,0.5362264646424187,0.9756107114366677,0.7037037014961243,0.09582054615020752,,,,,3.448489348309411,2369.989174626025,4789.103661081216,23266.01786518097,116991.70130932331,0,0,2,0,0,0,0,0,2,93.02,Parepare,635500.0,ZNT
119.6538039600368,-4.035861195630136,0.5086914002895355,0.517859078563818,,0.015469447709619999,0.6666666865348816,,0.34704890847206116,,216.54941421389162,4048.4949247025615,2178.275100251223,20261.921628713608,131151.48111468554,0,1,4,0,0,0,0,1,3,93.02,Parepare,151000.0,ZNT
119.65716038394076,-4.0528524829774595,0.38005268573760986,2.300293896080457,,0.02842075191438198,,,,,91.28104801744158,5644.244444851193,3221.4054445614374,9461.881042957306,84930.2541360259,0,0,2,0,0,0,0,0,1,93.02,Parepare,59000.0,ZNT
119.51773339203478,-3.5821972240736977,0.863741589917077,0.029225247368381883,0.8148148059844971,0.3501129150390625,,0.26574862003326416,0.8078169226646423,,26.897256539660287,14051.298765789998,12558.45703658456,1929.0754569768906,17006.776160120964,0,0,0,0,0,0,0,0,1,97.0,Pinrang,16500.0,ZNT
119.54281260056808,-3.387851933560771,0.8942694597774081,6.60471498173196,,0.016648370772600174,1.0,,,,20.4695449387072,14595.863210059222,24581.220343245266,439.6445689499378,3032.1961555331945,0,0,0,0,0,0,0,0,0,97.0,Pinrang,44000.0,ZNT
119.48666265028602,-3.6263384437536876,0.8947499593098959,0.038454713192413795,1.0,0.3560454547405243,,0.5051025748252869,0.7276723980903625,,309.524384327786,17127.87034633789,10933.123284934241,594.6512013077736,6998.525907337666,0,0,0,0,0,0,0,0,0,97.0,Pinrang,19500.0,ZNT
120.03297144281755,-3.7155979514104103,0.3333333432674408,0.0,,0.0003818830009549856,0.3333333432674408,,,,1362.1974437372667,18323.70269378497,12951.952488107161,375.1899179518223,3426.520511135459,0,0,0,0,0,0,0,0,0,98.24,Sidenreng Rappang,43000.0,ZNT
119.78488632594012,-3.8321342658729933,0.8326474693086412,0.209779028190068,0.8024691343307495,0.11144005507230759,,,0.4345560073852539,,150.82144657247017,14098.927589015806,3418.5060148036655,7268.124310135841,35722.63366162777,1,0,3,0,4,0,0,2,22,98.24,Sidenreng Rappang,92000.0,ZNT
120.02454128555276,-3.5930159325391324,1.0,0.0,,0.0,1.0,,,,2646.400938955623,23545.397715726718,13621.114933017347,295.11864373087883,1926.6810904592276,0,0,0,0,0,0,0,0,0,98.24,Sidenreng Rappang,,ZNT
119.98770278418424,-5.271704213877716,0.3333333432674408,4.85183071877714,,0.0,0.3333333432674408,,,,76.13887558930035,33751.601819952135,9321.664863434486,2435.201620221138,13496.125668466091,0,0,0,0,0,0,0,0,1,95.31,Sinjai,43500.0,ZNT
120.25574927511214,-5.216931474883046,0.3403756022453308,1.1196407375843092,,0.0,,,,,221.09260217990544,36426.51837218215,10662.554042337819,3981.6890411376953,24934.606147766113,0,0,0,0,0,0,0,0,1,95.31,Sinjai,13000.0,ZNT
120.09576490302926,-5.2796631869875545,0.4570959111054738,11.284395015512123,,0.0,0.6477466821670532,,,,174.9025479138324,30863.567191900274,3303.4810885128995,2245.778807759285,17568.914408147335,0,0,2,0,0,0,0,3,12,95.31,Sinjai,30000.0,ZNT
120.02731846276758,-4.364092751971711,0.5723905828264024,0.8709610587198571,,0.0008386205299757421,,,,,357.8353369022781,41674.40765317756,11255.154184628962,1918.898360967636,13287.736577510834,0,0,0,0,0,0,0,0,1,95.61,Soppeng,40500.0,ZNT
119.9942183179647,-4.344855859468516,0.8331462873352898,0.3235419507089638,0.7777777910232544,0.0077254027128219604,,,0.350279301404953,,408.7181999432141,37856.71376634635,7022.4248507936345,4375.890134096146,23394.891365647316,1,0,0,0,1,0,0,1,1,95.61,Soppeng,40500.0,ZNT
119.90418688889689,-4.337154715548966,0.8204264905717638,0.6747682704088804,,0.018757959827780724,,,0.3500264585018158,,577.3241561183324,27846.438034568822,1728.7878899469183,7198.8686146736145,40917.17992258072,1,1,2,1,1,0,0,1,3,95.61,Soppeng,58000.0,ZNT
119.5495325671864,-5.3783753231500135,0.839506189028422,0.3582474727903344,0.3777777850627899,0.0,,,,,412.0446500104864,22142.31554207827,13280.296385641695,5006.762001872063,23920.967594265938,1,0,0,0,0,0,0,1,1,93.37,Takalar,8000.0,ZNT
119.38394273441327,-5.250193734040201,0.9103379448254904,0.09753248699124632,0.9259259104728699,0.0,,,,,56.41656520325835,7601.815846300805,2887.0389945846296,11502.5454287529,80509.87032651901,4,1,2,0,0,0,0,9,19,93.37,Takalar,128000.0,ZNT
119.30634434480736,-5.4968712219827145,0.834518035252889,0.020110074015267473,0.8765432238578796,0.0,,0.26470908522605896,,,1294.201964212654,19935.278296752072,12502.921539688708,520.3614230453968,2207.2516175806522,1,0,0,0,0,0,0,1,1,93.37,Takalar,96000.0,ZNT
119.86043699652937,-3.134527632883633,0.9958863192134433,8.091660078468399,,0.02357398346066475,1.0,,,,372.99521934573005,4817.029689689526,4478.321328325834,2984.5820190906525,30261.149853765965,0,0,2,0,1,0,0,0,2,101.86,Tana Toraja,42286.0,ZNT
119.83112707025049,-3.10276521948592,0.9259259303410848,3.596621775954985,,0.02987264283001423,1.0,,,,120.99934955858733,2691.426227788158,2703.51560618891,5603.960005402565,36554.907257437706,0,1,2,1,1,0,0,3,4,101.86,Tana Toraja,163000.0,ZNT
119.88453364930224,-3.1869914465372453,0.6567195256551107,3.9143622945090266,0.8148148059844971,0.047099579125642776,0.6666666865348816,,,,174.608703381818,11147.300378479296,10798.40934744784,6315.080701589584,20155.144269645214,1,0,0,0,0,0,0,1,1,101.86,Tana Toraja,503000.0,ZNT
119.83055454470887,-2.6310204721742,0.13390489005380207,0.7071539037049855,,0.20269718766212463,,,,,9997.323944140202,38019.828928079965,37041.629913025914,171.40449532866478,1263.1940854415298,0,0,0,0,0,0,0,0,0,101.42,Toraja Utara,,ZNT
119.96789064677345,-2.898754385968822,0.5460690591070387,2.379498056245425,,0.01627027615904808,0.6666666865348816,,,,58.288558474566294,9682.927861236742,6380.659195610131,3937.4417794942856,25821.210330069065,0,0,0,0,0,0,0,0,3,101.42,Toraja Utara,424000.0,ZNT
119.77474464818245,-2.6823909796534333,0.6666666865348816,7.5675163763999285,,0.09385649114847183,0.6666666865348816,,,,6526.168731831555,34684.86912482724,34465.43263500074,270.6053266823292,1919.7035746201873,0,0,0,0,0,0,0,0,0,101.42,Toraja Utara,,ZNT
120.09726180782323,-4.113951878067933,0.7923681139945984,0.3941031695985194,0.75,0.0,,,0.33399999141693115,,60.210985549223444,48921.96881473355,7381.488327403514,2482.022147834301,17679.98990160227,0,0,0,0,0,0,0,0,0,95.59,Wajo,23000.0,ZNT
120.08317847267877,-3.9788061534161505,0.726150393486023,0.0,,0.0,,,,,64.052009665622,35833.937163349416,16177.127225999386,1610.2318368554115,13778.351767897606,0,0,0,0,0,0,0,0,1,95.59,Wajo,28993.0,ZNT
120.31998658834871,-4.070473113440341,0.8261628614531623,0.11414455107099046,0.7530864477157593,0.0,,,,,119.47107499382653,45132.73580624966,25690.840803804,1942.5599082708359,10695.676004171371,0,0,0,0,0,0,0,0,0,95.59,Wajo,23000.0,ZNT
122.05732771155716,-0.947777365809145,0.31268328924973804,2.638951658714362,,0.4372561275959015,,0.28320467472076416,,,252.8653569432224,44408.895451458644,65760.40323308014,100.17823790758848,735.7831113263965,0,0,0,0,0,0,0,0,0,96.92,Banggai,,ZNT
122.73799815962367,-0.8676384856730023,0.569588409529792,5.972954763253132,,0.7329021096229553,0.3333333432674408,,,,5573.128546631727,11337.41001353627,11904.21825125933,232.22950503230095,1806.1823153272271,0,0,0,0,0,0,0,0,0,96.92,Banggai,,ZNT
122.35570344767295,-1.3291809774707872,0.5798762904273139,2.1533266569687854,,0.4155522584915161,0.3333333432674408,,,,800.360566035932,64373.92226627298,16121.467761507418,582.6053630560637,4872.9593263193965,0,0,0,0,0,0,0,0,0,96.92,Banggai,,ZNT
123.88882807952477,-2.081708703462615,0.6690610316064622,2.177353280817219,,0.04748661443591118,0.6666666865348816,0.6882157921791077,,,7989.944250082124,54142.097179260374,63948.38693432935,645.4872210025787,1943.457992836833,0,0,0,0,0,0,0,0,0,98.33,Banggai Kepulauan,,ZNT
122.91166801487756,-1.484355939626528,0.5288655824131436,2.999871349394529,,0.5758522748947144,0.6666666865348816,,,,406.27287501199737,41759.28216166879,45660.49030273648,1130.304097443819,5771.4283365011215,0,0,0,0,0,0,0,0,0,98.33,Banggai Kepulauan,,ZNT
122.88340118164919,-1.586331059524749,0.6700550648901198,6.8226982312879505,,0.13136784732341766,0.3333333432674408,,,,552.0140239934822,49141.96598083386,49817.277274614404,958.7745114266872,3555.360628798604,0,0,0,0,0,0,0,0,0,98.33,Banggai Kepulauan,,ZNT
121.52863078029259,0.8581238834999605,0.9708489113383822,16.14596121151684,,0.9812908172607422,1.0,,,,9379.04435922168,38834.535227975255,36928.66321521583,137.93572340905666,869.1860515847802,0,0,0,0,0,0,0,0,0,92.03,Buol,,ZNT
121.13321831657649,1.123668433060694,0.9497802456219991,5.1216928037018645,,0.9996944069862366,0.3333333432674408,,,,7745.035101004678,33308.95596460911,32343.73833450487,142.25452426075935,849.1035510934889,0,0,0,0,0,0,0,0,0,92.03,Buol,,ZNT
121.62884486640034,0.9836812172619749,0.9428480797343783,7.8335360868166966,,1.0,0.3333333432674408,,,,5358.526081955029,32377.226003423944,31257.918387657173,216.16496405750513,1724.5014860928059,0,0,0,0,0,0,0,0,0,92.03,Buol,,ZNT
119.5958194582666,-0.9188800680791618,0.5687713159455193,1.7915441976586406,,0.09932233393192291,0.3333333432674408,,,,478.8151372574145,33012.21764368226,28196.41515472676,754.1837050914764,6231.977793842554,0,0,0,0,0,0,0,0,0,85.09,Donggala,21000.0,ZNT
119.89218698760631,0.07687966744979202,0.4580094748073154,0.8350569008529067,0.6000000238418579,0.5717732310295105,,,0.606284499168396,,231.54609959566426,77563.73211856069,88377.57931553602,1238.4036212265491,5225.88050276041,0,0,0,0,0,0,0,0,0,85.09,Donggala,,ZNT
119.47221741551918,-1.3570620526169086,0.4683838552898831,0.057408940743443104,,0.41296258568763733,,,0.5485179424285889,,46.14092236460319,77220.94543742813,64042.187282653125,1193.7620385885239,8363.617447823286,0,0,0,0,0,0,0,0,0,85.09,Donggala,,ZNT
122.02757055011706,-2.7867656266844767,0.6150172981950972,5.6584933600334395,,0.4581977128982544,1.0,,,,1124.8987067701032,34858.768820585436,35851.732155087324,249.69097347557545,2241.051357753575,0,0,0,0,0,0,0,0,0,104.46,Morowali,,ZNT
121.79675571104057,-1.5813948876354607,0.3333333432674408,0.6175124539282447,,0.12747050821781158,0.3333333432674408,,,,4443.720100977346,16804.355941814345,67078.60906998152,98.63742293789983,620.2294015698135,0,0,0,0,0,0,0,0,0,104.46,Morowali,,ZNT
121.5264559480761,-2.326674198249204,0.3333333432674408,6.904204765925265,,0.2616020739078522,0.3333333432674408,,,,4624.790499640622,25013.813378879684,28787.7475528948,140.82329414784908,787.9121166653931,0,0,0,0,0,0,0,0,0,104.46,Morowali,,ZNT
119.77917351078996,-0.8915294507990942,1.0,11.398087435602903,,1.0,1.0,,,,3447.8622982206043,15226.088590776968,7791.61110819811,775.5632792115211,8482.238898739219,0,0,0,0,0,0,0,0,0,84.32,Palu,,ZNT
119.93359279033751,-0.8497282464764759,0.7592657936943902,6.404663592411923,,0.8592236042022705,0.7230690717697144,,,,259.8942640576941,11465.442262306684,5447.90317154512,2537.774778008461,27602.748645067215,0,0,0,0,1,0,0,0,1,84.32,Palu,75809.0,ZNT
119.81959511078554,-0.8735102623836541,1.0,11.875329665158478,,1.0,1.0,,,,9.41013887051166,11285.47709213321,4384.193036521928,11741.688272476196,55949.94132602215,0,0,1,0,0,0,0,1,1,84.32,Palu,1099000.0,ZNT
120.31641900589949,0.5272983030820804,0.8616788850890266,6.204764409444032,,0.7520982027053833,1.0,,,,3059.986897370113,33539.504815715365,36718.06225305752,437.1735577136278,2770.141330346465,0,0,0,0,0,0,0,0,0,86.77,Parigi Moutong,,ZNT
120.13319464354021,0.35607571383993486,0.8108852240774367,6.813863076331363,,0.5143086910247803,1.0,,,,4774.269049928125,42978.20884126456,64462.42889164575,320.2974169701338,2038.1542562246323,0,0,0,0,0,0,0,0,0,86.77,Parigi Moutong,,ZNT
121.03216123882648,0.5181937440433446,0.6044181320402358,4.06696864677839,,0.39457041025161743,0.6666666865348816,,,,699.8505559675344,62867.068229050805,12122.709344539431,1205.767448604107,7260.433837667108,0,0,0,0,0,0,0,0,0,86.77,Parigi Moutong,,ZNT
120.44187070323117,-1.2187671323095755,1.0,6.710065374298072,,0.9661678075790405,1.0,,,,2817.9677777370716,40475.621324533065,39769.58249148426,246.7542503029108,1570.6592306941748,0,0,0,0,0,0,0,0,0,95.51,Poso,,ZNT
120.76163343807306,-2.009035994475808,0.7737439804606967,4.659785629528021,,0.8118343949317932,0.9539044499397278,,,,2650.2801755994064,64499.07082778178,30555.95276016188,678.3756875097752,5140.914626955986,0,0,0,0,0,0,0,0,0,95.51,Poso,,ZNT
120.58260246965935,-1.1641886807920137,0.922085788514879,0.29147225676637906,0.7777777910232544,0.9876278638839722,,,0.6660000085830688,,277.15622834109377,32422.94843570514,31265.67029915273,2862.3715174794197,7893.151479750872,0,0,0,0,0,0,0,0,0,95.51,Poso,,ZNT
119.74397208129574,-1.486372445816194,1.0,14.56460645870689,,0.3384251296520233,1.0,,,,1815.6385718973195,79608.35491166811,57093.090895092435,169.67080546170473,984.1847382336855,0,0,0,0,0,0,0,0,0,80.04,Sigi,,ZNT
119.81274932576582,-0.9246578231605727,1.0,17.310919087693787,,1.0,1.0,,,,697.0025021855898,16899.86017921453,4844.807152345385,2596.9207633137703,53093.64145115018,0,0,1,0,0,0,0,0,1,80.04,Sigi,91170.0,ZNT
120.04485012742767,-0.9892001977134093,0.9620735115475125,9.383359122432584,,0.7103264331817627,1.0,,,,5146.609751012975,31221.992557054928,12895.397822865394,363.81349842250347,2301.932872802019,0,0,0,0,0,0,0,0,0,80.04,Sigi,,ZNT
121.78026524661578,-1.0760341171609262,0.3333333432674408,5.521769942652797,,0.2146071344614029,0.3333333432674408,,,,4370.276103033494,22583.367119989238,85249.14418814151,148.03429149836302,943.8797766193748,0,0,0,0,0,0,0,0,0,85.15,Tojo Una-Una,,ZNT
121.74027743454548,-1.1444060838488035,1.0,13.998323036060118,,0.3706313967704773,1.0,,,,10763.453344067966,27279.011272461084,87239.9638950841,148.71537321060896,927.1671479679644,0,0,0,0,0,0,0,0,0,85.15,Tojo Una-Una,,ZNT
121.53640904445092,-0.8848320396385676,0.6946244835853577,1.4474044123251695,0.6888889074325562,0.710601806640625,,,0.6480956077575684,,383.10515513817364,5403.705599344076,102524.89228115746,2177.108391702175,10252.383270263672,6,0,0,0,0,0,0,7,17,85.15,Tojo Una-Una,20000.0,ZNT
120.31394538242412,0.9107199786950331,0.6054266028934054,4.113415678678675,,0.8303598761558533,0.3333333432674408,,,,1944.2033784745786,29980.230354063853,27509.948287933454,645.5946593433619,4263.713636621833,0,0,0,0,0,0,0,0,0,90.17,Toli-Toli,10000.0,ZNT
121.01130028410373,0.9478837420834505,0.7850872741805183,3.0920439399082156,,0.8493419289588928,0.6666666865348816,,,,5437.544743925184,24651.735973924842,23084.62669423526,178.3455276042223,1096.4150932505727,0,0,0,0,0,0,0,0,0,90.17,Toli-Toli,,ZNT
120.7373998883125,0.8271962589659333,0.6688280238045586,2.15587652124679,,0.8362826108932495,0.3333333432674408,,0.4423621594905853,,972.5562703634015,24678.023195721373,22642.09324500493,881.3489896655083,6447.51304230094,0,0,0,0,0,0,0,0,0,90.17,Toli-Toli,4000.0,ZNT
122.70765946603875,-5.335298758970895,0.5666260057025485,0.0,,0.03203855827450752,0.3333333432674408,,0.4473821818828583,,488.52878939280413,10748.190553469349,938.3043273953614,3273.802723824978,14658.745624274015,1,1,2,0,0,0,0,2,5,94.08,Bau-Bau,23000.0,ZNT
122.69411105240926,-5.484572037652852,0.308774181538158,0.0,,0.19560830295085907,,,,,24.096731471645192,9253.569153298946,7732.807502592034,5909.810941696167,20297.19530081749,4,0,0,0,0,0,0,4,6,94.08,Bau-Bau,50000.0,ZNT
122.67223904873886,-5.36428674214846,0.6254787776205275,0.0,,0.03486108034849167,0.3333333432674408,,,,592.2123220554357,6253.997064798182,2697.312687721061,3457.3026636838913,23772.02395236492,0,1,9,0,0,0,0,4,20,94.08,Bau-Bau,48000.0,ZNT
121.54975881469217,-4.575033651639204,0.7480684220790863,1.85572266825497,1.0,0.0,0.3333333432674408,,,,295.95271234348803,55634.92582632586,55570.661668163964,1271.6867522895336,6335.305720731616,0,0,0,0,0,0,0,0,0,93.09,Bombana,2000.0,ZNT
121.97928850740422,-4.677055619858129,0.6117898556921217,2.020426104761068,1.0,0.0,,,,,165.1152853944831,14204.311341293618,15789.506471331157,2005.0455621480942,11202.82709363103,0,0,0,0,0,0,0,0,0,93.09,Bombana,13000.0,ZNT
121.94512693503783,-5.444994230941612,0.6764801343282064,2.112896307043728,,0.0,,0.5410264730453491,,,2234.0905844420226,12375.635443457293,42588.206369437234,675.8809862434864,2882.620183095336,0,0,0,0,0,0,0,0,0,93.09,Bombana,4500.0,ZNT
122.70973995485063,-5.530731045108595,0.4647320078478919,0.0,,0.14808543026447296,0.3333333432674408,,,,1803.1141803885216,13320.060712776793,6506.603478375888,1112.7202916145325,10412.436304241419,0,0,0,0,0,0,0,0,1,95.37,Buton,,ZNT
122.44708730545675,-5.390084420257637,0.8479174441761441,0.0,0.3333333432674408,0.048185087740421295,,,,,127.7833422980572,17452.23731477767,15265.583354070028,3053.89746594429,8073.84186309576,0,0,0,0,0,0,0,0,0,95.37,Buton,8000.0,ZNT
122.77276555028774,-5.1875510109343255,0.7915413644578722,0.0,,0.11697438359260559,,,,,5236.396475765525,26425.34964059868,18876.891888858212,425.945459485054,2524.2360254377127,0,0,0,0,0,0,0,0,0,95.37,Buton,,ZNT
123.13692756290747,-4.503905011086694,0.6549742884106107,8.641536119481314,,0.09084521234035492,0.9539044499397278,,,,479.3880669605342,26231.028511906497,27510.742161745304,109.0065937191248,632.6637049540877,0,0,0,0,0,0,0,0,0,95.94,Buton Utara,120000.0,ZNT
122.92746934479378,-4.8203977242311495,0.26326292090945774,6.978512605240901,0.7407407760620117,0.17817407846450806,,,,,4631.736184600854,14142.414473996503,18352.02199540587,212.24071799218655,1499.3987206220627,0,0,0,0,0,0,0,0,0,95.94,Buton Utara,,ZNT
122.93681892579096,-4.9455634988705,0.3333333432674408,4.879027637595446,,0.038357652723789215,0.3333333432674408,,,,1212.6295192350235,13391.216252775104,16796.354813584185,549.8347043395042,3090.0181988477707,0,0,0,0,0,0,0,0,2,95.94,Buton Utara,,ZNT
122.49976950271476,-4.029741015974183,0.7760497397846646,0.13877536033792368,0.7777777910232544,0.16580258309841156,,,,,46.02707128275174,4692.47881412249,947.3078647041734,36425.953974723816,177945.29626232386,11,4,5,0,0,0,0,9,21,86.1,Kendari,2094000.0,ZNT
122.56766020370655,-3.9850076993352785,0.8055087924003601,0.34756269832790065,0.8333333730697632,0.27269890904426575,,0.7291659712791443,,,5.237759538619152,1880.8943037927938,1873.6841565693267,21980.784596443176,145319.02903425694,7,3,6,4,4,0,0,14,21,86.1,Kendari,1981000.0,ZNT
122.49392599896792,-4.0537136091294075,0.5594763424661424,1.2418711687191475,,0.12506119906902313,,,,,172.91721389423674,6998.063072974592,2299.0064294358094,12081.966568112373,82342.05938011408,7,2,4,0,0,0,0,5,7,86.1,Kendari,103000.0,ZNT
121.57178435167798,-3.8813483823380355,0.3333333432674408,8.649170877373876,,0.0,0.3333333432674408,,,,6329.122146613631,19712.190648652962,19340.56723437572,274.56054716557264,1775.7893677651882,0,0,0,0,0,0,0,0,0,86.59,Kolaka,,ZNT
121.89782662009269,-4.299862069032052,0.6126699083381228,0.1742576148885392,0.5802469253540039,0.012274724431335926,,,,,13.276498765358976,36630.09398139751,40253.39365752645,2205.5813630223274,13284.974923223257,0,0,0,0,0,0,0,0,0,86.59,Kolaka,15000.0,ZNT
121.46146820597906,-3.8369623100276877,0.3333333432674408,6.6538986973049195,,0.0,0.3333333432674408,,,,8829.405339071558,28145.175498013883,28351.962410934593,195.92637526243925,1415.7456571161747,0,0,0,0,0,0,0,0,0,86.59,Kolaka,,ZNT
121.00336257333483,-3.531911356970028,1.0,34.47526010237831,,0.0,1.0,,,,4464.279204831936,18385.29018182593,11061.797803697107,663.4031643867493,4159.374305918813,0,0,0,0,0,0,0,0,0,87.39,Kolaka Utara,,ZNT
121.09229914614271,-3.096762737850346,0.608881672223409,1.990806838215716,,0.007373119238764048,0.6666666865348816,,,,498.1996961018436,41960.11898066354,60444.71046223047,2912.5327042341232,15732.647392868996,0,0,0,0,0,0,0,0,0,87.39,Kolaka Utara,79000.0,ZNT
120.98538306075687,-3.3669067756618425,0.8137382003996108,0.0,,0.0,1.0,,,,714.3617726973089,12065.059656991918,29175.50785556259,1102.1801897883415,8631.209019988775,0,0,0,0,0,0,0,0,0,87.39,Kolaka Utara,76000.0,ZNT
121.50134852690952,-3.0398797085236104,0.3333333432674408,14.094051108582686,,0.03805902600288391,0.3333333432674408,,,,6690.8090261649795,25827.528935757942,59237.29101503224,48.63587674126029,314.7525291778147,0,0,0,0,0,0,0,0,0,86.55,Konawe,,ZNT
121.57448078406307,-2.997210648379082,0.3333333432674408,9.774832168532539,,0.18403632938861847,0.3333333432674408,,,,3100.2136473633723,20236.63701579388,57519.39634380903,66.86624018847942,481.0984424762428,0,0,0,0,0,0,0,0,0,86.55,Konawe,,ZNT
122.20953927470025,-3.983872151228732,0.6715301209025912,0.06600906714933244,0.5802469253540039,0.13782261312007904,,,0.18379229307174683,,2.274504312988772,33550.35871019078,10393.438763232638,1663.8960830569267,10281.513520687819,0,0,0,0,0,0,0,0,0,86.55,Konawe,28000.0,ZNT
122.16696670568473,-4.208613112260191,0.47138261132770115,0.4128737286314223,,0.049648284912109375,,,,,4.65671462029297,41649.27925175921,32456.488376359866,464.1027142703533,4070.537880435586,0,0,0,0,0,0,0,0,0,91.52,Konawe Selatan,22000.0,ZNT
122.20808970296474,-4.331744309509671,0.6936546034283109,1.2702237600640958,0.644444465637207,0.020135954022407532,,,,,246.680049040266,30402.485045517005,44706.602922623555,1556.8772406578064,10808.169834911823,0,0,0,0,0,0,0,0,0,91.52,Konawe Selatan,38000.0,ZNT
122.30564625902743,-4.351432582486151,0.7424417171213362,0.21731137432174003,0.9259259104728699,0.04003487899899483,,,,,163.9824369606141,19836.748114803187,40115.716512062405,3747.0376665592194,15632.656043887138,0,0,0,0,0,0,0,0,0,91.52,Konawe Selatan,8000.0,ZNT
122.13483866476399,-3.3215715224545073,0.6816311279932658,0.12911723583513307,0.7037037014961243,0.0643712505698204,,,0.38898950815200806,,577.0652338502358,31761.81321405021,24724.132642508488,268.4760377407074,1250.417067848146,0,0,0,0,0,0,0,0,0,93.79,Konawe Utara,7500.0,ZNT
122.16691673938035,-3.728110591204052,0.3333333432674408,7.975907149104374,,0.006164519116282463,0.3333333432674408,,,,5925.328738057695,47294.60001651824,18771.867539314855,312.61206701397896,1902.5623764172196,0,0,0,0,0,0,0,0,0,93.79,Konawe Utara,,ZNT
122.3740402237653,-3.776261504851439,0.45377589927779305,1.7985273949122285,,0.04697135463356972,0.3333333432674408,,,,1655.5134306406894,27145.132471366822,20592.870276575613,175.22404101490974,1380.2491069249809,0,0,0,0,0,0,0,0,0,93.79,Konawe Utara,6000.0,ZNT
122.8719686599624,-4.857937373078698,0.3333333432674408,11.020030027319343,,0.07097545266151428,0.3333333432674408,,,,1370.5166010899013,6733.96784401026,17222.739839551483,270.70564290881157,2166.210097171366,0,0,0,0,0,0,0,0,0,88.05,Muna,1000.0,ZNT
122.67650613687746,-4.962626602085124,0.4720039864381154,0.7798894460723893,,0.09902090579271317,,,,,255.5965161668954,13097.71169538557,13192.572708754771,631.1488473117352,4459.557183891535,0,0,0,0,0,0,0,0,0,88.05,Muna,2000.0,ZNT
122.46569215170524,-5.190660084672763,0.7954866025182936,0.0,,0.022894149646162987,,,,,1215.2170880562628,22872.61351518846,13896.760232519366,1263.3008198440075,8622.201078027487,0,0,0,0,0,0,0,0,0,88.05,Muna,5000.0,ZNT
123.53640629315639,-5.301084288542585,0.4741751551628113,2.113190773391465,,0.2187509387731552,,,,,178.85728107568661,2844.6152760342734,66119.65436080581,4717.557290434837,16526.89802622795,0,0,0,0,1,0,0,0,0,105.7,Wakatobi,302000.0,ZNT
123.93713400194875,-5.757804458929508,0.4828533993826972,4.7091320574472615,,0.00048173655522987247,,,,,497.03154563019837,5615.436753333759,2117.2096262671557,2609.7215692400932,10743.484991788864,3,1,1,0,0,0,0,3,3,105.7,Wakatobi,82000.0,ZNT
123.59205268798557,-5.291949441536708,0.7867589725388421,3.4385698365918804,0.9753086566925049,0.17166070640087128,,,,,1176.2794317733792,7457.314784563759,63473.08428071284,1854.2179837226868,12974.248509824276,0,0,0,0,0,0,0,0,0,105.7,Wakatobi,309000.0,ZNT
125.11906177161094,1.4769501973533357,0.6666666865348816,4.314863928341364,,0.33753275871276855,0.6666666865348816,,,,733.6523490365204,5268.106825966246,4114.402778393974,8456.561584234238,76503.96850442886,0,0,1,0,0,0,0,0,0,96.3,Bitung,57000.0,ZNT
125.22420972831151,1.4858400349700212,0.6000000238418579,6.651730121584031,,0.4258582293987274,0.3333333432674408,,,0.6000000238418579,777.0899680503373,5656.369168298106,6212.764248201926,5233.905180692673,37747.87395679951,0,0,0,0,0,0,0,0,0,96.3,Bitung,57000.0,ZNT
125.22359963902842,1.5068516465337314,1.0,9.457115297657902,,0.7693122029304504,0.3333333432674408,,,1.0,387.5765509251809,7771.778689526738,8039.417333661098,4279.291091680527,20601.25549697876,0,0,0,0,0,0,0,0,0,96.3,Bitung,136315.5,ZNT
124.12213793648718,0.807175832958488,1.0,1.695609012291264,,0.41564446687698364,1.0,,,,2994.9618253756894,12753.618232598894,12569.565318889792,644.3022654354572,5522.153728932142,0,0,0,0,0,0,0,0,0,95.73,Bolaang Mongondow,24873.5,ZNT
124.27522452514208,0.8421792302107507,0.3961012032296922,15.19418232021876,,0.6452154517173767,0.3333333432674408,,,,4113.561079544323,11691.509430169943,11477.514381656592,306.08300191164017,2427.8099193573,0,0,0,0,0,0,0,0,0,95.73,Bolaang Mongondow,,ZNT
124.17764606061877,0.8576916298624039,0.5251213113466898,19.001653928337266,,0.7216305136680603,0.3333333432674408,,,,1822.8652586895466,11312.797969747511,10937.348211022796,841.5200344622135,6461.01639854908,0,0,0,0,0,0,0,0,0,95.73,Bolaang Mongondow,22000.0,ZNT
123.78253896027942,0.370892071485979,0.6296410295698378,20.424924825563906,,0.7357620000839233,0.3333333432674408,,,,4576.573653663813,25800.561938302784,22117.85161642074,300.78388921916485,2477.4854248911142,0,0,0,0,0,0,0,0,0,92.83,Bolaang Mongondow Selatan,,ZNT
123.89375919780318,0.4112656592527889,0.4145556158489651,9.730304938701154,,0.4807627201080322,0.3333333432674408,,,,3655.03624597442,14235.498144175093,9625.128566567611,261.5513141229749,2027.0775611028075,0,0,0,0,0,0,0,0,0,92.83,Bolaang Mongondow Selatan,,ZNT
124.431143210818,0.4622332406920465,0.43107206953896415,4.788298227147718,,0.49442267417907715,0.3333333432674408,,,,129.49598502814507,1423.5044145605937,1237.0992708787164,891.6481014490128,3061.913813918829,4,2,2,8,8,1,1,1,1,92.83,Bolaang Mongondow Selatan,16000.0,ZNT
124.54810590829702,0.6433111921127574,0.4608670208189223,10.01885681207215,,0.45222941040992737,0.3333333432674408,,,,331.7251090090342,2295.356647343844,23286.181073274958,1009.854807972908,5136.26733019948,0,0,0,0,0,0,0,0,0,98.86,Bolaang Mongondow Timur,12500.0,ZNT
124.38636433607762,0.6807953602843552,0.8071453505092197,0.402843149556057,,0.49350088834762573,1.0,,,,1132.2015384501433,13168.37699182056,9005.358167966813,799.9636062979698,8976.808302730322,0,0,0,0,0,0,0,0,0,98.86,Bolaang Mongondow Timur,4000.0,ZNT
124.51243872817912,0.7787750631142053,0.9111707210540771,7.898307275809427,,0.7233015894889832,1.0,,,,480.730984352211,11394.8386013138,16591.866781460318,565.8148292601109,4094.1901798695326,0,0,0,0,0,0,0,0,0,98.86,Bolaang Mongondow Timur,6500.0,ZNT
123.65977150918148,0.7429056887650088,0.6656096776326498,3.0538248133543062,,0.7107027769088745,0.3333333432674408,,,,8611.187323753307,19798.931438080395,41246.62794161484,145.6135551929474,1018.401515558362,0,0,0,0,0,0,0,0,0,93.08,Bolaang Mongondow Utara,,ZNT
123.52664724872493,0.8195734663460607,0.8968605862723457,6.095439733123989,,0.9850718379020691,1.0,,,,331.17995313786327,7114.886071019797,26909.556409059143,581.7331582307816,4358.534423850477,0,0,0,0,0,0,0,0,0,93.08,Bolaang Mongondow Utara,14500.0,ZNT
123.3797402367608,0.7246210832423455,0.9954553180270724,13.695928575497017,,0.9939565062522888,1.0,,,,4041.8001593889558,25378.84935625886,21450.24257296838,131.04979761317372,750.0478611961007,0,0,0,0,0,0,0,0,0,93.08,Bolaang Mongondow Utara,,ZNT
125.42640350592269,3.71996416433272,0.41117871801058453,8.151054752225958,,0.4237520396709442,0.3333333432674408,,,0.6000000238418579,938.0903747477274,34654.6474745041,142346.9624099946,1537.9340069890022,6490.423316419125,0,0,0,0,0,0,0,0,0,110.81,Kepulauan Sangihe,48000.0,ZNT
125.4520048645746,3.6980379806306534,1.0,15.606136436478572,,0.3576817810535431,1.0,,,1.0,2539.3595455996115,31335.13549439466,140144.3355451532,2086.4215095043182,10918.902988255024,0,0,0,0,0,0,0,0,0,110.81,Kepulauan Sangihe,27000.0,ZNT
125.60424368935738,3.4759560090476653,0.744082596566942,3.0302114585027766,,0.5804802775382996,0.6666666865348816,,,,631.6939968039217,7647.833397562832,132685.73940898542,734.2013021707535,7809.34201619029,0,0,0,0,0,0,0,0,0,110.81,Kepulauan Sangihe,47000.0,ZNT
126.77874196425573,4.109891035739802,0.9971785015530057,2.5738253872001384,,1.0,0.5366355776786804,,,,2628.384393061461,13424.360704585704,16483.307459546584,699.7529227137566,5774.266073212028,0,0,0,0,0,0,0,0,0,119.86,Kepulauan Talaud,,ZNT
126.87394719096191,4.3280165312051935,0.8930835872888565,1.1200294536432625,0.5185185074806213,0.9167846441268921,,0.7461140155792236,,,27.46193457117385,10357.55743267058,42377.91457318813,1562.565628170967,4880.8512996435165,0,0,0,0,0,0,0,0,0,119.86,Kepulauan Talaud,,ZNT
126.67394203174432,3.935093460235119,0.9993411170111762,4.023367721996635,,1.0,0.3333333432674408,,,,808.7618525860375,1707.7745429424695,7306.309135679543,2229.120761036873,8300.706954836845,0,0,0,0,0,0,0,0,0,119.86,Kepulauan Talaud,,ZNT
124.29454495995817,0.7354880659340327,0.9560011095470853,0.7314893323078762,0.6666666865348816,0.9864582419395447,,,0.3330000042915344,,110.8565724201027,1379.8036722436127,2369.1545166016335,45636.34344911575,136914.45408433676,1,3,5,1,1,0,0,0,0,98.74,Kotamobagu,109000.0,ZNT
124.2890151377317,0.7198061691690546,0.8404259218109978,0.7538765348576907,,0.927923321723938,,,0.3155924379825592,,17.213083939217366,2082.0088852306267,2391.22504644325,33223.71615791321,132382.87861776352,1,1,5,1,1,0,0,0,0,98.74,Kotamobagu,125500.0,ZNT
124.31136123900622,0.7256236163642188,0.93642082479265,1.3425162661917933,,0.9991992115974426,,,0.3330000042915344,,5.954428374175887,3484.8210407165234,1767.4497909641723,61678.11545944214,135746.72166132927,1,5,5,0,1,0,0,0,0,98.74,Kotamobagu,470500.0,ZNT
124.86253333614042,1.4587053948017326,0.3096396144893434,1.1116793296938015,,0.22779777646064758,0.3333333432674408,,,,89.10542983531573,2006.4606697130826,1540.5750958088609,41572.94702529907,264294.2687191963,4,8,13,2,8,0,3,8,22,102.87,Manado,342000.0,ZNT
124.81531390376237,1.4386594131305228,0.4186429778734843,5.422464734938224,,0.5602259039878845,0.3333333432674408,,,,123.21493731777116,1757.515416104094,1936.3337264915776,31112.752105236053,170748.31264138222,2,2,7,2,6,0,1,1,10,102.87,Manado,205000.0,ZNT
124.88365291585993,1.5378380216927767,0.8180575172106425,0.6384340933102675,,0.8459586501121521,,,,,60.784229050314835,4021.7736247748826,4159.984094683242,13925.690003871918,137038.00236058235,0,0,3,0,3,0,0,1,6,102.87,Manado,565000.0,ZNT
124.81752409174533,1.4294043101444847,0.5009704497125413,4.907417355883323,,0.7395616173744202,0.6666666865348816,,,,435.7316980332101,2474.497608365438,2971.4096528762857,19958.225588321686,160007.74491608143,0,1,5,0,5,0,0,0,11,102.36,Minahasa,431000.0,ZNT
124.75337412053081,1.2325197096008271,0.4459130499098036,2.57796505064113,,0.4771488904953003,1.0,,,0.20000000298023224,1093.4185117932461,12977.11726411595,8856.654880672104,4169.206279873848,39376.466626405716,2,0,0,0,0,0,0,0,4,102.36,Minahasa,22000.0,ZNT
124.9456596118644,1.1411703026389022,0.6666666865348816,3.9897500498373417,,0.4453701674938202,0.6666666865348816,,,,419.42575685467176,11855.694895306191,12042.28906857646,2334.4914059638977,12642.344644963741,0,0,0,0,0,0,0,0,0,102.36,Minahasa,,ZNT
124.54563461285724,0.969342333931924,0.430244031879637,5.685726938310345,,0.5312620997428894,0.3333333432674408,,,,1813.925754566106,20111.707096748265,10410.194424769581,980.7728173732758,8766.961086153984,0,0,0,0,0,0,0,0,0,99.0,Minahasa Selatan,,ZNT
124.65992928273506,1.156625431832845,0.6666666865348816,3.0079109518265597,,0.45944371819496155,0.6666666865348816,,,0.30000001192092896,4590.23223151442,10286.0439442272,10215.940078262602,630.8930038809776,6062.007439792156,0,0,0,0,0,0,0,0,0,99.0,Minahasa Selatan,,ZNT
124.55942645357533,1.0101501103075496,0.379231505923801,5.693895134883587,,0.43111786246299744,0.3333333432674408,,,,161.56751005310437,18908.06019845411,14416.5384620992,1892.5229800343513,9886.676323622465,0,0,0,0,0,0,0,0,0,99.0,Minahasa Selatan,,ZNT
124.82832979960543,1.0810682346176315,0.7492100728882684,3.710817481243252,,0.48866987228393555,0.6666666865348816,,,,389.48808956639135,4462.9426051126675,5159.905024953602,2115.033072113991,19779.439694821835,3,0,0,0,14,0,0,0,1,95.88,Minahasa Tenggara,8000.0,ZNT
124.86233267598728,0.9941905845087091,0.5675762361950345,2.2201381797594237,,0.36555802822113037,0.6666666865348816,,,,432.36565166508615,3549.3232507374596,15524.536205374301,2562.5932163596153,10566.999934315681,1,0,0,0,0,0,0,0,0,95.88,Minahasa Tenggara,8000.0,ZNT
124.86646166334667,1.0733798544633495,0.7027811838520898,2.85122793211045,,0.462100088596344,0.6666666865348816,,,,357.747242866105,7734.233738968609,8493.513417025868,3514.1716685295105,13645.381139397621,1,0,0,0,0,0,0,1,1,95.88,Minahasa Tenggara,8000.0,ZNT
125.0033162710162,1.3404327399578413,0.814814825852712,7.574479172328466,,0.3160775899887085,1.0,,,,59.195046728293505,7293.772012379287,6751.3023384614235,805.3923362493515,6266.30192309618,0,0,0,0,0,0,0,0,0,102.83,Minahasa Utara,26000.0,ZNT
125.095788229404,1.8785036546819194,0.4268253644307454,2.8235601207926027,,0.25233742594718933,0.3333333432674408,0.8868778347969055,,,503.50569643361655,5901.827525169597,42750.56712565841,189.38105955719948,1037.4487292468548,0,0,0,0,0,0,0,0,0,102.83,Minahasa Utara,,ZNT
124.98939355577893,1.3266909543806709,0.7855632503827413,10.279837937801004,,0.4349100887775421,1.0,,,,2085.45916918656,5477.800249715125,8337.882156516831,880.6531413197517,5731.675925910473,0,0,0,0,0,0,0,0,0,102.83,Minahasa Utara,48000.0,ZNT
125.4310523850027,2.8054708104475736,0.9249082307020823,8.392154670021398,,0.5828168392181396,1.0,1.0,,0.6000000238418579,42.94774594746674,8242.736684973563,152113.47576872705,817.2256577014923,9361.170804262161,0,0,0,0,0,0,0,0,0,112.2,Siau Tagulandang Biaro,,ZNT
125.41548690173404,2.7343253905705738,0.5422031916677952,4.473131554066349,,0.517011821269989,0.7436553239822388,1.0,,0.44999998807907104,0.4948054231936641,190.80826302414144,144134.04932616433,4255.6134877204895,16114.482528924942,3,0,0,0,0,1,1,0,0,112.2,Siau Tagulandang Biaro,,ZNT
125.39753440180631,2.779274955068391,1.0,24.59017189000615,,0.3377480208873749,1.0,,,1.0,1948.4708164334693,4579.125773514824,148043.84223892333,5507.352869153023,17545.321984887123,0,0,0,0,0,0,0,0,0,112.2,Siau Tagulandang Biaro,,ZNT
124.7501416989324,1.3377909107414065,0.44545010725657147,6.7148715324698784,,0.5327320694923401,0.3333333432674408,,,0.10000000149011612,547.4941267139739,9356.26765642038,7859.003851092966,3578.624779343605,25388.886771023273,0,0,0,0,0,0,0,0,0,101.2,Tomohon,138488.0,ZNT
124.75410902590413,1.3396767470101203,0.43074161807696026,7.547431206017285,,0.475008487701416,0.3333333432674408,,,0.10000000149011612,890.635797790965,8889.27595551249,7627.151687476913,3303.4690968990326,25951.358239471912,0,0,0,0,0,0,0,0,0,101.2,Tomohon,138488.0,ZNT
124.83922381281995,1.3645382487849402,0.5113209353552924,8.435654463013647,,0.4181423485279083,0.6666666865348816,,,0.6000000238418579,143.9195159503043,1667.3552213992143,4168.341345829442,13985.837823033333,65997.52994936705,11,0,1,0,0,0,0,8,17,101.2,Tomohon,333000.0,ZNT
99.90230980948282,-0.1682435609998661,0.824805286195543,0.1944283186153574,0.6172839403152466,0.9128931164741516,,,0.6549773812294006,,335.33812589080367,43768.16266070821,21585.002498085698,1551.7942714691162,8523.136900544167,0,0,0,0,0,0,0,0,0,90.76,Agam,13000.0,ZNT
99.88160998445676,-0.20990488579951255,0.8133260276582506,0.0640814475290637,0.5308642387390137,0.9277777671813965,,,0.623553991317749,,1116.3164610271847,46791.02924225948,20208.692916700293,847.0009515583515,6905.697660446167,0,0,0,0,0,0,0,0,0,90.76,Agam,13500.0,ZNT
100.36891025842013,-0.2108593947935366,0.9477588733037313,1.984991344753119,,0.9871339797973633,1.0,,,,917.2980454347521,10213.883229553696,9879.03610609699,2093.0167992711067,23704.167376756668,0,0,0,0,1,0,0,0,0,90.76,Agam,687949.0,ZNT
100.39169177493899,-0.2943737132139402,0.9981762170791626,0.5177529299746387,0.7777777910232544,1.0,,,,,23.704317329912843,2047.8973246131584,1723.662292843687,44761.43078804016,179456.9146952629,11,9,10,7,8,1,1,11,13,93.82,Bukittinggi,2026000.0,ZNT
100.37251614218658,-0.3159891550866627,0.99728614754147,1.9051296171344771,,1.0,0.2729538381099701,,,,16.230203779611237,737.3779992100605,310.281374773505,40992.87277650833,155913.44212591648,99,10,11,7,7,1,1,9,13,93.82,Bukittinggi,2555000.0,ZNT
100.39489997288561,-0.2941357518872787,0.999573700957828,0.5510159869156628,,1.0,,,,,24.114540241480274,1690.187197736678,1788.817083365714,40667.33014011383,178974.72365236282,8,2,10,4,8,0,1,9,13,93.82,Bukittinggi,2026000.0,ZNT
101.4472331626646,-1.1185549309911087,0.6028213368521796,0.47006994010352254,0.9111111164093018,0.33801066875457764,0.3333333432674408,,,,2357.435295219319,73421.05575962982,59345.55901818863,634.881015792489,2446.680576071143,0,0,0,0,0,0,0,0,0,97.3,Dharmasraya,7000.0,ZNT
101.55627269168922,-0.9169739505956552,0.3333333432674408,2.005767544772549,,0.05178153142333031,0.3333333432674408,,,,1692.8692814261306,88416.03312780503,41874.898192223736,526.4703716933727,5674.144409835339,0,0,0,0,0,0,0,0,0,97.3,Dharmasraya,11000.0,ZNT
101.8029999503833,-1.0811047528034616,0.6604316764407687,0.19259082265033192,0.7592592835426331,0.30292773246765137,,,,,144.0583213924697,95954.18412395073,34451.79962787426,1625.6459511220455,10610.762103259563,0,0,0,0,0,0,0,0,0,97.3,Dharmasraya,23000.0,ZNT
100.08253532662516,-2.7518554393038808,1.0,0.9108513899326579,0.7777777910232544,1.0,0.6666666865348816,,,,895.2929437495172,73998.50322430824,125509.63750017324,76.75950144603848,667.7921825163066,0,0,0,0,0,0,0,0,0,117.65,Kepulauan Mentawai,,ZNT
98.96955652014645,-1.1466962973489667,1.0,0.2260810708324844,0.7037037014961243,1.0,,,,,1122.5130736137717,140008.12943107873,56730.03957164076,191.66950301826,1060.3793233316392,0,0,0,0,0,0,0,0,1,117.65,Kepulauan Mentawai,,ZNT
99.82301484280254,-2.3586493013796614,1.0,1.9389195481286465,,1.0,0.3333333432674408,1.0,,,266.7007257063553,21698.464332298357,108619.5212208886,469.40179511904716,1565.302079230547,0,0,0,0,0,0,0,0,0,117.65,Kepulauan Mentawai,10000.0,ZNT
100.60498686161752,-0.7978431393243687,1.0,13.36138784903136,,1.0,0.3333333432674408,,,,457.1708223483782,5718.340546789182,6482.792949673505,2847.378445625305,31756.725127846003,0,0,0,0,0,0,0,0,0,91.72,Kota Solok,812500.0,ZNT
100.66933251874197,-0.7590075657988822,0.9950272507137723,0.9839480766760884,,0.9999611973762512,0.3333333432674408,,,,218.19124620750236,3496.6626482579463,3459.2538038879024,6264.788192987442,56901.51073330641,0,0,3,0,0,0,0,0,0,91.72,Kota Solok,83500.0,ZNT
100.6063139525336,-0.7813058927820795,1.0,4.948484909866522,,1.0,0.3333333432674408,,,,213.69883114571726,5484.322509503056,6331.134942457304,3617.8706068992615,36547.40325844288,0,0,0,0,0,0,0,0,1,91.72,Kota Solok,190500.0,ZNT
100.48491926155648,-0.08904971222367897,0.9549898041619195,8.774649047966426,,0.6880795955657959,1.0,,0.665165901184082,,230.0451906275296,3494.010384878452,17856.678458125105,2764.589168548584,16066.520979881287,0,0,0,0,0,0,0,0,1,89.8,Lima Puluh Kota,43500.0,ZNT
100.62132859828527,-0.1438766481198591,0.3333333432674408,14.724852833188502,,0.13030168414115906,0.3333333432674408,,,,663.2902834808311,3858.7280580044057,6519.449168469316,2846.220209479332,32177.51482474804,0,0,0,0,0,0,0,0,0,89.8,Lima Puluh Kota,27000.0,ZNT
100.72512843212932,0.18353931673591184,0.712962978416019,2.3382481077549535,,0.19151276350021362,0.6666666865348816,,,,4230.49377523306,40433.65712993645,38103.50630855309,525.7384050190449,4833.781283557415,0,0,0,0,0,0,0,0,0,89.8,Lima Puluh Kota,33000.0,ZNT
100.41248806830059,-0.8739844122313107,0.8702215817239549,7.1289725491777425,,0.614067554473877,1.0,,,,306.05526602038066,6924.573960584789,2089.305508410865,17107.762484788895,122158.03904390335,1,2,3,0,0,0,0,1,2,94.41,Padang,43000.0,ZNT
100.42800381276012,-0.9126236182540726,0.9263286656803555,7.8553663994281555,,0.9843045473098755,1.0,,,,406.82493322603875,2907.90689962717,1982.292231399777,31308.738718509674,248396.28330254555,1,1,2,0,2,0,0,1,5,94.41,Padang,43000.0,ZNT
100.52459487127805,-0.9221796748331907,0.9801230629285177,13.062032009666547,,0.926587700843811,1.0,,,,1919.0615870542292,7061.909272682785,7517.427193424569,3670.0495344400406,30501.33467710018,0,0,0,0,0,0,0,0,0,94.41,Padang,,ZNT
100.42694817735162,-0.4738282591021917,1.0,2.233794023385027,,1.0,,,,0.20000000298023224,44.1776878420002,3706.656770482837,1767.320183069349,15155.700303316116,66941.76714348793,17,1,2,0,0,0,0,40,74,93.65,Padang Panjang,2096000.0,ZNT
100.41650928044642,-0.46463552069360375,1.0,2.7404934146239186,0.8333333730697632,1.0,,,,0.20000000298023224,268.6310072186352,2369.100492068619,526.2418571124814,24884.596138477325,70284.2847121954,55,2,2,0,0,0,0,70,79,93.65,Padang Panjang,833000.0,ZNT
100.40360020802393,-0.46680941985679636,1.0,1.496954919694226,,1.0,,,,,0.1313258487129917,997.9524709442462,745.4248853108058,28761.819949626923,68163.64580872655,68,2,2,0,0,0,0,75,79,93.65,Padang Panjang,1229500.0,ZNT
100.39937306149727,-0.7267237912791005,0.9126779105928209,12.126021444149943,,0.976348340511322,1.0,,,,4668.661951294133,9945.967171525106,13957.836341362317,453.7577879279852,3760.354292988777,0,0,0,0,0,0,0,0,0,87.51,Padang Pariaman,,ZNT
100.37658816807405,-0.5847014612311756,0.9615927073690627,6.333146476835761,,1.0,1.0,,,,1882.075091398478,6498.441496179617,11206.193607271016,897.9869246482849,7061.163050383329,0,0,0,0,0,0,0,0,0,87.51,Padang Pariaman,,ZNT
100.39521055641063,-0.6939015497187815,0.8064119219779968,1.9699753242882208,,0.6901555061340332,1.0,,,,5243.610138254155,10546.36023115554,12288.95549208939,428.8318134844303,3635.0745985358953,0,0,0,0,0,0,0,0,0,87.51,Padang Pariaman,,ZNT
100.12288859303904,-0.588582225920229,0.8965477810965644,1.2486238172528967,0.7777777910232544,0.9683762788772583,,,,,29.850567197354632,3405.051888310837,17844.265918798028,10530.244948625565,61404.27940261364,0,0,0,0,1,0,0,0,2,90.92,Pariaman,326000.0,ZNT
100.17032781123304,-0.637589163469798,0.8547709782918295,0.24277620088422625,0.6296296715736389,0.7978972792625427,,,0.6541675925254822,,19.985983665487066,511.46074625924183,12520.85770174209,14931.50117969513,75044.14270675182,0,0,0,0,0,0,0,0,1,90.92,Pariaman,361000.0,ZNT
100.14460719648825,-0.6257874999236861,0.9267988602320353,0.1560914955982338,0.8095238208770752,0.7628596425056458,,,0.6660000085830688,,178.31396158860372,825.1649057277405,15193.653142356821,25632.21734571457,83645.43333172798,0,0,0,1,1,0,0,1,2,90.92,Pariaman,918000.0,ZNT
100.17582641047206,0.7208251329410104,0.9244420495298173,14.37400215770651,,0.3763808310031891,1.0,,,,2280.1775032276146,52491.19037606879,21800.277434245294,532.063157632947,3600.816754922271,0,0,0,0,0,0,0,0,0,92.5,Pasaman,,ZNT
100.29592728484761,0.3851725666592261,0.9304861492580838,17.862966930481605,,0.25220903754234314,1.0,,,,1394.3287311734348,28356.827979307716,28387.0204068754,875.1003033220768,6184.2188774347305,0,0,0,0,0,0,0,0,0,92.5,Pasaman,,ZNT
100.18295280469344,0.4242576746838457,0.7566287848684523,7.384446943393218,,0.7682328224182129,1.0,,,,84.63059346951479,27783.928592914166,15555.57020554762,660.4150211215019,4530.628919690847,0,0,0,0,0,0,0,0,0,92.5,Pasaman,3000.0,ZNT
99.46367823010596,0.49208355396183145,0.6066051291094886,4.48109990114825,,0.4887506365776062,0.6666666865348816,,,,3429.2644091061256,33361.60698211447,11075.583695195588,352.2584902048111,2869.7915529310703,0,0,0,0,0,0,0,0,0,93.76,Pasaman Barat,7000.0,ZNT
99.51812642093569,0.47016261798745995,0.47292424572838676,2.939358838016004,,0.45084890723228455,0.3333333432674408,,,,213.61849894131507,30394.678376674212,10092.594807476216,348.50215527415276,2887.489308156073,0,0,0,0,0,0,0,0,0,93.76,Pasaman Barat,7000.0,ZNT
99.96069107021766,0.2321449088777125,1.0,15.727579501557999,,0.7499288320541382,1.0,,,,649.3011350215143,21799.31091651723,20199.311941957378,2433.1896194815636,11525.681323081255,0,0,0,0,0,0,0,1,1,93.76,Pasaman Barat,17000.0,ZNT
100.61791344455797,-0.27087246538860493,0.5718326369921366,3.1676061892716048,0.6296296119689941,0.5783528685569763,,,0.5442318320274353,,94.9540204769626,2379.77632896915,3010.8741143653333,11677.746615171432,77170.50509035587,5,0,1,0,2,0,0,1,12,89.35,Payakumbuh,82717.5,ZNT
100.61837629563455,-0.2197479925795924,0.8320639332135519,0.21893700521626838,0.5555555820465088,0.8520943522453308,,,0.6330023407936096,,45.28294928568114,1268.2600617389962,1607.7063381596477,31988.2313952446,122170.84688413143,84,5,5,6,6,0,0,10,11,89.35,Payakumbuh,2211500.0,ZNT
100.61228794951528,-0.26895430709960155,0.7139249642690023,1.7760185282812846,0.75,0.6465912461280823,,,0.5338292121887207,,127.25414156679756,2039.9294328657613,2753.5146872607243,12560.39225935936,76996.62665867805,6,1,1,0,1,0,0,1,13,89.35,Payakumbuh,563000.0,ZNT
100.76887400976678,-1.2799772745979319,0.9341601795620389,17.471512676810903,,0.971081018447876,1.0,,,,9962.899428030767,24322.99749005255,38621.34817656526,728.7875120937824,4222.150152891874,0,0,0,0,0,0,0,0,0,91.92,Pesisir Selatan,,ZNT
100.65054888527534,-1.5714480504675565,0.846193532148997,0.4126370150894209,0.654321014881134,0.901136577129364,,,0.5889033675193787,,16.599265458636992,24718.137746665354,45909.81310209243,3096.7935314774513,10393.741242796183,0,0,0,0,0,0,0,0,0,91.92,Pesisir Selatan,197000.0,ZNT
100.96428464574588,-1.9504331298992441,0.820897744761573,6.85059139750478,,0.873186469078064,0.3333333432674408,,,,1650.2668402680258,39575.38009311873,8335.353524446926,1331.756488442421,10111.761692896485,0,0,0,0,0,0,0,0,1,91.92,Pesisir Selatan,,ZNT
100.71922057464643,-0.7014284818958579,0.8308752907647027,3.962837012975195,,0.8611093163490295,1.0,,,,7.750883109910781,5346.8103039154485,5573.978446258674,1394.8035965561867,8674.600522577763,0,0,0,0,0,0,0,0,0,94.3,Sawahlunto,11000.0,ZNT
100.77826310051377,-0.6218360982407657,0.8853563533888923,4.800931598059532,,0.5639565587043762,1.0,,,,451.00200418669283,6788.553608828083,6685.517262229358,8038.785696029663,38564.50079506636,0,0,0,0,0,0,0,0,0,94.3,Sawahlunto,156500.0,ZNT
100.78846483889191,-0.7451592115948695,0.9130187431971232,10.372880242709762,,0.7770107984542847,1.0,,,,808.6583751387468,3693.207222617784,3550.132248453194,990.8224651217461,10243.073321461678,0,0,1,0,0,0,0,0,1,94.3,Sawahlunto,24500.0,ZNT
101.11947770692115,-0.7429322533448318,0.3333333432674408,7.130786951681966,,0.17880715429782867,0.3333333432674408,,,,1469.239983229426,37023.987232099615,22905.30880219577,1079.4478665292263,8708.23735973239,0,0,0,0,0,0,0,0,0,94.68,Sijunjung,9000.0,ZNT
100.97836026640134,-0.4324962830505823,0.40845852593580884,2.1053317589980054,,0.17872731387615204,0.3333333432674408,,,,7046.855665522256,35721.57337975296,25744.64958854387,152.3209337219596,1264.6125202961266,0,0,0,0,0,0,0,0,0,94.68,Sijunjung,,ZNT
101.1616741619958,-0.6997611327600008,0.3333333432674408,7.321091804879862,,0.1240430697798729,0.3333333432674408,,,,1878.5838488452284,41577.27820722203,26012.910959495748,663.9358833432198,4784.5194419026375,0,0,0,0,0,0,0,0,0,94.68,Sijunjung,,ZNT
100.97052045065405,-0.8949125762114518,0.4269942111439175,5.93039934118038,,0.3989909291267395,0.418781578540802,,,,4484.085518725323,28740.78995627872,26572.775551181145,644.8689628839493,4308.580548927188,0,0,0,0,0,0,0,0,0,93.03,Solok,,ZNT
100.61233305361534,-0.8489857491413368,0.9946384893523322,6.459372119125729,,0.999991774559021,0.3333333432674408,,0.6660000085830688,,54.936413242162935,8372.387059911916,8382.99586831433,3194.7931702136993,24479.226313352585,0,0,0,0,0,0,0,0,2,93.03,Solok,256785.0,ZNT
100.8071360999827,-1.015875505080399,0.9623234536912706,3.451272326160221,,0.9804174304008484,0.3333333432674408,,,,898.2738564776552,28176.479352261464,28423.106624079595,1590.1490660309792,14748.025445520878,0,0,0,0,0,0,0,0,0,93.03,Solok,78052.0,ZNT
101.12582406850295,-1.3499433344551348,0.9676436848110623,12.88239783291443,,0.9873307943344116,1.0,,,,2262.4796041414284,47082.47262717554,16450.114668690545,269.43138648569584,1830.277753047645,0,0,0,0,0,0,0,0,0,92.42,Solok Selatan,,ZNT
101.25797216392962,-1.2086248943612659,0.627220117383533,2.6477205063056557,,0.3075874447822571,0.6666666865348816,,,,4325.6974458046,60383.932033857345,37689.385076982966,115.67762043699622,940.8445818088949,0,0,0,0,0,0,0,0,0,92.42,Solok Selatan,,ZNT
101.03622275427358,-1.4010921692292344,1.0,9.26556969493004,,1.0,1.0,,,,348.1672279159649,46222.58401691864,8880.842436074663,610.4198481738567,6420.59506380558,0,0,0,0,0,0,0,0,1,92.42,Solok Selatan,8000.0,ZNT
100.75044514100179,-0.5146774745179272,0.4194741878244612,4.694711526451531,,0.7194997668266296,1.0,,,,1002.1071583132447,18454.63217252859,11011.836762744932,2170.747815966606,19360.797741174698,0,0,0,0,0,0,0,0,2,91.39,Tanah Datar,29000.0,ZNT
100.84369744975561,-0.5210174283803606,0.3333333432674408,4.0810929092318995,,0.32851797342300415,0.3333333432674408,,,,984.6532788763828,19462.770692499387,18188.76231070552,1216.5289300978184,9642.63948598504,0,0,0,0,0,0,0,1,1,91.39,Tanah Datar,14000.0,ZNT
100.58153330774076,-0.479464454049067,0.9953970445526971,1.6676687199685638,,1.0,0.3333333432674408,,,,86.48310308292966,2748.72998418,2515.413141196177,9085.12459897995,54737.708597540855,1,1,5,0,0,0,0,4,23,91.39,Tanah Datar,558000.0,ZNT
104.48949459668832,-2.167384799551251,0.3045267429616716,0.05111211055702013,,0.0,,,,,6778.1374740660385,49855.73522153436,70923.10885562505,78.04482968896627,607.2616549246013,0,0,0,0,0,0,0,0,0,93.55,Banyu Asin,,ZNT
104.6968290996264,-2.263669973167415,0.8617034488254123,0.02525626728172202,0.6790123581886292,0.0,,,,,54.43487052638384,24470.786879282816,62503.84332751816,592.473520681262,3512.6734143197536,0,0,0,0,0,0,0,0,0,93.55,Banyu Asin,112000.0,ZNT
104.81125782505597,-2.2049898852746246,0.3303404384189182,0.6431330068086322,,0.0,,,,,7774.70202775709,20100.673223832313,48439.580765526225,99.95265129953623,687.0600511059165,0,0,0,0,0,0,0,0,0,93.55,Banyu Asin,,ZNT
102.80039161429059,-3.933088263569805,1.0,12.182410500950272,,1.0,1.0,,,,2771.776362443044,49728.06840968433,28701.572504565327,1044.489630073309,4776.16183924675,0,0,0,0,0,0,0,0,0,87.42,Empat Lawang,,ZNT
102.75589399695197,-3.74661938966256,0.9941546122233073,1.23487420385082,,0.999984085559845,0.3333333432674408,,,,1651.6931431952917,37777.4722900657,36524.68007702158,1685.5721045732498,9481.633884817362,0,0,0,0,0,0,0,0,1,87.42,Empat Lawang,44000.0,ZNT
102.83040120291847,-3.9532052881341415,1.0,16.389422816143732,,1.0,1.0,,,,2834.177471881271,49544.970437566764,30223.061731055215,603.9516554772854,3949.8086398541927,0,0,0,0,0,0,0,0,0,87.42,Empat Lawang,,ZNT
103.31781557813238,-3.556053043942603,0.5998472902509902,0.4469750755483288,,0.6258537173271179,,,,,291.3849134676741,12972.474090379592,35643.30265869871,615.898215726018,3777.5049215108156,0,0,0,0,0,0,0,0,0,85.13,Lahat,6000.0,ZNT
103.1935246127436,-3.593689945959206,0.5761050085226694,0.4132406176190385,0.7222222089767456,0.5502454042434692,,,,,218.87541402925586,3624.425446827115,43819.50306307612,902.9110359251499,7874.559122979641,1,0,0,0,0,0,0,2,2,85.13,Lahat,6000.0,ZNT
103.49708145850639,-3.81636671384124,0.43064160810576546,1.7471553994169338,,0.4276313781738281,0.3333333432674408,,,,891.9713879766028,5364.198963947947,4879.099079344089,1545.8670246303082,17014.072199881077,0,0,1,0,0,0,0,0,0,85.13,Lahat,4000.0,ZNT
102.86023008300602,-3.279353710869547,0.6768392092651792,7.530115851211188,0.7037037014961243,0.7788741588592529,,,,,35.016141555815615,1630.9435332122634,1977.902717514123,23156.92315030098,77998.66278535128,34,3,3,4,4,0,0,2,5,90.46,Lubuklinggau,237000.0,ZNT
102.88658089292161,-3.3472533664804387,0.6710922651820712,0.5337676083273398,,0.7996825575828552,,,,,901.7656000364908,6473.506464580207,6161.425721239211,2467.467207670212,16371.815184056759,0,0,0,0,0,0,0,0,0,90.46,Lubuklinggau,6000.0,ZNT
102.85943733960535,-3.2549246239403207,0.5554428961541917,0.6120111956738598,,0.6795644760131836,,,,,363.7213424722975,4316.576846334354,4165.214768989902,8106.111312031746,58307.06482964754,0,0,3,0,4,0,0,0,2,90.46,Lubuklinggau,98500.0,ZNT
104.34914016116103,-3.023613530067548,0.8529233932495117,0.19658843719717867,0.8518518805503845,0.0,,,0.33399999141693115,,1450.3168613762004,26808.61858118765,17358.76720437794,658.5485896170139,3379.470805644989,0,0,0,0,0,0,0,0,0,96.14,Muara Enim,12000.0,ZNT
104.34995414624113,-3.4713244075079315,0.7070707082748413,0.2809722966252535,,0.01968172751367092,,,,,933.8430678848375,12673.36479035884,26835.64196287893,1431.6474270224571,10527.923750579357,0,0,0,0,0,0,0,0,0,96.14,Muara Enim,8500.0,ZNT
103.92425829634027,-3.8927433279435184,0.8483467565642463,0.4028328008962631,,0.36827707290649414,,,,,1.7946968877525997,24948.192419613482,19996.335104585327,219.16887103021145,1434.145271614194,0,0,0,0,0,0,0,0,0,96.14,Muara Enim,,ZNT
104.03868176314809,-2.6246316610881544,0.7579498688379923,0.3536346037031902,0.9259259104728699,0.0,,,,,825.5824455294338,34277.78839414805,33816.24715785302,618.1630251407623,4363.792651101947,0,0,0,0,0,0,0,0,0,94.16,Musi Banyuasin,,ZNT
103.55587003408012,-2.2068214822076024,0.9084720744027032,0.46826151489171086,0.9753086566925049,0.0,,,,,780.5493135324414,66963.65466126859,20246.869880021946,142.98466643691063,942.0410119891167,0,0,0,0,0,0,0,0,0,94.16,Musi Banyuasin,,ZNT
103.9913020626421,-1.8644674809678041,0.9999959667523702,0.25517663566769516,0.46666669845581055,0.0,,,,,7651.297134505802,50394.43071857541,19467.004229295562,102.8155570551753,788.889244992286,0,0,0,0,0,0,0,0,0,94.16,Musi Banyuasin,,ZNT
102.63819963704907,-2.7141623694000403,0.5811225573221842,1.3966439701448878,,0.39644500613212585,,,,,3815.1141916073993,69133.62944753231,61798.07747518824,271.38810630887747,2505.4338859543204,0,0,0,0,0,0,0,0,0,92.86,Musi Rawas,,ZNT
102.53494132960182,-2.959452312987138,0.9298555321163602,14.120355121708453,,0.6797488927841187,1.0,,,,13076.644675476333,52122.58474026333,50661.76685783266,97.5164322592318,701.5133673660457,0,0,0,0,0,0,0,0,0,92.86,Musi Rawas,,ZNT
102.65932218790863,-2.829889897159278,0.617661092016432,0.9361205317067894,0.460317462682724,0.5737854838371277,,,,,7572.47288100487,56346.94972229752,49836.81852567689,452.8105480968952,4959.267210379243,0,0,0,0,0,0,0,0,0,92.86,Musi Rawas,,ZNT
104.54494343523058,-3.524628136239989,0.8042936788664924,0.2911637398000606,0.8333333730697632,0.0,,,,,30.73195933108736,29579.505249575985,33471.78521436475,2285.030687689781,10295.235340863466,0,0,0,0,0,0,0,0,0,85.76,Ogan Ilir,6071.0,ZNT
104.62434673700521,-3.1651420924304148,0.815124962064955,0.11031435283548185,1.0,0.0,,,,,22.21514341972795,4320.896696415107,5617.079432816121,1527.8491706848145,19693.44621938467,0,0,0,0,0,0,0,0,0,85.76,Ogan Ilir,126081.0,ZNT
104.42619310422113,-3.541357126686753,0.7504950960477194,0.5193734688169301,0.9753086566925049,0.004825365263968706,,,,,58.47060165299498,17728.695700389682,32976.21615394064,1620.2953242063522,11751.608879804611,0,0,0,0,0,0,0,0,0,85.76,Ogan Ilir,10000.0,ZNT
105.73237333876092,-2.8050616139686313,0.94069594807095,0.17888112244206766,1.0,0.0,,,,,10481.431992331905,51898.87904655676,40452.745747451394,183.64361578971148,1276.0466929450631,0,0,0,0,0,0,0,0,0,93.14,Ogan Komering Ilir,,ZNT
105.91898570385646,-3.8719349444359814,0.8490471972359551,0.07625587763520483,1.0,0.0,,,,,2735.703690335813,54949.26604784957,84272.54185987316,118.15773632377386,667.1490295678377,0,0,0,0,0,0,0,0,0,93.14,Ogan Komering Ilir,,ZNT
105.47577203019834,-2.576022549101829,0.9861559006902907,0.009869885399861765,1.0,0.0,,,,,9605.689959463956,25208.52217267535,58462.165574147606,253.94568394869566,1648.3938638791442,0,0,0,0,0,0,0,0,0,93.14,Ogan Komering Ilir,,ZNT
103.98550857751775,-4.160359186973119,0.557493593957689,0.8211868299087228,,0.3058634400367737,0.3333333432674408,,,,5175.402604293559,19803.505968874193,17602.224030381276,592.094983547926,2808.4565379992127,0,0,0,0,0,0,0,0,0,85.79,Ogan Komering Ulu,,ZNT
104.28089216861551,-3.8615715598553475,0.8673050734731886,0.245006938376086,1.0,0.20239809155464172,,,,,253.88906447800528,9351.99173186396,16473.39861090868,490.4780816435814,4505.024348914623,0,0,0,0,0,0,0,0,0,85.79,Ogan Komering Ulu,,ZNT
104.47098616794442,-3.8457181705125185,0.6846240162849426,0.20468089808038203,0.5308642387390137,0.09001757204532623,,,,,201.79316532731198,11127.519030066034,32333.242484955776,848.6113960444927,4785.379866212606,0,0,0,0,0,0,0,0,0,85.79,Ogan Komering Ulu,6465.0,ZNT
103.46028002310867,-4.39242614245832,0.9799742036395602,9.847317559418565,,1.0,1.0,,,,5233.766231597547,67580.91256101902,32684.389434026354,736.3713879585266,3618.310041964054,0,0,0,0,0,0,0,0,0,93.09,Ogan Komering Ulu Selatan,,ZNT
103.8616409050679,-4.827038266218963,1.0,12.408031546961569,,0.9524073600769043,1.0,,,,2876.230662657723,78200.82631332964,31545.825562266695,774.204636901617,4871.853647440672,0,0,0,0,0,0,0,0,0,93.09,Ogan Komering Ulu Selatan,,ZNT
103.87288458286623,-4.883381284137032,0.9850311345524259,15.960770936939658,,1.0,1.0,,,,1094.6849917274255,81884.23419796165,26560.706494220354,250.20683407783508,1868.6611029952765,0,0,0,0,0,0,0,0,0,93.09,Ogan Komering Ulu Selatan,130000.0,ZNT
104.8312806308083,-4.051000613897477,0.8476119438807169,0.6082528058567346,,0.01545912865549326,,,,,1081.6517066088752,50751.37331062938,20878.5382252958,1257.4183226525784,11201.0173150599,0,0,0,0,0,0,0,0,0,93.19,Ogan Komering Ulu Timur,16000.0,ZNT
104.34294260943241,-4.042364832464608,0.8890135950512357,0.40743117843162885,1.0,0.18054834008216858,,,,,883.1353387106985,8014.974165737324,20985.483543838163,2225.516887038946,14188.35787859559,0,0,0,0,0,0,0,0,0,93.19,Ogan Komering Ulu Timur,20783.0,ZNT
104.35006702739646,-4.041111136934207,0.6799387203322517,0.5581955349189567,0.9365079402923584,0.14700093865394592,,,,,228.05710498605504,8494.664101032104,21735.3652171521,2668.2625716030598,14829.717711597681,0,0,0,0,0,0,0,0,0,93.19,Ogan Komering Ulu Timur,20783.0,ZNT
103.17186732947754,-4.00084075923512,0.7508444984753927,11.25147286536741,,0.8445774912834167,0.3333333432674408,,,0.10000000149011612,1261.0813772593895,39118.883917057225,8983.688836846763,2148.583237975836,20694.57365217805,0,0,0,0,0,0,0,0,3,92.25,Pagar Alam,91500.0,ZNT
103.16125865076789,-4.072740726320232,0.9994754393895467,6.285631231304171,,1.0,0.3333333432674408,,,0.10000000149011612,84.97972439701155,47054.90071697334,12299.973663332612,4928.8138555288315,23515.07507160306,0,0,0,0,0,0,0,2,4,92.25,Pagar Alam,236000.0,ZNT
103.25951295756376,-4.113209294401579,0.8743592037094964,3.2946721792414366,,0.9226526618003845,,,,,161.65290643191065,47144.53499733672,11538.436020197794,2748.576870560646,15525.573685705662,0,0,0,0,0,0,0,0,0,92.25,Pagar Alam,52500.0,ZNT
104.63518269607782,-2.956165739341857,0.7118272715144687,0.06833270258891917,0.7777777910232544,0.0,,,,,35.6500124432564,9227.948053897275,6660.879082058465,2892.301235437393,56785.22418797016,0,0,0,0,0,0,0,0,0,88.67,Palembang,521000.0,ZNT
104.71466679646751,-2.9534767241447817,0.864945756064521,0.09265899744325908,0.8765432238578796,0.0,,,,,67.16342110508788,1772.49318378568,2039.6366559122332,88597.76006889343,489312.3296546936,6,8,16,0,0,0,2,14,35,88.67,Palembang,2019000.0,ZNT
104.72494511435029,-2.9683428859600385,0.9122085107697381,0.22170757607041816,0.644444465637207,0.0,,,,,2.2191111761228752,748.6138408050284,1049.7709608502712,161352.36988067627,654901.9474430084,32,11,17,0,7,2,4,31,44,88.67,Palembang,3825000.0,ZNT
104.25558239691632,-3.4991719486341766,0.48953693442874485,0.8754161852388099,,0.024813231080770493,,,,,501.08728696519165,5029.567231954509,27119.508718972334,5450.659994125366,27780.83546090126,2,0,0,0,0,0,0,1,2,87.62,Prabumulih,22000.0,ZNT
104.26694179396598,-3.4364598771219113,0.7599273125330607,0.3574716959110067,0.8730158805847168,0.020633116364479065,,,,,19.275159955172114,2888.382715439468,28212.914132227244,7515.101232051849,70894.15213227272,4,0,0,0,0,0,0,0,2,87.62,Prabumulih,237000.0,ZNT
104.21626458661534,-3.375772646917321,0.7396184139781528,0.16298704269116177,0.8518518805503845,0.012387808412313461,,,,,374.65472887488403,6862.339012972487,28174.750903387507,3071.9673008322716,20180.012789279222,0,0,0,0,0,0,0,0,0,87.62,Prabumulih,113000.0,ZNT
99.78934117873044,2.851791431193557,0.7235642870267233,0.08560955574242474,1.0,0.08253591507673264,,,0.03831661865115166,,128.26483038321865,13279.638660014498,24973.241830440136,1840.1065431833267,13645.813319683075,0,0,0,0,0,0,0,0,0,92.16,Asahan,,ZNT
99.7057405328225,2.7247076835673165,0.6170478132035997,0.32851230918637825,0.5555555820465088,0.1376543790102005,,,0.08244334161281586,,845.5188079817852,10323.374016206459,9423.800947771968,1348.0171396136284,10474.578667670488,0,0,0,0,0,0,0,0,0,92.16,Asahan,,ZNT
99.97968493504018,2.943481989626615,0.522241837448544,0.08880488547772646,0.6507936716079712,0.0,,0.0,,,578.4064866771814,19024.348033272512,47890.505328402905,1335.049739420414,4198.834270179272,0,0,0,0,0,0,0,0,0,92.16,Asahan,,ZNT
99.55123324504586,3.2355429767475457,0.8388826582166884,0.13727797876659276,0.8024691343307495,0.05749873071908951,,,0.028884269297122955,,246.93918749966423,12839.084979750758,3700.627066107974,5566.619589567184,31304.92224776745,0,0,1,0,0,0,0,0,1,88.63,Batu Bara,226242.5,ZNT
99.52021975243456,3.109165705532533,0.6611927615271674,0.2686548467087102,0.7530864477157593,0.06556447595357895,,,,,31.00458448320353,2385.5281483435406,8411.745963486921,3397.387335419655,26185.107389748096,0,0,0,0,0,0,0,0,1,88.63,Batu Bara,144142.0,ZNT
99.46081228363833,3.195382648306242,0.5523040261533525,0.1988763584851251,,0.1293666958808899,,,,,133.85156253560464,5873.681908335478,3346.7254907084994,5251.519849658012,29652.848386108875,0,0,1,0,0,0,0,0,0,88.63,Batu Bara,,ZNT
98.24033198453752,2.8438237878166612,1.0,4.992974045799896,,1.0,0.6666666865348816,,,,190.54861279683476,32363.08069939579,33432.787101426846,2742.962745845318,16950.940665245056,0,0,0,0,0,0,0,0,0,99.72,Dairi,,ZNT
98.361318264469,2.928978012472452,0.9720666805903116,10.830330558145265,,0.952023983001709,1.0,,,,4009.8907897202134,18774.88754271832,23649.412663198924,475.80419085919857,3510.436703622341,0,0,0,0,0,0,0,0,0,99.72,Dairi,,ZNT
98.27072897321949,2.814566260632699,1.0,1.8777818765208254,,1.0,,,,,120.10468483237491,29865.183575423733,29396.74729930991,2895.5179046988487,18709.280566573143,0,0,0,0,0,0,0,0,0,99.72,Dairi,,ZNT
98.80851548263117,3.574954633227426,0.8528494768672519,0.18075389623056975,0.6296296715736389,0.20878668129444122,,,0.47602224349975586,,54.23987572900312,4061.157985950103,5630.792999249906,27034.78813791275,166680.25070810318,2,0,0,0,0,0,0,0,3,90.09,Deli Serdang,500000.0,ZNT
98.7022561126582,3.159270818348298,0.42484864592552185,2.419223831165897,,0.11881156265735626,0.3333333432674408,,,,183.90620773026896,21731.218312919962,24384.915997589786,1931.6852961182594,10395.676080673933,0,0,0,0,0,0,0,0,0,90.09,Deli Serdang,5000.0,ZNT
98.80480367454325,3.6054578674283664,0.8443696167733934,0.04570368419968349,0.9259259104728699,0.1722736656665802,,,0.46010592579841614,,43.861448597486344,730.7224546530961,5584.700555919176,36176.85886287689,155047.35369610786,1,0,0,0,0,0,0,2,4,90.09,Deli Serdang,310000.0,ZNT
97.52483324565708,1.4103918389008303,1.0,0.15906557799049187,0.8765432238578796,1.0,,,,,1126.7879565383369,100468.90283695955,7256.953040615196,2955.6281579732895,13564.248968303204,0,0,0,0,0,0,0,0,0,100.15,Gunungsitoli,44000.0,ZNT
97.55884373446996,1.3332248665160755,1.0,1.355724028367185,,1.0,0.3333333432674408,,,,402.9216034473924,107653.87747760868,3099.640064690801,3918.4532257318497,24185.04100561142,0,0,1,0,0,0,0,0,0,100.15,Gunungsitoli,55000.0,ZNT
97.59926759273442,1.2364419379323772,1.0,1.1775119989131013,,1.0,0.6666666865348816,,,,256.7412933243163,117151.55048846987,14223.29223744586,3961.8760902881622,35634.28956437111,0,0,0,0,0,0,0,0,0,100.15,Gunungsitoli,,ZNT
98.80592265636528,2.274440752473487,0.9904222157266405,2.1343851707012083,,1.0,,,,,162.7717107371502,42539.20901521245,6186.434746282946,2794.830487072468,17253.90050369501,0,0,0,0,0,0,0,0,0,95.54,Humbang Hasundutan,27500.0,ZNT
98.44587934115293,2.369594836320251,0.8324604829152426,2.9747922344573294,,0.9347434043884277,0.3333333432674408,,,,542.750295119646,55543.201147870175,24440.018745427547,898.189200669527,5662.1110971421,0,0,0,0,0,0,0,0,0,95.54,Humbang Hasundutan,5042.0,ZNT
98.62010588669612,2.093515187684406,0.7777777910232544,12.001325278711429,,0.6398454904556274,1.0,,,,1253.998943200896,43409.87801656766,23826.73453407703,913.5098206996918,5392.262033715844,0,0,0,0,0,0,0,0,0,95.54,Humbang Hasundutan,7403.5,ZNT
98.40565315320521,3.006460019337262,0.4580528173181746,3.662135466631351,,0.6471900939941406,0.3333333432674408,,,,1540.7352168103353,18259.15248969032,13890.439587155537,854.051017254591,8398.748833417892,0,0,0,0,0,0,0,0,0,98.89,Karo,24955.0,ZNT
98.40971751252351,2.9989630817017847,0.8106967276997037,1.5598539481476341,,0.9277366995811462,0.2922913432121277,,,,1886.476929534802,17366.567573985303,14214.65666498579,705.8472063541412,7047.203826203942,0,0,0,0,0,0,0,0,0,98.89,Karo,,ZNT
98.28211390809378,3.1118956008809877,0.8195320897632175,1.6217878371550083,,0.9964175820350647,,,,0.20000000298023224,47.16268301692949,26650.29723966262,19059.32843936246,4964.362355470657,22500.67789298296,0,0,0,0,0,0,0,0,0,98.89,Karo,57000.0,ZNT
98.4643632564834,3.5781423390721816,0.5738870170381334,0.4272294200704581,,0.35104697942733765,,,0.18669869005680084,,84.83766175059016,2917.8751543693747,3371.865950985576,26088.755504369736,190457.26343667507,0,0,2,0,2,0,0,0,1,90.24,Kota Binjai,243500.0,ZNT
98.51775346231348,3.624508892872979,0.9048510061370002,0.159103417210307,0.8024691343307495,0.2959156632423401,,,0.5777807831764221,,5.332169298774293,2742.1112438177834,2138.7442327092954,55792.56887578964,271444.9358086586,2,1,3,0,1,0,0,0,1,90.24,Kota Binjai,395000.0,ZNT
98.46023387423298,3.5536298599596465,0.5578002201186286,0.39272420352376625,,0.40750280022621155,,,,,66.87370779456779,5548.532257526586,5947.952277181656,7004.938218593597,81102.23474311829,0,0,0,0,0,0,0,0,0,90.24,Kota Binjai,109500.0,ZNT
98.63463659686713,3.5367726423558725,0.8989899158477783,0.2903357618088271,,0.36332857608795166,,,,,87.84730337160492,2145.3327503784853,1846.7636554046721,86465.19235610962,523914.2110490799,3,3,8,1,5,0,1,8,12,93.52,Kota Medan,1387000.0,ZNT
98.67815032581392,3.557995618620567,0.9012345737881131,0.19615163552127857,1.0,0.3197370171546936,,,0.5439896583557129,,3.24130992675957,2008.9238407672183,1522.434171218447,133390.7770614624,775370.8326873779,95,13,44,11,23,5,13,48,70,93.52,Kota Medan,17375500.0,ZNT
98.67677315833997,3.7216293099879896,0.8883900708622403,0.06359043051304387,0.7037037014961243,0.175913468003273,,,0.07856158167123795,,0.3695437701633415,1527.3331547058815,1503.3453869069363,87176.09339141846,398014.1812865734,20,3,6,0,0,0,0,15,20,93.52,Kota Medan,539000.0,ZNT
99.780258700327,2.995651930810197,0.877540840042962,0.07682788419547708,1.0,0.03141442686319351,,,0.015095475129783154,,433.13161611676514,3519.84060975921,30846.75720117814,25141.93839943409,130150.40981036425,0,0,0,0,0,0,0,0,0,94.46,Kota Tanjungbalai,270000.0,ZNT
99.81648323602211,2.9469749072076126,0.751839366224077,0.10587390382723882,0.7037037014961243,0.0411892905831337,,,0.01942898891866207,,50.86865059130272,3226.4856700840796,34867.08084690205,17274.915091514587,147441.87197214365,1,0,0,0,0,0,0,2,2,94.46,Kota Tanjungbalai,371000.0,ZNT
99.80753509588756,2.9739446686699877,0.8737997346454196,0.12294177664697145,0.9259259104728699,0.029654040932655334,,,0.01439104974269867,,152.74608108443695,925.4016584821217,34643.79410810939,47885.309933662415,173418.3999607563,0,0,0,0,0,0,0,2,2,94.46,Kota Tanjungbalai,444000.0,ZNT
100.28405406209296,2.3522340346336583,0.812292132112715,0.048421866265776534,,0.011029696092009544,,,0.337058424949646,,62.991429496898334,51704.803879379244,48454.612254414904,718.4201464354992,5143.880172371864,0,0,0,0,0,0,0,0,0,96.1,Labuhanbatu,11000.0,ZNT
100.14755158240507,2.395443093572907,0.7616960008939108,0.042200165360836,0.6419753432273865,0.0603487603366375,,,0.38773706555366516,,62.11799511439585,37454.22715657041,40990.8076090925,1369.5093515515327,8781.015059947968,0,0,0,0,0,0,0,0,0,96.1,Labuhanbatu,12000.0,ZNT
100.06907521544328,2.3851522779707466,0.5898491276635064,0.05693732335944593,0.7777777910232544,0.06732732057571411,,,0.035975635051727295,,236.3300770570066,28730.54583779143,34246.92886148137,1661.7783550024033,11331.171001762152,0,0,0,0,0,0,0,0,0,96.1,Labuhanbatu,10000.0,ZNT
100.12534354386115,1.7855316799396466,0.6305972933769226,0.5723839609148956,,0.11313547939062119,,,,,643.6272611396536,49754.10940248407,12538.853789489367,1286.1329619586468,7081.907973527908,0,0,0,0,0,0,0,0,0,97.11,Labuhanbatu Selatan,11000.0,ZNT
100.33878257970592,1.7282584424378538,0.7337938480907016,0.2049643244560631,,0.039513930678367615,,,,,185.130886232231,71754.51746900425,2179.800800801531,1736.4616519212723,10282.256247907877,0,1,1,0,0,0,0,0,0,97.11,Labuhanbatu Selatan,8000.0,ZNT
100.28879635918392,1.6538811534342244,0.66859413517846,0.5228224698817101,,0.03508748859167099,,,,,45.51812892770428,72918.77518175394,11638.645814342412,686.9541950821877,6181.318943917751,0,0,0,0,0,0,0,0,0,97.11,Labuhanbatu Selatan,8000.0,ZNT
99.76246156027776,2.5433508179109063,0.7283950646718343,0.1973937020381522,0.8271604776382446,0.1345062255859375,,,0.08132820576429367,,218.0244381348215,10888.840777896714,12377.155130932837,2116.561644256115,16242.344826996326,0,0,0,0,0,0,0,0,0,97.14,Labuhanbatu Utara,7000.0,ZNT
99.69489533189923,2.4447065990459134,0.7635615401797824,0.22790448575953182,0.9259259104728699,0.23730970919132233,,,,,767.9630768802577,5640.999447327857,9518.328628884588,2356.919903576374,16162.68359375,0,0,0,0,0,0,0,0,0,97.14,Labuhanbatu Utara,8000.0,ZNT
99.80077433203151,2.2314004768042452,0.6460268961058723,0.34458092708783006,,0.20046590268611908,,,,,197.67617804657505,3972.5987916686063,12681.856563287007,2315.877592921257,18781.054203927517,0,0,0,0,0,0,0,0,0,97.14,Labuhanbatu Utara,10000.0,ZNT
98.3807790498172,3.9742042974214753,0.7899987631373935,0.04799408062096236,0.9012345671653748,0.18018893897533417,,,0.09701045602560043,,411.64656129165934,2222.5044768934254,9339.970428950528,6662.050741672516,31006.743371009827,0,0,0,0,0,0,0,0,0,94.5,Langkat,,ZNT
98.25219672636965,3.3761960829392783,0.4780415892601013,1.5729852450904918,,0.588701605796814,0.3333333432674408,,,,79.43046561360121,33006.73282322846,22879.518646432112,1141.0167285501957,7163.876220330596,0,0,0,0,0,0,0,0,0,94.5,Langkat,39923.0,ZNT
98.3417905484391,3.327718795747325,1.0,6.619763735048293,,0.36598271131515503,1.0,,,,781.7559826964388,21747.33473592295,18977.89074018315,491.9186400473118,4006.097869127989,0,0,0,0,0,0,0,0,0,94.5,Langkat,,ZNT
99.23134792416133,0.9331067377463275,0.7278340425756242,1.2029412386993377,,0.6702171564102173,0.3333333432674408,,,,5720.733810987959,60510.871554723846,37571.08161710322,186.527954980731,1290.9669073596597,0,0,0,0,0,0,0,0,0,92.39,Mandailing Natal,,ZNT
99.41360169533067,0.9715491954111104,0.9701869156625536,18.89540356179749,,0.61789470911026,1.0,,,,3696.065260218651,46910.06662284532,20353.054284221966,691.9173092246056,4819.581818297505,0,0,0,0,0,0,0,0,0,92.39,Mandailing Natal,,ZNT
99.56532233958475,0.8419632316101553,0.9958211978276571,1.1790209889153955,0.5370370745658875,0.9998035430908203,,,,,34.57603116171947,24917.92620988392,2472.135260789347,15370.421136379242,50362.37609040737,1,3,3,0,0,0,0,2,2,92.39,Mandailing Natal,211020.0,ZNT
97.54290320192293,1.1462635400496355,1.0,1.8199051901903407,,1.0,0.6666666865348816,,,,635.3641913002137,128267.62890648442,23916.040333536628,1353.707877010107,10554.983855843544,0,0,0,0,0,0,0,0,0,102.41,Nias,10000.0,ZNT
97.68952803394735,1.1717978238220925,1.0,5.016173678917823,,1.0,0.3333333432674408,,0.8144444227218628,,50.76644360790262,122784.4442461333,25012.18183631466,5862.194375514984,24924.098833322525,0,0,0,0,0,0,0,0,0,102.41,Nias,,ZNT
97.55496914340327,1.15746876695074,1.0,2.3593430412082244,,1.0,0.6666666865348816,,,,90.80292636116901,126756.11119647518,22562.8717019881,1093.3296418190002,10038.377987623215,0,0,0,0,0,0,0,0,0,102.41,Nias,10000.0,ZNT
97.5774313928487,1.1039497417829782,1.0,2.45814114952203,,1.0,1.0,,,,174.35251760599093,132075.7170913696,28504.58556023746,3052.4987832307816,15425.163121074438,0,0,0,0,0,0,0,0,0,109.37,Nias Barat,,ZNT
97.45537956898286,0.9770715035772751,1.0,1.8776841640794397,0.5185185670852661,1.0,0.3002873361110687,,,,101.31589146991104,148878.75609732556,44338.47264629482,2415.387566924095,14412.553753137589,0,0,0,0,0,0,0,0,0,109.37,Nias Barat,,ZNT
97.53139871835808,0.9452330236343746,1.0,2.4306496709816092,,1.0,,,,,94.8222197016984,150382.33965541836,46290.31385004188,929.7539902031422,9971.400135308504,0,0,0,0,0,0,0,0,0,109.37,Nias Barat,,ZNT
98.41950306179947,-0.2464591458488588,1.0,0.30690436030176577,,1.0,,1.0,,,1121.5186168574412,175567.72889255075,112745.20772253211,343.5476105213165,1214.6198131889105,0,0,0,0,0,0,0,0,0,103.23,Nias Selatan,,ZNT
97.76985767963036,0.587087272832171,1.0,1.9029835634425496,0.8095238208770752,1.0,0.3196665942668915,0.7749449610710144,,,41.45185272051123,169864.86004330227,5844.5987390037035,5728.703212618828,27030.544342160225,2,0,0,0,0,0,0,4,5,103.23,Nias Selatan,89000.0,ZNT
98.24817615574752,0.003445981982670432,1.0,0.23652253118693492,,1.0,,1.0,,,1128.5938480393106,178214.1138662614,79078.8251606465,335.08977603912354,1116.1379095315933,0,0,0,0,0,0,0,0,0,103.23,Nias Selatan,,ZNT
97.3253852508267,1.3765135897425118,1.0,0.16717687535401576,0.8024691343307495,1.0,,,,,442.1120361290197,112641.42484809342,4739.938890206484,1545.1280026137829,7952.54144449532,0,0,1,0,0,0,0,0,0,102.28,Nias Utara,,ZNT
97.43043010470099,1.4456373112860568,1.0,1.2712176096737446,,1.0,,,,,913.1079732461328,100586.35974715537,10091.767973063075,1407.324617087841,10860.908923149109,0,0,0,0,0,0,0,0,0,102.28,Nias Utara,,ZNT
97.366335292612,1.4926014129501368,1.0,1.7335636870762183,,1.0,,,,,1260.5395511222255,99131.65696504962,9024.027650662403,1966.6313309669495,8404.757447630167,0,0,0,0,0,0,0,0,0,102.28,Nias Utara,,ZNT
100.06009042626587,0.8687179506407492,0.6988217367066277,2.755962453757341,,0.2593287527561188,1.0,,,,3623.18755509427,45185.71438395163,26172.612519147897,301.2436415925622,2492.598749667406,0,0,0,0,0,0,0,0,0,93.1,Padang Lawas,,ZNT
99.88102499298178,1.1081313587193595,0.5854300128089057,2.42965964808906,,0.5329351425170898,,,,,404.3892830865352,52631.58180071917,44429.963871974214,528.4030643254519,2414.7628534287214,0,0,0,0,0,0,0,0,0,93.1,Padang Lawas,9301.0,ZNT
99.99241290933223,1.1757430676032454,0.8076617585288154,0.8708186397093627,,0.359102338552475,,,,,485.63350208952653,64774.92587489884,46958.25210549179,376.63031405210495,1956.22643981874,0,0,0,0,0,0,0,0,0,93.1,Padang Lawas,17378.5,ZNT
99.42195716947066,1.4291864608951086,0.9999600715107388,0.7372903734673069,,1.0,0.3333333432674408,,,,149.85867440356617,77664.14457558276,17777.939825604702,2467.198978841305,20286.45802438259,0,0,0,0,0,0,0,0,0,92.42,Padang Lawas Utara,45000.0,ZNT
100.08016198973812,1.46754156208239,0.7646383841832479,0.531154612897974,,0.26131847500801086,,,,,127.77144999950136,77397.32605347439,42129.48098369937,487.8825720399618,4084.31746211648,0,0,0,0,0,0,0,0,0,92.42,Padang Lawas Utara,,ZNT
99.79698157832036,1.6615746429073919,0.6215238836076524,0.2660650242188165,0.5432099103927612,0.43803220987319946,,,,,309.61889628760895,50324.45604302083,41407.40416755308,1637.3675110340118,8203.956384301186,0,0,0,0,0,0,0,0,0,92.42,Padang Lawas Utara,10096.0,ZNT
99.25381749811059,1.412254479081729,1.0,3.364655276879946,,1.0,0.3333333432674408,,,,444.1797363127178,62337.685365969926,1750.6079672944866,11033.525483846664,79617.69064766169,0,1,2,0,0,0,0,0,3,94.64,Padangsidimpuan,84000.0,ZNT
99.31065828775357,1.3176684218495214,1.0,2.83645295421443,0.5555555820465088,1.0,0.3333333432674408,,0.6660000085830688,,285.41762098623013,73662.3292400092,7437.713326727663,10974.61980330944,46638.40734666586,2,0,0,0,0,0,0,1,1,94.64,Padangsidimpuan,,ZNT
99.26969505758528,1.4276740087795499,0.9996604124704996,2.528365366049278,,1.0,0.3333333432674408,,,,292.16006808007273,62876.071491122464,4047.0918458456586,3288.217488884926,55571.764566242695,0,0,1,0,0,0,0,0,2,94.64,Padangsidimpuan,11000.0,ZNT
98.35673654059403,2.553273246567655,0.9856687916649712,3.418281324270737,,1.0,,,,,235.60900063573425,42520.52431525184,2863.458671998372,621.983857229352,5018.918176323175,0,1,1,0,0,0,0,0,0,97.8,Pakpak Barat,11000.0,ZNT
98.11661272604829,2.610724642462129,0.7777777910232544,5.758411015551699,,0.6309806108474731,1.0,,,,581.3288925874218,50293.69430395401,12664.359044566894,349.0624410137534,1921.379196934402,0,0,0,0,0,0,0,0,0,97.8,Pakpak Barat,9000.0,ZNT
98.14161316985947,2.5391087820562883,0.9256191518571641,5.885721114350226,,0.5737214684486389,1.0,,,,1956.9427148230336,46770.662230711096,18806.506387786027,102.50775508955121,756.5411752909422,0,0,0,0,0,0,0,0,0,97.8,Pakpak Barat,,ZNT
99.06508740193284,2.9713128731429426,0.9258012043105232,0.9788972077088682,,0.35959380865097046,,,,,14.016367142067605,499.0915073864727,1765.6311246497628,89475.8902797699,256144.0063211918,8,1,1,0,0,0,0,0,2,90.94,Pematangsiantar,1818000.0,ZNT
99.03664467022482,2.9380464062424387,0.8254146377245585,1.809612416988846,0.6666666865348816,0.3171379566192627,,,,,211.05100794113457,3746.0820015200015,6527.73338311363,31428.56437444687,184328.07403683662,1,0,0,0,0,0,0,0,1,90.94,Pematangsiantar,361000.0,ZNT
99.01978522637833,2.896209229496349,0.7242798341645135,1.2863354932254818,,0.38559335470199585,,,,,184.93681907773453,8485.314897732685,11282.419235784528,4715.346032738686,31362.05568820238,0,0,0,0,0,0,0,0,0,90.94,Pematangsiantar,505500.0,ZNT
98.43413555272838,2.5157749854283047,1.0,3.4264674686104546,,1.0,,,,,2815.788738275432,43492.049877769365,12321.411149936688,130.6774204224348,1070.6088290959597,0,0,0,0,0,0,0,0,0,99.96,Samosir,,ZNT
98.80878363173184,2.6496455017742653,0.4398190246687995,1.3319987047464972,,0.6527970433235168,,,,,615.113774443462,4669.5677066028775,12775.337888403812,808.4221451580524,6424.636910736561,0,0,0,0,1,0,0,0,0,99.96,Samosir,,ZNT
98.80989160327152,2.374007447134671,0.9834014044867622,16.152965720817242,,0.6710658073425293,1.0,,,,35.48664238804989,31547.836930591337,11011.69668659659,1172.501002728939,4551.7976868748665,0,0,0,0,0,0,0,0,0,99.96,Samosir,40000.0,ZNT
98.99810613944543,3.5222613960202764,0.4818330142233107,0.16676567588764893,0.5833333730697632,0.14891722798347473,,,0.07980907708406448,,40.393812798388325,4882.8668578619645,4510.267884727721,5165.755932688713,43529.03186506033,0,0,1,0,0,0,0,0,2,91.69,Serdang Bedagai,41000.0,ZNT
98.92443242717428,3.267340758441237,0.49019094970491195,0.4187654654319015,,0.18732641637325287,,,,,253.727244160288,23510.166625895083,26600.37788590263,1714.0363739728928,10134.569072157145,0,0,0,0,0,0,0,0,0,91.69,Serdang Bedagai,17000.0,ZNT
98.97472737163228,3.5991584241890537,0.7986033293935988,0.06837433385502757,0.8518518805503845,0.10608279705047607,,,0.060357965528964996,,134.73056146947067,4438.290794413055,3733.281722855578,8536.435004711151,78324.87559962273,0,0,1,0,0,0,0,0,8,91.69,Serdang Bedagai,70500.0,ZNT
98.80414127950554,1.7306369552310428,0.5689176751507653,6.6037924350695825,,0.3150988817214966,0.6666666865348816,,0.3961452841758728,,5.515023538328838,1549.5978530187353,2028.726686399003,30461.167043685913,95406.68399006128,2,1,1,1,1,0,0,0,0,100.06,Sibolga,622100.0,ZNT
98.78185418632441,1.7316082329103328,0.9121170997619629,0.978760329773205,,0.8233762979507446,,0.7805052995681763,0.995894193649292,,4.98791575314602,669.193126891811,648.3273112945659,29546.54524421692,77535.24335479736,5,1,1,1,1,0,0,0,0,100.06,Sibolga,2111000.0,ZNT
98.79435158875995,1.7416119269981356,0.7832228342692057,7.020080382355043,,0.4464258551597595,1.0,,0.336760938167572,,361.0085277777948,1176.5211257993042,1131.3163739478275,34724.52311730385,82616.78694450855,5,1,1,1,1,0,0,0,0,100.06,Sibolga,248000.0,ZNT
98.70869192861272,2.930395269166264,0.6172839469379849,1.4842128363419975,,0.35552120208740234,,,,,113.08614779003184,20533.902531683267,10504.500812095512,1413.5888359546661,8920.978903323412,0,0,0,0,0,0,0,0,0,94.39,Simalungun,,ZNT
99.14727826276211,2.749602733180726,0.3743608958191342,2.2668156463681903,,0.2659969925880432,,,,,431.8367895334948,24210.760457106528,9814.155136806992,1019.3626773357391,7944.473309695721,0,0,0,0,0,0,0,0,0,94.39,Simalungun,,ZNT
98.72335285491778,3.0479828511740146,0.359172350830502,2.0864935321611364,,0.27731141448020935,0.3333333432674408,,,,436.7849213940894,27598.30352475908,17029.35183419787,812.1804362535477,5244.037815093994,0,0,0,0,0,0,0,0,0,94.39,Simalungun,,ZNT
99.30479957970054,1.6806678664464694,0.9867607023980882,0.6129834128152727,0.7777777910232544,1.0,0.3333333432674408,,,,431.20456250371427,57411.19805977452,21132.82830827796,1338.7996396422386,6172.828484997153,0,0,0,0,0,0,0,0,0,93.55,Tapanuli Selatan,8917.0,ZNT
99.19277587123523,1.5514439673604967,1.0,8.62882106046757,,1.0,1.0,,,0.20000000298023224,23.541945626713183,48841.76490485949,5910.724996229321,1252.4977494180202,6249.309357076883,0,0,0,0,0,0,0,0,0,93.55,Tapanuli Selatan,40167.0,ZNT
99.30281135827427,1.2630758095841177,0.9856007430288527,7.497312997356049,,0.9654670357704163,1.0,,,,2989.8694970068773,76921.87607247218,12633.035865697419,2115.018729686737,20252.520601511,0,0,0,0,0,0,0,0,1,93.55,Tapanuli Selatan,211000.0,ZNT
98.66576633697927,1.870931679190475,0.9355249669816759,0.22524871479030545,1.0,0.9584451913833618,,,0.665349006652832,,650.0499865474137,19684.50940117704,20193.87816385971,3091.95640707016,18019.237160503864,0,0,0,0,0,0,0,0,0,98.34,Tapanuli Tengah,166000.0,ZNT
98.9594991926679,1.648092503102921,0.92938099304835,14.096543802594608,,0.8637313842773438,1.0,,,,2890.871560726408,20788.353720131367,21532.7268117775,569.2520923316479,3759.5252090618014,0,0,0,0,0,0,0,0,0,98.34,Tapanuli Tengah,5000.0,ZNT
98.65601107102222,1.7902375870714982,0.8628927932845222,0.21211566909919083,,0.918475866317749,,,0.6593853831291199,,40.51550700762926,15321.802645645055,15738.259938000288,1133.980000436306,8348.771723270416,0,0,0,0,0,0,0,0,0,98.34,Tapanuli Tengah,42000.0,ZNT
98.83908204674978,2.040102871440794,0.851199660036299,10.666107950825468,,0.9051955342292786,1.0,,,,732.9131681488443,34016.421768987486,13591.458695611951,333.19017523527145,2593.0257800519466,0,0,0,0,0,0,0,0,0,93.3,Tapanuli Utara,,ZNT
99.14340840625775,1.6774650241479974,0.9804001914130317,5.605299609347713,,0.9959589838981628,0.6666666865348816,,0.6642177700996399,,545.85108557493,39632.4090990652,20818.123975759616,1317.1458166241646,6751.791320309043,0,0,0,0,0,0,0,0,0,93.3,Tapanuli Utara,,ZNT
99.29894942728745,2.0213308724602976,0.7353784640630087,1.1387663960691579,,0.6620007753372192,,,,,349.5574219174118,58889.855414278376,37588.809837235625,1013.8258712887764,5204.2012263685465,0,0,0,0,0,0,0,0,0,93.3,Tapanuli Utara,,ZNT
99.17536273897781,3.3488765484159204,0.7961092326376173,0.27410618720525687,0.7283951044082642,0.17265278100967407,,,,,1.5853691061170765,2548.1383577683564,755.9391756468021,40542.187249183655,199275.95996797085,1,4,5,2,3,0,0,3,3,93.87,Tebingtinggi,375000.0,ZNT
99.1768639380599,3.335441531177823,0.8752961754798889,0.1458108605890403,0.6296296715736389,0.12635260820388794,,,,,2.060168925855407,1314.0982050719826,1735.9719145979343,50448.92904376984,206053.45431804657,14,5,5,3,3,0,0,3,3,93.87,Tebingtinggi,320000.0,ZNT
99.16458830362494,3.3330005642846348,0.9093403418858846,0.25521030688789603,0.654321014881134,0.1674572229385376,,,,,9.694343423422088,804.5407920826201,394.686442938297,93068.08004140854,218239.29791653156,22,5,5,3,3,0,0,3,3,93.87,Tebingtinggi,375000.0,ZNT
99.45951943174198,2.3781715307593565,0.6681852142016093,2.508274842590258,,0.14443930983543396,1.0,,,,2210.4866325053895,27465.950011505094,23857.90079747619,304.58406119793653,1733.2548338472843,0,0,0,0,0,0,0,0,0,95.04,Toba Samosir,,ZNT
99.36878068092543,2.3727609803628056,1.0,12.197303465124758,,0.3238316476345062,1.0,,,,3091.7617197873305,36908.942498291384,32790.750740889045,301.4890271574259,2290.1415705382824,0,0,0,0,0,0,0,0,0,95.04,Toba Samosir,,ZNT
99.21031875433573,2.295491192108204,0.6561733219358656,0.7864458920400942,,0.5549273490905762,0.3036563992500305,,,,261.74720869411397,50816.85563074546,39195.44136876401,754.4028025269508,3674.686156332493,0,0,0,0,0,0,0,0,0,95.04,Toba Samosir,,ZNT
110.34983626331102,-7.910857026680883,0.9276472595002916,0.25902630434278223,0.37037038803100586,0.9753760099411011,,,0.6655501127243042,,65.2398702704404,3298.7958565630474,2374.641192420765,34925.13295841217,202897.07544994354,5,2,5,2,3,0,0,3,10,103.51,Bantul,334000.0,ZNT
110.3224747608256,-7.866656911691945,0.8406285047531128,0.5872346928288884,0.7777777910232544,0.8020195960998535,,,0.646880030632019,,8.92588400160488,1699.1146775960199,3370.5677000959245,33338.86365318298,227399.56108427048,7,0,3,10,14,0,0,6,13,103.51,Bantul,548000.0,ZNT
110.23737069109401,-7.9953035540754,1.0,0.2923089458596558,0.3333333432674408,0.9744409322738647,,1.0,1.0,,161.88368735978045,13404.390406788169,5534.2306926179945,5654.638159036636,42117.210221767426,0,0,0,0,0,0,0,0,2,103.51,Bantul,26000.0,ZNT
110.749740166368,-7.860535827295847,0.6408230629232194,0.6083158793914095,0.841269850730896,0.6585388779640198,,,,,9.99555117869369,12849.247566930499,11260.419446331101,10582.537879705429,51987.96513569355,0,0,0,0,0,0,0,0,0,108.09,Gunung Kidul,253000.0,ZNT
110.50081622346404,-8.062753720498192,0.5675321420033773,1.6621824909091407,,0.6434608101844788,0.3333333432674408,,,,138.81570922114452,13146.795707909294,11372.838382666254,3102.778817176819,18493.267100393772,0,0,0,0,0,0,0,0,0,108.09,Gunung Kidul,120000.0,ZNT
110.47667600763829,-8.057762442388906,0.5216165218088362,0.7835448296153248,,0.6588183641433716,0.3333333432674408,,,,75.0050524729729,12568.197281529663,8674.662876288003,3027.7393654584885,18954.975038707256,0,0,0,0,0,0,0,2,2,108.09,Gunung Kidul,120000.0,ZNT
110.36613701299811,-7.8071820898250825,0.8888888955116272,0.47774046325205066,,0.8636420965194702,,,0.6398353576660156,,17.660431180397318,342.3782610252189,834.3472200642564,155865.97174835205,713593.8666057587,294,12,30,21,35,19,20,19,41,106.34,Kota Yogyakarta,5408500.0,ZNT
110.36719338234661,-7.804661154679838,0.8888888955116272,0.48751946325983836,,0.8636420965194702,,,0.6398353576660156,,0.042268092968748436,272.62480658290514,694.1465372326611,157011.71704101562,721169.3716926575,317,15,30,22,37,19,20,21,43,106.34,Kota Yogyakarta,3300500.0,ZNT
110.38820385231644,-7.787663659986228,0.8888888955116272,0.6485144073566671,,0.8318900465965271,,,0.6384106278419495,,14.181617912587148,519.0474327456307,558.6138986219128,139495.55960845947,724043.1189460754,315,16,35,22,48,9,26,16,53,106.34,Kota Yogyakarta,10886000.0,ZNT
110.06108968346786,-7.875278186802757,0.8225464489724901,0.7175337146458857,0.9753086566925049,0.5140422582626343,,,0.5766199827194214,,3.178993567054619,2431.0802425255397,2854.8780188364517,12474.905003786087,53946.815533041954,1,1,2,0,0,0,0,0,0,103.03,Kulon Progo,638000.0,ZNT
110.20275784896499,-7.810108349769501,0.6596910821066962,0.7784603586013867,0.6111111044883728,0.7185035943984985,,,,,19.29501642117275,3213.340854426951,6285.607561181913,7606.134059429169,65065.131028175354,0,0,0,0,0,0,0,1,6,103.03,Kulon Progo,163000.0,ZNT
110.17931634495922,-7.713148195488811,0.6485640207926432,4.093816750549605,,0.2812037765979767,0.6666666865348816,,,,25.528331014829067,12146.160486101824,5047.394800536854,2784.934550523758,23971.045067310333,0,0,0,0,0,0,0,1,4,103.03,Kulon Progo,228000.0,ZNT
110.27217124130694,-7.753340601066259,0.8125701347986857,0.6019064398807816,0.5185185670852661,0.6918858885765076,,,0.5673191547393799,,10.301045052772968,2300.5731139393874,4392.315898819259,20531.869537353516,125178.3468503952,6,0,1,1,1,0,0,9,13,107.11,Sleman,735000.0,ZNT
110.52197173007639,-7.789658284603727,0.8783821397357516,9.176959914484593,,0.8819611072540283,1.0,,,,55.6677796646542,4317.3881075660765,4223.968604805321,14112.740181446075,121858.85934734344,3,0,1,0,1,0,0,1,6,107.11,Sleman,133000.0,ZNT
110.40667890031189,-7.615370653221193,0.6618780228826735,4.259251469618135,,0.48061010241508484,,,,0.6000000238418579,32.43763803883964,5913.871122159909,7811.791062931011,10400.360933303833,68636.58156776428,0,0,0,0,0,0,0,0,0,107.11,Sleman,461000.0,ZNT
